# albert_park: centreline in race direction, 5 m spacing. Source: TUMFTM racetrack-database (LGPL-3.0) geo-referenced onto OpenStreetMap (ODbL); elevation srtm30m via OpenTopoData
# widths are metres from the centreline to the track edge (TUMFTM only, blank for OSM)
s_m,lat,lon,elev_m,w_right_m,w_left_m
0.0,-37.8500330,144.9689735,10.8,6.34,6.29
5.0,-37.8500010,144.9689335,10.8,6.35,6.31
10.0,-37.8499691,144.9688934,10.7,6.37,6.32
15.0,-37.8499371,144.9688534,10.7,6.38,6.33
20.0,-37.8499051,144.9688133,10.6,6.39,6.34
25.0,-37.8498732,144.9687733,10.5,6.41,6.36
30.0,-37.8498412,144.9687333,10.4,6.42,6.37
35.0,-37.8498093,144.9686932,10.3,6.43,6.38
40.0,-37.8497773,144.9686532,10.1,6.44,6.40
45.0,-37.8497453,144.9686131,10.0,6.46,6.41
50.0,-37.8497134,144.9685731,9.8,6.47,6.42
55.0,-37.8496814,144.9685331,9.6,6.48,6.43
60.0,-37.8496495,144.9684930,9.5,6.50,6.45
65.0,-37.8496175,144.9684530,9.3,6.51,6.46
70.0,-37.8495855,144.9684130,9.1,6.52,6.47
75.0,-37.8495536,144.9683729,8.8,6.54,6.49
80.0,-37.8495216,144.9683329,8.6,6.55,6.50
85.0,-37.8494897,144.9682929,8.4,6.56,6.51
90.0,-37.8494577,144.9682528,8.2,6.57,6.53
95.0,-37.8494257,144.9682128,7.9,6.59,6.54
100.0,-37.8493938,144.9681727,7.7,6.60,6.55
105.0,-37.8493618,144.9681327,7.5,6.61,6.56
110.0,-37.8493299,144.9680926,7.3,6.63,6.58
115.0,-37.8492979,144.9680526,7.2,6.64,6.59
120.0,-37.8492660,144.9680125,7.0,6.65,6.60
125.0,-37.8492340,144.9679725,6.9,6.67,6.62
130.0,-37.8492021,144.9679324,6.8,6.68,6.63
135.0,-37.8491702,144.9678923,6.7,6.69,6.64
140.0,-37.8491382,144.9678523,6.7,6.70,6.65
145.0,-37.8491063,144.9678122,6.7,6.72,6.67
150.0,-37.8490744,144.9677721,6.7,6.73,6.68
155.0,-37.8490424,144.9677320,6.8,6.74,6.69
160.0,-37.8490105,144.9676919,6.9,6.76,6.71
165.0,-37.8489786,144.9676518,7.0,6.77,6.72
170.0,-37.8489467,144.9676117,7.2,6.78,6.73
175.0,-37.8489148,144.9675716,7.3,6.79,6.75
180.0,-37.8488829,144.9675315,7.4,6.81,6.76
185.0,-37.8488510,144.9674914,7.6,6.82,6.77
190.0,-37.8488191,144.9674512,7.7,6.83,6.78
195.0,-37.8487872,144.9674111,7.8,6.85,6.80
200.0,-37.8487554,144.9673710,8.0,6.86,6.81
205.0,-37.8487235,144.9673308,8.0,6.87,6.82
209.9,-37.8486916,144.9672906,8.1,6.86,6.83
214.9,-37.8486598,144.9672505,8.1,6.86,6.83
219.9,-37.8486279,144.9672103,8.1,6.88,6.81
224.9,-37.8485961,144.9671701,8.1,6.90,6.79
229.9,-37.8485643,144.9671299,8.1,6.92,6.77
234.9,-37.8485324,144.9670897,8.0,6.95,6.74
239.9,-37.8485006,144.9670494,7.9,6.97,6.72
244.9,-37.8484688,144.9670092,7.7,6.99,6.70
249.9,-37.8484370,144.9669690,7.6,7.01,6.68
254.9,-37.8484052,144.9669287,7.4,7.00,6.69
259.9,-37.8483735,144.9668884,7.3,6.97,6.72
264.9,-37.8483417,144.9668482,7.1,6.94,6.75
269.9,-37.8483099,144.9668079,6.9,6.91,6.78
274.9,-37.8482782,144.9667676,6.7,6.88,6.81
279.9,-37.8482464,144.9667272,6.5,6.85,6.84
284.9,-37.8482147,144.9666869,6.3,6.82,6.87
289.9,-37.8481830,144.9666466,6.2,6.80,6.89
294.9,-37.8481513,144.9666062,6.0,6.79,6.90
299.9,-37.8481196,144.9665658,5.8,6.77,6.92
304.9,-37.8480879,144.9665255,5.7,6.76,6.93
309.9,-37.8480562,144.9664851,5.5,6.75,6.94
314.9,-37.8480245,144.9664447,5.4,6.74,6.95
319.9,-37.8479929,144.9664042,5.3,6.72,6.97
324.9,-37.8479612,144.9663638,5.3,6.71,6.98
329.9,-37.8479296,144.9663233,5.2,6.73,6.96
334.9,-37.8478980,144.9662828,5.2,6.74,6.95
339.9,-37.8478664,144.9662424,5.1,6.76,6.93
344.9,-37.8478347,144.9662020,5.1,6.78,6.91
349.9,-37.8478028,144.9661619,5.1,6.79,6.90
354.9,-37.8477706,144.9661222,5.1,6.81,6.88
359.9,-37.8477379,144.9660830,5.1,6.82,6.87
364.9,-37.8477039,144.9660458,5.1,6.83,6.86
369.9,-37.8476670,144.9660134,5.1,6.77,6.92
374.9,-37.8476259,144.9659905,5.2,6.54,7.15
379.9,-37.8475814,144.9659831,5.2,6.42,7.27
384.9,-37.8475369,144.9659908,5.3,6.74,6.95
389.9,-37.8474944,144.9660093,5.4,6.98,6.71
394.9,-37.8474543,144.9660351,5.5,6.90,6.79
399.9,-37.8474150,144.9660627,5.7,6.83,6.86
404.9,-37.8473747,144.9660880,5.8,6.75,6.94
409.9,-37.8473339,144.9661119,6.0,6.83,6.86
414.9,-37.8472930,144.9661355,6.2,6.96,6.73
419.9,-37.8472516,144.9661578,6.4,7.00,6.69
424.9,-37.8472095,144.9661776,6.7,7.00,6.69
429.9,-37.8471666,144.9661949,6.9,6.97,6.72
434.9,-37.8471232,144.9662097,7.1,6.87,6.82
439.9,-37.8470794,144.9662221,7.3,6.84,6.85
444.9,-37.8470351,144.9662321,7.5,6.87,6.82
449.9,-37.8469906,144.9662398,7.8,6.91,6.78
454.9,-37.8469458,144.9662451,7.9,6.97,6.72
459.9,-37.8469009,144.9662482,8.1,7.02,6.67
464.9,-37.8468560,144.9662491,8.2,6.98,6.71
469.9,-37.8468110,144.9662477,8.3,6.93,6.76
474.9,-37.8467662,144.9662440,8.3,6.89,6.80
479.9,-37.8467215,144.9662381,8.3,6.98,6.71
484.9,-37.8466770,144.9662298,8.3,7.07,6.62
489.9,-37.8466328,144.9662193,8.3,7.15,6.54
494.9,-37.8465890,144.9662065,8.2,7.08,6.61
499.9,-37.8465457,144.9661913,8.1,7.00,6.69
504.9,-37.8465028,144.9661740,7.9,6.91,6.78
509.9,-37.8464607,144.9661543,7.8,6.84,6.85
514.9,-37.8464192,144.9661324,7.6,6.76,6.93
519.9,-37.8463785,144.9661082,7.4,6.71,6.98
524.9,-37.8463387,144.9660816,7.2,6.84,6.85
529.9,-37.8463000,144.9660527,7.0,6.97,6.72
534.9,-37.8462624,144.9660214,6.8,7.03,6.66
539.9,-37.8462262,144.9659877,6.6,7.08,6.61
544.9,-37.8461914,144.9659516,6.4,7.08,6.61
549.9,-37.8461581,144.9659134,6.2,7.08,6.61
554.9,-37.8461259,144.9658737,6.1,7.08,6.61
559.9,-37.8460945,144.9658330,5.9,6.98,6.71
564.9,-37.8460633,144.9657920,5.8,6.88,6.81
569.9,-37.8460322,144.9657508,5.7,6.78,6.91
574.9,-37.8460012,144.9657096,5.6,6.74,6.95
579.9,-37.8459702,144.9656684,5.6,6.73,6.96
584.9,-37.8459393,144.9656270,5.6,6.72,6.97
589.9,-37.8459084,144.9655857,5.6,6.71,6.98
594.9,-37.8458776,144.9655443,5.6,6.70,6.99
599.9,-37.8458467,144.9655028,5.7,6.69,7.00
604.9,-37.8458159,144.9654613,5.8,6.68,7.01
609.9,-37.8457851,144.9654199,5.9,6.67,7.02
614.9,-37.8457543,144.9653784,6.0,6.66,7.03
619.9,-37.8457235,144.9653370,6.2,6.65,7.04
624.9,-37.8456926,144.9652956,6.3,6.64,7.05
629.8,-37.8456617,144.9652542,6.5,6.63,7.06
634.8,-37.8456308,144.9652129,6.7,6.62,7.07
639.8,-37.8455998,144.9651717,6.9,6.60,7.09
644.8,-37.8455687,144.9651306,7.0,6.59,7.10
649.8,-37.8455376,144.9650895,7.2,6.58,7.11
654.8,-37.8455063,144.9650486,7.4,6.57,7.12
659.8,-37.8454749,144.9650078,7.6,6.56,7.13
664.8,-37.8454435,144.9649671,7.7,6.55,7.14
669.8,-37.8454119,144.9649266,7.9,6.54,7.15
674.8,-37.8453802,144.9648863,8.0,6.53,7.16
679.8,-37.8453483,144.9648461,8.1,6.56,7.13
684.8,-37.8453164,144.9648061,8.2,6.59,7.10
689.8,-37.8452843,144.9647662,8.2,6.63,7.06
694.8,-37.8452520,144.9647265,8.3,6.66,7.03
699.8,-37.8452197,144.9646870,8.3,6.69,7.00
704.8,-37.8451871,144.9646477,8.3,6.72,6.97
709.8,-37.8451545,144.9646086,8.3,6.75,6.94
714.8,-37.8451217,144.9645696,8.3,6.78,6.91
719.8,-37.8450887,144.9645309,8.4,6.81,6.88
724.8,-37.8450557,144.9644924,8.4,6.80,6.89
729.8,-37.8450224,144.9644540,8.4,6.77,6.92
734.8,-37.8449890,144.9644159,8.4,6.74,6.95
739.8,-37.8449555,144.9643780,8.5,6.71,6.98
744.8,-37.8449218,144.9643403,8.5,6.69,7.00
749.8,-37.8448879,144.9643029,8.6,6.66,7.03
754.8,-37.8448539,144.9642656,8.7,6.63,7.06
759.8,-37.8448198,144.9642286,8.7,6.60,7.09
764.8,-37.8447855,144.9641918,8.8,6.57,7.12
769.8,-37.8447510,144.9641552,8.9,6.54,7.15
774.8,-37.8447165,144.9641187,9.0,6.55,7.14
779.8,-37.8446819,144.9640824,9.2,6.57,7.12
784.8,-37.8446472,144.9640463,9.3,6.60,7.09
789.8,-37.8446124,144.9640102,9.4,6.62,7.07
794.8,-37.8445775,144.9639743,9.6,6.65,7.04
799.8,-37.8445426,144.9639385,9.8,6.67,7.02
804.8,-37.8445076,144.9639027,9.9,6.70,6.99
809.8,-37.8444726,144.9638670,10.1,6.72,6.97
814.8,-37.8444375,144.9638314,10.3,6.75,6.94
819.8,-37.8444024,144.9637957,10.6,6.77,6.92
824.8,-37.8443674,144.9637601,10.8,6.80,6.89
829.8,-37.8443323,144.9637245,11.0,6.82,6.87
834.8,-37.8442972,144.9636889,11.2,6.85,6.84
839.8,-37.8442621,144.9636533,11.4,6.87,6.82
844.8,-37.8442270,144.9636177,11.6,6.89,6.80
849.8,-37.8441919,144.9635822,11.8,6.88,6.81
854.8,-37.8441566,144.9635469,11.9,6.87,6.82
859.8,-37.8441213,144.9635117,12.0,6.86,6.83
864.8,-37.8440858,144.9634767,12.0,6.85,6.84
869.8,-37.8440502,144.9634419,12.1,6.84,6.85
874.8,-37.8440145,144.9634075,12.0,6.79,6.90
879.8,-37.8439785,144.9633733,12.0,6.72,6.97
884.8,-37.8439423,144.9633395,11.8,6.64,7.05
889.8,-37.8439059,144.9633061,11.7,6.57,7.12
894.8,-37.8438693,144.9632731,11.5,6.50,7.19
899.8,-37.8438324,144.9632406,11.4,6.48,7.21
904.8,-37.8437953,144.9632085,11.2,6.52,7.17
909.8,-37.8437579,144.9631769,11.0,6.57,7.12
914.8,-37.8437202,144.9631459,10.9,6.62,7.07
919.8,-37.8436822,144.9631154,10.7,6.67,7.02
924.8,-37.8436440,144.9630854,10.5,6.72,6.97
929.8,-37.8436055,144.9630559,10.4,6.77,6.92
934.8,-37.8435669,144.9630267,10.3,6.82,6.87
939.8,-37.8435282,144.9629979,10.2,6.83,6.86
944.8,-37.8434893,144.9629692,10.1,6.83,6.86
949.8,-37.8434504,144.9629406,10.0,6.82,6.87
954.8,-37.8434115,144.9629122,9.9,6.82,6.87
959.8,-37.8433726,144.9628837,9.9,6.82,6.87
964.8,-37.8433337,144.9628551,9.8,6.81,6.88
969.8,-37.8432948,144.9628265,9.7,6.81,6.88
974.8,-37.8432560,144.9627979,9.7,6.81,6.88
979.8,-37.8432171,144.9627692,9.6,6.80,6.89
984.8,-37.8431783,144.9627405,9.6,6.80,6.89
989.8,-37.8431395,144.9627118,9.5,6.80,6.89
994.8,-37.8431007,144.9626831,9.5,6.80,6.89
999.8,-37.8430619,144.9626543,9.5,6.79,6.90
1004.8,-37.8430231,144.9626255,9.5,6.79,6.90
1009.8,-37.8429843,144.9625968,9.5,6.79,6.90
1014.8,-37.8429454,144.9625681,9.5,6.78,6.91
1019.8,-37.8429066,144.9625395,9.6,6.78,6.91
1024.8,-37.8428676,144.9625111,9.7,6.78,6.91
1029.8,-37.8428287,144.9624827,9.7,6.77,6.92
1034.8,-37.8427896,144.9624546,9.8,6.77,6.92
1039.8,-37.8427504,144.9624266,9.9,6.80,6.89
1044.8,-37.8427112,144.9623989,10.1,6.84,6.85
1049.7,-37.8426718,144.9623714,10.2,6.87,6.82
1054.7,-37.8426323,144.9623442,10.2,6.91,6.78
1059.7,-37.8425926,144.9623174,10.3,6.93,6.76
1064.7,-37.8425528,144.9622909,10.4,6.85,6.84
1069.7,-37.8425129,144.9622648,10.4,6.72,6.97
1074.7,-37.8424728,144.9622391,10.4,6.59,7.10
1079.7,-37.8424324,144.9622139,10.4,6.46,7.23
1084.7,-37.8423918,144.9621895,10.3,6.62,7.07
1089.7,-37.8423502,144.9621680,10.3,6.79,6.90
1094.7,-37.8423070,144.9621524,10.1,7.02,6.67
1099.7,-37.8422624,144.9621455,10.0,6.98,6.71
1104.7,-37.8422178,144.9621516,9.9,6.73,6.96
1109.7,-37.8421765,144.9621734,9.7,6.60,7.09
1114.7,-37.8421414,144.9622087,9.5,6.45,7.24
1119.7,-37.8421138,144.9622535,9.4,6.47,7.22
1124.7,-37.8420944,144.9623049,9.2,6.82,6.87
1129.7,-37.8420824,144.9623597,9.0,7.10,6.59
1134.7,-37.8420752,144.9624159,8.8,7.08,6.61
1139.7,-37.8420697,144.9624724,8.5,6.89,6.80
1144.7,-37.8420632,144.9625288,8.3,6.54,6.71
1149.7,-37.8420547,144.9625847,8.1,5.87,6.05
1154.7,-37.8420447,144.9626402,7.8,5.29,5.47
1159.7,-37.8420340,144.9626954,7.6,5.00,5.18
1164.7,-37.8420233,144.9627508,7.3,4.72,4.90
1169.7,-37.8420131,144.9628062,7.0,4.44,4.63
1174.7,-37.8420035,144.9628618,6.7,4.16,4.36
1179.7,-37.8419943,144.9629175,6.4,3.96,4.11
1184.7,-37.8419855,144.9629734,6.1,4.07,3.98
1189.7,-37.8419772,144.9630293,5.8,4.14,3.91
1194.7,-37.8419693,144.9630854,5.5,4.19,3.86
1199.7,-37.8419618,144.9631415,5.2,4.24,3.81
1204.7,-37.8419546,144.9631977,4.9,4.29,3.76
1209.7,-37.8419477,144.9632540,4.6,4.34,3.71
1214.7,-37.8419405,144.9633102,4.4,4.40,3.65
1219.7,-37.8419322,144.9633661,4.2,4.45,3.60
1224.7,-37.8419223,144.9634217,4.1,4.50,3.55
1229.7,-37.8419102,144.9634765,3.9,4.54,3.51
1234.7,-37.8418950,144.9635300,3.9,4.25,3.80
1239.7,-37.8418755,144.9635814,3.8,4.01,4.04
1244.7,-37.8418507,144.9636288,3.9,3.85,4.20
1249.7,-37.8418196,144.9636698,3.9,4.06,3.99
1254.7,-37.8417832,144.9637031,4.0,4.37,3.68
1259.7,-37.8417430,144.9637286,4.1,4.50,3.55
1264.7,-37.8417003,144.9637466,4.3,4.17,3.88
1269.7,-37.8416562,144.9637576,4.5,3.90,4.15
1274.7,-37.8416114,144.9637621,4.7,3.94,4.11
1279.7,-37.8415665,144.9637618,4.9,3.99,4.06
1284.7,-37.8415216,144.9637587,5.2,4.00,4.05
1289.7,-37.8414767,144.9637549,5.4,4.03,4.02
1294.7,-37.8414319,144.9637515,5.7,4.06,3.99
1299.7,-37.8413870,144.9637485,6.0,4.09,3.96
1304.7,-37.8413421,144.9637458,6.3,4.11,3.94
1309.7,-37.8412971,144.9637434,6.7,4.08,3.97
1314.7,-37.8412522,144.9637412,7.0,4.04,4.01
1319.7,-37.8412073,144.9637389,7.4,4.00,4.05
1324.7,-37.8411624,144.9637365,7.8,3.97,4.08
1329.7,-37.8411175,144.9637339,8.2,3.93,4.12
1334.7,-37.8410726,144.9637311,8.6,3.91,4.14
1339.7,-37.8410277,144.9637280,9.0,3.91,4.14
1344.7,-37.8409828,144.9637247,9.4,3.90,4.15
1349.7,-37.8409379,144.9637214,9.7,3.90,4.15
1354.7,-37.8408931,144.9637181,10.1,3.89,4.16
1359.7,-37.8408482,144.9637148,10.4,3.89,4.16
1364.7,-37.8408033,144.9637116,10.6,3.88,4.17
1369.7,-37.8407584,144.9637086,10.8,3.88,4.17
1374.7,-37.8407135,144.9637058,11.0,3.87,4.18
1379.7,-37.8406686,144.9637033,11.1,3.86,4.19
1384.7,-37.8406237,144.9637012,11.1,3.86,4.19
1389.7,-37.8405787,144.9636996,11.1,3.85,4.20
1394.7,-37.8405338,144.9636985,11.0,3.90,4.25
1399.7,-37.8404888,144.9636979,10.9,4.05,4.40
1404.7,-37.8404439,144.9636980,10.8,4.21,4.56
1409.7,-37.8403989,144.9636987,10.6,4.36,4.71
1414.7,-37.8403540,144.9637003,10.4,4.52,4.87
1419.7,-37.8403091,144.9637024,10.2,5.06,5.13
1424.7,-37.8402641,144.9637045,10.0,5.48,5.30
1429.7,-37.8402192,144.9637061,9.8,5.53,5.27
1434.7,-37.8401742,144.9637067,9.7,5.50,5.32
1439.7,-37.8401293,144.9637059,9.5,5.38,5.48
1444.7,-37.8400844,144.9637040,9.4,5.26,5.65
1449.7,-37.8400395,144.9637014,9.3,5.15,5.81
1454.7,-37.8399946,144.9636983,9.3,5.03,5.98
1459.7,-37.8399496,144.9636971,9.3,4.91,6.15
1464.7,-37.8399052,144.9637060,9.3,4.88,6.24
1469.6,-37.8398644,144.9637297,9.3,5.51,5.74
1474.6,-37.8398261,144.9637597,9.5,6.11,5.27
1479.6,-37.8397913,144.9637956,9.6,5.68,5.71
1484.6,-37.8397598,144.9638362,9.7,5.48,5.91
1489.6,-37.8397308,144.9638797,9.9,5.38,6.01
1494.6,-37.8397030,144.9639245,10.1,5.40,5.99
1499.6,-37.8396756,144.9639696,10.3,5.43,5.96
1504.6,-37.8396483,144.9640148,10.5,5.45,5.94
1509.6,-37.8396211,144.9640601,10.7,5.48,5.91
1514.6,-37.8395940,144.9641056,10.9,5.50,5.89
1519.6,-37.8395670,144.9641511,11.1,5.53,5.86
1524.6,-37.8395401,144.9641967,11.4,5.55,5.84
1529.6,-37.8395133,144.9642424,11.6,5.58,5.81
1534.6,-37.8394866,144.9642882,11.8,5.60,5.79
1539.6,-37.8394599,144.9643341,12.0,5.63,5.76
1544.6,-37.8394333,144.9643800,12.3,5.65,5.74
1549.6,-37.8394067,144.9644259,12.5,5.65,5.74
1554.6,-37.8393802,144.9644719,12.7,5.63,5.76
1559.6,-37.8393538,144.9645179,13.0,5.61,5.78
1564.6,-37.8393273,144.9645639,13.2,5.59,5.80
1569.6,-37.8393008,144.9646099,13.5,5.58,5.81
1574.6,-37.8392744,144.9646560,13.7,5.56,5.83
1579.6,-37.8392479,144.9647020,14.0,5.54,5.85
1584.6,-37.8392215,144.9647481,14.2,5.52,5.87
1589.6,-37.8391951,144.9647941,14.4,5.50,5.89
1594.6,-37.8391688,144.9648403,14.6,5.49,5.90
1599.6,-37.8391427,144.9648867,14.8,5.47,5.92
1604.6,-37.8391168,144.9649332,14.9,5.45,5.94
1609.6,-37.8390911,144.9649799,15.1,5.43,5.96
1614.6,-37.8390657,144.9650269,15.2,5.41,5.98
1619.6,-37.8390407,144.9650742,15.3,5.48,5.91
1624.6,-37.8390161,144.9651219,15.3,5.54,5.85
1629.6,-37.8389920,144.9651699,15.3,5.60,5.79
1634.6,-37.8389684,144.9652184,15.2,5.65,5.74
1639.6,-37.8389454,144.9652673,15.1,5.66,5.73
1644.6,-37.8389230,144.9653167,15.0,5.67,5.72
1649.6,-37.8389014,144.9653666,14.8,5.68,5.71
1654.6,-37.8388805,144.9654170,14.6,5.69,5.70
1659.6,-37.8388605,144.9654680,14.4,5.70,5.69
1664.6,-37.8388413,144.9655195,14.2,5.71,5.68
1669.6,-37.8388230,144.9655714,13.9,5.66,5.73
1674.6,-37.8388053,144.9656238,13.6,5.57,5.82
1679.6,-37.8387883,144.9656765,13.3,5.49,5.90
1684.6,-37.8387719,144.9657295,13.1,5.55,5.84
1689.6,-37.8387558,144.9657827,12.8,5.66,5.73
1694.6,-37.8387401,144.9658360,12.5,5.78,5.61
1699.6,-37.8387245,144.9658894,12.3,5.80,5.59
1704.6,-37.8387091,144.9659429,12.0,5.76,5.63
1709.6,-37.8386938,144.9659964,11.8,5.72,5.67
1714.6,-37.8386785,144.9660500,11.6,5.70,5.69
1719.6,-37.8386632,144.9661035,11.4,5.70,5.69
1724.6,-37.8386479,144.9661570,11.2,5.71,5.68
1729.6,-37.8386326,144.9662106,11.1,5.72,5.67
1734.6,-37.8386173,144.9662641,10.9,5.73,5.66
1739.6,-37.8386019,144.9663176,10.8,5.74,5.65
1744.6,-37.8385864,144.9663710,10.7,5.75,5.64
1749.6,-37.8385708,144.9664244,10.7,5.76,5.63
1754.6,-37.8385550,144.9664777,10.6,5.77,5.62
1759.6,-37.8385391,144.9665310,10.6,5.78,5.61
1764.6,-37.8385230,144.9665841,10.6,5.79,5.60
1769.6,-37.8385067,144.9666372,10.7,5.81,5.58
1774.6,-37.8384902,144.9666901,10.7,5.83,5.56
1779.6,-37.8384734,144.9667429,10.8,5.86,5.53
1784.6,-37.8384563,144.9667956,10.8,5.88,5.51
1789.6,-37.8384389,144.9668481,10.9,5.90,5.49
1794.6,-37.8384211,144.9669004,11.0,5.85,5.54
1799.6,-37.8384030,144.9669525,11.1,5.77,5.62
1804.6,-37.8383845,144.9670044,11.2,5.69,5.70
1809.6,-37.8383655,144.9670560,11.3,5.68,5.71
1814.6,-37.8383462,144.9671074,11.3,5.71,5.68
1819.6,-37.8383263,144.9671585,11.4,5.74,5.65
1824.6,-37.8383060,144.9672093,11.4,5.77,5.62
1829.6,-37.8382852,144.9672597,11.5,5.78,5.61
1834.6,-37.8382638,144.9673098,11.5,5.76,5.63
1839.6,-37.8382419,144.9673595,11.5,5.75,5.64
1844.6,-37.8382194,144.9674088,11.4,5.73,5.66
1849.6,-37.8381964,144.9674577,11.4,5.75,5.64
1854.6,-37.8381727,144.9675061,11.3,5.81,5.58
1859.6,-37.8381484,144.9675540,11.3,5.87,5.52
1864.6,-37.8381234,144.9676013,11.2,5.94,5.45
1869.6,-37.8380978,144.9676481,11.1,6.00,5.39
1874.6,-37.8380721,144.9676948,11.0,6.07,5.32
1879.6,-37.8380476,144.9677425,10.9,5.96,5.43
1884.6,-37.8380258,144.9677923,10.7,5.36,6.03
1889.5,-37.8380084,144.9678448,10.6,5.15,6.24
1894.5,-37.8379996,144.9679006,10.5,5.52,5.87
1899.5,-37.8380118,144.9679548,10.3,5.62,5.93
1904.5,-37.8380414,144.9679976,10.2,6.47,6.67
1909.5,-37.8380750,144.9680355,10.1,6.91,6.79
1914.5,-37.8381080,144.9680741,10.0,7.37,6.91
1919.5,-37.8381401,144.9681140,9.8,7.58,7.14
1924.5,-37.8381708,144.9681555,9.8,7.22,7.50
1929.5,-37.8382001,144.9681987,9.7,7.40,7.32
1934.5,-37.8382279,144.9682434,9.6,7.58,7.14
1939.5,-37.8382543,144.9682896,9.6,7.75,6.97
1944.5,-37.8382792,144.9683370,9.6,7.64,6.89
1949.5,-37.8383027,144.9683855,9.6,7.54,6.82
1954.5,-37.8383250,144.9684350,9.7,7.43,6.74
1959.5,-37.8383465,144.9684850,9.7,7.32,6.67
1964.5,-37.8383679,144.9685350,9.8,7.21,6.59
1969.5,-37.8383900,144.9685846,9.9,7.11,6.52
1974.5,-37.8384129,144.9686335,10.0,7.00,6.44
1979.5,-37.8384360,144.9686824,10.1,6.90,6.37
1984.5,-37.8384581,144.9687320,10.2,6.79,6.30
1989.5,-37.8384779,144.9687831,10.3,6.68,6.23
1994.5,-37.8384944,144.9688361,10.3,6.63,6.28
1999.5,-37.8385075,144.9688905,10.4,6.57,6.34
2004.5,-37.8385177,144.9689460,10.4,6.56,6.35
2009.5,-37.8385254,144.9690021,10.4,6.64,6.27
2014.5,-37.8385310,144.9690585,10.3,6.70,6.21
2019.5,-37.8385352,144.9691152,10.3,6.67,6.24
2024.5,-37.8385383,144.9691720,10.1,6.63,6.28
2029.5,-37.8385408,144.9692289,10.0,6.59,6.32
2034.5,-37.8385432,144.9692857,9.8,6.55,6.36
2039.5,-37.8385458,144.9693426,9.6,6.52,6.39
2044.5,-37.8385487,144.9693994,9.4,6.46,6.45
2049.5,-37.8385520,144.9694562,9.1,6.41,6.50
2054.5,-37.8385560,144.9695129,8.8,6.35,6.56
2059.5,-37.8385607,144.9695695,8.6,6.26,6.65
2064.5,-37.8385662,144.9696260,8.3,6.17,6.74
2069.5,-37.8385729,144.9696823,8.0,6.12,6.78
2074.5,-37.8385808,144.9697383,7.7,6.26,6.55
2079.5,-37.8385899,144.9697941,7.4,6.40,6.33
2084.5,-37.8386003,144.9698495,7.1,6.37,6.31
2089.5,-37.8386120,144.9699044,6.9,6.23,6.38
2094.5,-37.8386249,144.9699590,6.7,6.10,6.46
2099.5,-37.8386389,144.9700131,6.4,6.00,6.51
2104.5,-37.8386542,144.9700666,6.2,6.08,6.43
2109.5,-37.8386705,144.9701197,6.1,6.16,6.35
2114.5,-37.8386879,144.9701722,5.9,6.23,6.28
2119.5,-37.8387064,144.9702241,5.7,6.28,6.23
2124.5,-37.8387259,144.9702753,5.5,6.31,6.20
2129.5,-37.8387464,144.9703260,5.4,6.28,6.23
2134.5,-37.8387679,144.9703760,5.2,6.26,6.25
2139.5,-37.8387904,144.9704253,5.1,6.23,6.28
2144.5,-37.8388137,144.9704740,5.0,6.18,6.33
2149.5,-37.8388380,144.9705219,4.9,6.10,6.41
2154.5,-37.8388632,144.9705691,4.8,6.04,6.47
2159.5,-37.8388892,144.9706155,4.7,6.06,6.45
2164.5,-37.8389161,144.9706611,4.7,6.08,6.43
2169.5,-37.8389438,144.9707059,4.7,6.16,6.35
2174.5,-37.8389724,144.9707499,4.7,6.29,6.22
2179.5,-37.8390017,144.9707930,4.8,6.35,6.16
2184.5,-37.8390320,144.9708351,4.9,6.25,6.26
2189.5,-37.8390630,144.9708764,5.0,6.17,6.34
2194.5,-37.8390948,144.9709166,5.2,6.15,6.36
2199.5,-37.8391274,144.9709558,5.4,6.14,6.37
2204.5,-37.8391608,144.9709939,5.7,6.13,6.38
2209.5,-37.8391949,144.9710310,5.9,6.06,6.45
2214.5,-37.8392298,144.9710669,6.3,5.99,6.52
2219.5,-37.8392654,144.9711016,6.6,5.92,6.59
2224.5,-37.8393017,144.9711352,6.9,5.98,6.53
2229.5,-37.8393387,144.9711675,7.2,6.08,6.43
2234.5,-37.8393764,144.9711985,7.5,6.17,6.34
2239.5,-37.8394148,144.9712282,7.9,6.27,6.24
2244.5,-37.8394537,144.9712566,8.1,6.38,6.13
2249.5,-37.8394933,144.9712836,8.4,6.45,6.06
2254.5,-37.8395334,144.9713093,8.5,6.42,6.09
2259.5,-37.8395741,144.9713335,8.7,6.38,6.13
2264.5,-37.8396153,144.9713562,8.7,6.26,6.25
2269.5,-37.8396570,144.9713775,8.7,6.15,6.36
2274.5,-37.8396992,144.9713973,8.6,6.05,6.46
2279.5,-37.8397418,144.9714155,8.5,6.00,6.51
2284.5,-37.8397848,144.9714321,8.2,5.96,6.55
2289.5,-37.8398281,144.9714473,7.9,6.02,6.49
2294.5,-37.8398717,144.9714611,7.5,6.09,6.42
2299.5,-37.8399156,144.9714738,7.2,6.14,6.37
2304.4,-37.8399595,144.9714856,6.7,6.15,6.36
2309.4,-37.8400036,144.9714967,6.3,6.15,6.36
2314.4,-37.8400478,144.9715073,5.9,6.15,6.36
2319.4,-37.8400920,144.9715176,5.5,6.16,6.35
2324.4,-37.8401362,144.9715278,5.1,6.16,6.35
2329.4,-37.8401805,144.9715380,4.8,6.16,6.35
2334.4,-37.8402247,144.9715481,4.5,6.17,6.34
2339.4,-37.8402689,144.9715583,4.3,6.17,6.34
2344.4,-37.8403132,144.9715684,4.2,6.17,6.34
2349.4,-37.8403574,144.9715786,4.1,6.18,6.33
2354.4,-37.8404017,144.9715887,4.2,6.18,6.33
2359.4,-37.8404459,144.9715988,4.2,6.19,6.32
2364.4,-37.8404901,144.9716089,4.4,6.20,6.31
2369.4,-37.8405344,144.9716189,4.6,6.21,6.30
2374.4,-37.8405786,144.9716290,5.0,6.23,6.28
2379.4,-37.8406229,144.9716391,5.3,6.24,6.27
2384.4,-37.8406671,144.9716491,5.7,6.25,6.26
2389.4,-37.8407114,144.9716592,6.1,6.26,6.25
2394.4,-37.8407556,144.9716692,6.5,6.28,6.23
2399.4,-37.8407999,144.9716792,7.0,6.29,6.22
2404.4,-37.8408441,144.9716893,7.4,6.30,6.21
2409.4,-37.8408884,144.9716993,7.9,6.31,6.20
2414.4,-37.8409326,144.9717093,8.4,6.32,6.19
2419.4,-37.8409769,144.9717194,8.9,6.33,6.18
2424.4,-37.8410211,144.9717295,9.3,6.35,6.16
2429.4,-37.8410654,144.9717396,9.8,6.36,6.15
2434.4,-37.8411096,144.9717497,10.2,6.37,6.14
2439.4,-37.8411538,144.9717600,10.7,6.38,6.13
2444.4,-37.8411980,144.9717703,11.1,6.40,6.11
2449.4,-37.8412422,144.9717806,11.6,6.41,6.10
2454.4,-37.8412864,144.9717911,12.0,6.42,6.09
2459.4,-37.8413306,144.9718016,12.4,6.41,6.10
2464.4,-37.8413748,144.9718123,12.8,6.38,6.13
2469.4,-37.8414189,144.9718230,13.2,6.36,6.15
2474.4,-37.8414630,144.9718339,13.6,6.33,6.18
2479.4,-37.8415071,144.9718450,14.0,6.31,6.20
2484.4,-37.8415512,144.9718561,14.4,6.29,6.22
2489.4,-37.8415953,144.9718675,14.7,6.26,6.25
2494.4,-37.8416393,144.9718790,15.0,6.24,6.27
2499.4,-37.8416833,144.9718906,15.4,6.21,6.30
2504.4,-37.8417273,144.9719023,15.6,6.19,6.32
2509.4,-37.8417713,144.9719141,15.8,6.17,6.34
2514.4,-37.8418153,144.9719259,15.9,6.14,6.37
2519.4,-37.8418592,144.9719378,15.9,6.12,6.39
2524.4,-37.8419032,144.9719497,15.9,6.10,6.41
2529.4,-37.8419472,144.9719616,15.8,6.07,6.44
2534.4,-37.8419912,144.9719732,15.5,6.05,6.46
2539.4,-37.8420353,144.9719838,15.3,6.02,6.49
2544.4,-37.8420798,144.9719923,14.8,6.00,6.51
2549.4,-37.8421245,144.9719978,14.4,6.07,6.44
2554.4,-37.8421695,144.9719989,13.8,6.03,5.99
2559.4,-37.8422139,144.9719901,13.1,5.59,5.95
2564.4,-37.8422527,144.9719618,12.4,5.63,5.84
2569.4,-37.8422810,144.9719176,11.6,5.35,6.12
2574.4,-37.8422988,144.9718654,10.7,5.80,5.67
2579.4,-37.8423092,144.9718100,9.9,5.86,5.61
2584.4,-37.8423174,144.9717540,8.9,5.85,5.62
2589.4,-37.8423270,144.9716984,8.0,5.84,5.63
2594.4,-37.8423387,144.9716434,7.2,5.83,5.64
2599.4,-37.8423528,144.9715893,6.3,5.87,5.60
2604.4,-37.8423691,144.9715363,5.6,5.91,5.56
2609.4,-37.8423874,144.9714843,4.8,5.88,5.59
2614.4,-37.8424079,144.9714336,4.3,5.85,5.62
2619.4,-37.8424302,144.9713842,3.8,5.82,5.65
2624.4,-37.8424541,144.9713359,3.5,5.87,5.60
2629.4,-37.8424791,144.9712886,3.3,5.92,5.55
2634.4,-37.8425049,144.9712420,3.3,6.03,5.44
2639.4,-37.8425320,144.9711966,3.3,6.19,5.28
2644.4,-37.8425622,144.9711544,3.6,6.36,5.11
2649.4,-37.8425980,144.9711200,3.9,6.45,5.02
2654.4,-37.8426383,144.9710950,4.3,5.85,5.62
2659.4,-37.8426793,144.9710715,4.8,5.61,5.86
2664.4,-37.8427206,144.9710491,5.3,5.62,5.85
2669.4,-37.8427624,144.9710282,5.8,5.68,5.83
2674.4,-37.8428048,144.9710092,6.3,5.82,5.82
2679.4,-37.8428478,144.9709924,6.9,5.96,5.78
2684.4,-37.8428912,144.9709777,7.3,6.13,5.72
2689.4,-37.8429349,144.9709645,7.8,6.27,5.66
2694.4,-37.8429789,144.9709524,8.2,6.26,5.67
2699.4,-37.8430229,144.9709408,8.6,6.25,5.68
2704.4,-37.8430670,144.9709296,8.9,6.23,5.70
2709.4,-37.8431111,144.9709188,9.3,6.22,5.71
2714.4,-37.8431553,144.9709083,9.5,6.21,5.72
2719.4,-37.8431995,144.9708980,9.8,6.20,5.73
2724.3,-37.8432437,144.9708879,10.0,6.19,5.74
2729.3,-37.8432880,144.9708778,10.2,6.18,5.75
2734.3,-37.8433322,144.9708677,10.4,6.17,5.76
2739.3,-37.8433764,144.9708575,10.6,6.16,5.77
2744.3,-37.8434207,144.9708473,10.7,6.15,5.78
2749.3,-37.8434649,144.9708370,10.8,6.14,5.79
2754.3,-37.8435091,144.9708266,10.8,6.13,5.80
2759.3,-37.8435533,144.9708161,10.9,6.12,5.81
2764.3,-37.8435974,144.9708056,10.9,6.11,5.82
2769.3,-37.8436416,144.9707951,10.8,6.09,5.84
2774.3,-37.8436858,144.9707846,10.8,6.08,5.85
2779.3,-37.8437300,144.9707741,10.7,6.07,5.86
2784.3,-37.8437742,144.9707635,10.6,6.06,5.87
2789.3,-37.8438184,144.9707531,10.4,6.05,5.88
2794.3,-37.8438626,144.9707426,10.3,6.04,5.89
2799.3,-37.8439068,144.9707323,10.2,6.03,5.90
2804.3,-37.8439510,144.9707220,10.0,6.02,5.91
2809.3,-37.8439952,144.9707118,9.9,6.01,5.92
2814.3,-37.8440394,144.9707016,9.7,6.01,5.92
2819.3,-37.8440837,144.9706916,9.6,6.04,5.89
2824.3,-37.8441280,144.9706818,9.5,6.07,5.86
2829.3,-37.8441723,144.9706722,9.4,6.10,5.83
2834.3,-37.8442166,144.9706629,9.3,6.12,5.81
2839.3,-37.8442610,144.9706540,9.3,6.15,5.78
2844.3,-37.8443055,144.9706456,9.2,6.18,5.75
2849.3,-37.8443500,144.9706378,9.2,6.21,5.72
2854.3,-37.8443946,144.9706306,9.1,6.21,5.72
2859.3,-37.8444393,144.9706243,9.1,6.19,5.74
2864.3,-37.8444840,144.9706187,9.1,6.18,5.75
2869.3,-37.8445289,144.9706141,9.1,6.16,5.77
2874.3,-37.8445737,144.9706103,9.1,6.15,5.78
2879.3,-37.8446186,144.9706075,9.1,6.14,5.79
2884.3,-37.8446635,144.9706055,9.1,6.13,5.80
2889.3,-37.8447085,144.9706044,9.1,6.12,5.81
2894.3,-37.8447534,144.9706042,9.1,6.11,5.82
2899.3,-37.8447984,144.9706050,9.0,6.10,5.83
2904.3,-37.8448433,144.9706066,9.0,6.09,5.84
2909.3,-37.8448882,144.9706092,8.9,6.13,5.80
2914.3,-37.8449331,144.9706126,8.8,6.23,5.70
2919.3,-37.8449779,144.9706168,8.7,6.33,5.60
2924.3,-37.8450227,144.9706219,8.5,6.37,5.56
2929.3,-37.8450674,144.9706276,8.4,6.27,5.66
2934.3,-37.8451121,144.9706341,8.2,6.17,5.76
2939.3,-37.8451567,144.9706413,8.1,6.07,5.86
2944.3,-37.8452012,144.9706491,7.9,5.97,5.96
2949.3,-37.8452457,144.9706575,7.8,5.87,6.06
2954.3,-37.8452901,144.9706666,7.7,5.91,6.02
2959.3,-37.8453344,144.9706762,7.7,5.96,5.97
2964.3,-37.8453786,144.9706865,7.7,6.01,5.92
2969.3,-37.8454227,144.9706975,7.8,6.06,5.87
2974.3,-37.8454667,144.9707092,8.0,6.07,5.86
2979.3,-37.8455106,144.9707216,8.2,6.05,5.88
2984.3,-37.8455543,144.9707347,8.5,6.04,5.89
2989.3,-37.8455979,144.9707487,8.8,6.03,5.90
2994.3,-37.8456413,144.9707633,9.2,6.06,5.87
2999.3,-37.8456846,144.9707789,9.6,6.11,5.82
3004.3,-37.8457277,144.9707952,10.0,6.16,5.77
3009.3,-37.8457705,144.9708124,10.4,6.21,5.72
3014.3,-37.8458132,144.9708304,10.8,6.25,5.68
3019.3,-37.8458556,144.9708494,11.2,6.23,5.70
3024.3,-37.8458977,144.9708692,11.5,6.20,5.73
3029.3,-37.8459395,144.9708900,11.7,6.18,5.75
3034.3,-37.8459811,144.9709117,11.9,6.16,5.77
3039.3,-37.8460224,144.9709342,12.0,6.14,5.79
3044.3,-37.8460634,144.9709575,12.0,6.12,5.81
3049.3,-37.8461042,144.9709815,12.0,6.11,5.82
3054.3,-37.8461447,144.9710062,11.8,6.09,5.84
3059.3,-37.8461850,144.9710315,11.6,6.07,5.86
3064.3,-37.8462250,144.9710573,11.3,6.05,5.88
3069.3,-37.8462649,144.9710836,10.9,6.03,5.90
3074.3,-37.8463045,144.9711104,10.5,6.07,5.86
3079.3,-37.8463440,144.9711377,10.1,6.13,5.80
3084.3,-37.8463832,144.9711655,9.6,6.19,5.74
3089.3,-37.8464222,144.9711938,9.2,6.25,5.68
3094.3,-37.8464610,144.9712227,8.7,6.29,5.64
3099.3,-37.8464995,144.9712521,8.3,6.23,5.70
3104.3,-37.8465376,144.9712822,7.8,6.18,5.75
3109.3,-37.8465755,144.9713129,7.4,6.13,5.80
3114.3,-37.8466131,144.9713442,7.0,6.07,5.86
3119.3,-37.8466503,144.9713762,6.7,6.04,5.89
3124.3,-37.8466871,144.9714088,6.4,6.03,5.90
3129.3,-37.8467235,144.9714422,6.1,6.02,5.91
3134.3,-37.8467595,144.9714763,5.9,6.00,5.93
3139.3,-37.8467950,144.9715111,5.7,5.97,5.96
3144.2,-37.8468301,144.9715467,5.6,5.93,6.00
3149.2,-37.8468647,144.9715831,5.5,5.89,6.04
3154.2,-37.8468988,144.9716202,5.5,5.87,6.06
3159.2,-37.8469323,144.9716581,5.5,5.97,5.96
3164.2,-37.8469654,144.9716967,5.6,6.08,5.85
3169.2,-37.8469980,144.9717360,5.7,6.19,5.74
3174.2,-37.8470301,144.9717758,5.9,6.23,5.70
3179.2,-37.8470617,144.9718162,6.0,6.22,5.71
3184.2,-37.8470930,144.9718572,6.2,6.22,5.71
3189.2,-37.8471238,144.9718986,6.5,6.21,5.72
3194.2,-37.8471543,144.9719405,6.7,6.13,5.80
3199.2,-37.8471844,144.9719827,7.0,6.04,5.89
3204.2,-37.8472142,144.9720253,7.3,5.95,5.98
3209.2,-37.8472438,144.9720682,7.6,5.86,6.07
3214.2,-37.8472732,144.9721113,7.9,5.77,6.16
3219.2,-37.8473025,144.9721545,8.2,5.75,6.18
3224.2,-37.8473317,144.9721977,8.5,5.80,6.13
3229.2,-37.8473609,144.9722410,8.8,5.86,6.07
3234.2,-37.8473902,144.9722842,9.1,5.91,6.02
3239.2,-37.8474196,144.9723273,9.4,5.96,5.97
3244.2,-37.8474491,144.9723703,9.6,6.01,5.92
3249.2,-37.8474786,144.9724132,9.9,6.06,5.87
3254.2,-37.8475082,144.9724560,10.1,6.10,5.83
3259.2,-37.8475379,144.9724987,10.4,6.06,5.87
3264.2,-37.8475677,144.9725414,10.5,6.01,5.92
3269.2,-37.8475975,144.9725840,10.7,5.97,5.96
3274.2,-37.8476274,144.9726266,10.8,5.93,6.00
3279.2,-37.8476573,144.9726691,10.9,5.88,6.05
3284.2,-37.8476873,144.9727115,10.9,5.84,6.09
3289.2,-37.8477173,144.9727539,11.0,5.79,6.14
3294.2,-37.8477473,144.9727962,10.9,5.75,6.18
3299.2,-37.8477774,144.9728386,10.9,5.70,6.23
3304.2,-37.8478075,144.9728809,10.8,5.66,6.27
3309.2,-37.8478376,144.9729232,10.7,5.97,5.96
3314.2,-37.8478677,144.9729654,10.5,6.30,5.65
3319.2,-37.8478978,144.9730077,10.4,6.22,5.76
3324.2,-37.8479279,144.9730500,10.2,6.15,5.86
3329.2,-37.8479578,144.9730925,10.0,6.08,5.96
3334.2,-37.8479876,144.9731352,9.8,6.00,6.06
3339.2,-37.8480171,144.9731781,9.7,5.97,6.16
3344.2,-37.8480457,144.9732220,9.5,6.08,6.16
3349.2,-37.8480723,144.9732680,9.4,6.20,6.04
3354.2,-37.8480955,144.9733167,9.3,6.17,6.07
3359.2,-37.8481136,144.9733688,9.2,6.11,6.13
3364.2,-37.8481263,144.9734234,9.2,6.22,6.02
3369.2,-37.8481341,144.9734795,9.2,6.27,5.97
3374.2,-37.8481376,144.9735362,9.3,6.30,5.94
3379.2,-37.8481372,144.9735932,9.4,6.34,5.90
3384.2,-37.8481337,144.9736499,9.5,6.32,5.92
3389.2,-37.8481280,144.9737064,9.6,6.29,5.95
3394.2,-37.8481214,144.9737627,9.8,6.27,5.97
3399.2,-37.8481149,144.9738190,10.0,6.24,6.00
3404.2,-37.8481093,144.9738755,10.2,6.21,6.03
3409.2,-37.8481043,144.9739321,10.4,6.20,6.04
3414.2,-37.8480998,144.9739887,10.7,6.20,6.04
3419.2,-37.8480954,144.9740454,10.9,6.21,6.03
3424.2,-37.8480908,144.9741020,11.1,6.22,6.02
3429.2,-37.8480860,144.9741586,11.3,6.23,6.01
3434.2,-37.8480808,144.9742152,11.5,6.23,6.01
3439.2,-37.8480752,144.9742717,11.7,6.24,6.00
3444.2,-37.8480690,144.9743281,11.8,6.24,6.00
3449.2,-37.8480624,144.9743844,12.0,6.23,6.01
3454.2,-37.8480555,144.9744407,12.2,6.21,6.03
3459.2,-37.8480486,144.9744969,12.3,6.20,6.04
3464.2,-37.8480417,144.9745532,12.5,6.19,6.05
3469.2,-37.8480342,144.9746093,12.7,6.18,6.06
3474.2,-37.8480261,144.9746653,12.8,6.20,6.04
3479.2,-37.8480214,144.9747219,12.9,6.24,6.00
3484.2,-37.8480258,144.9747785,13.0,5.80,6.44
3489.2,-37.8480412,144.9748320,13.1,5.78,6.46
3494.2,-37.8480657,144.9748797,13.2,6.08,6.28
3499.2,-37.8480959,144.9749219,13.3,6.21,6.34
3504.2,-37.8481273,144.9749625,13.3,6.34,6.40
3509.2,-37.8481582,144.9750040,13.3,6.48,6.47
3514.2,-37.8481884,144.9750461,13.2,6.61,6.53
3519.2,-37.8482182,144.9750887,13.2,6.74,6.59
3524.2,-37.8482479,144.9751315,13.1,6.88,6.65
3529.2,-37.8482774,144.9751744,13.0,7.01,6.72
3534.2,-37.8483069,144.9752174,12.9,7.15,6.79
3539.2,-37.8483363,144.9752605,12.9,7.46,7.34
3544.2,-37.8483657,144.9753036,12.8,7.74,7.86
3549.2,-37.8483949,144.9753468,12.8,7.76,7.84
3554.2,-37.8484241,144.9753901,12.8,7.78,7.82
3559.2,-37.8484532,144.9754335,12.8,7.79,7.81
3564.1,-37.8484823,144.9754770,12.9,7.79,7.81
3569.1,-37.8485112,144.9755205,13.0,7.79,7.81
3574.1,-37.8485401,144.9755641,13.0,7.79,7.81
3579.1,-37.8485690,144.9756078,13.1,7.79,7.81
3584.1,-37.8485978,144.9756515,13.2,7.78,7.82
3589.1,-37.8486266,144.9756951,13.2,7.78,7.82
3594.1,-37.8486555,144.9757388,13.2,7.78,7.82
3599.1,-37.8486844,144.9757824,13.2,7.78,7.82
3604.1,-37.8487133,144.9758260,13.1,7.78,7.82
3609.1,-37.8487423,144.9758695,13.0,7.78,7.82
3614.1,-37.8487714,144.9759129,12.9,7.78,7.82
3619.1,-37.8488006,144.9759562,12.7,7.76,7.84
3624.1,-37.8488300,144.9759993,12.5,7.74,7.86
3629.1,-37.8488594,144.9760423,12.2,7.72,7.88
3634.1,-37.8488891,144.9760851,12.0,7.70,7.90
3639.1,-37.8489189,144.9761277,11.7,7.68,7.92
3644.1,-37.8489489,144.9761701,11.5,7.67,7.93
3649.1,-37.8489791,144.9762123,11.2,7.65,7.95
3654.1,-37.8490094,144.9762543,11.0,7.64,7.96
3659.1,-37.8490399,144.9762962,10.8,7.70,7.90
3664.1,-37.8490703,144.9763381,10.7,7.76,7.84
3669.1,-37.8491006,144.9763802,10.5,7.82,7.78
3674.1,-37.8491306,144.9764225,10.5,7.88,7.72
3679.1,-37.8491604,144.9764652,10.4,7.94,7.66
3684.1,-37.8491897,144.9765083,10.4,7.92,7.61
3689.1,-37.8492186,144.9765520,10.4,7.71,7.58
3694.1,-37.8492470,144.9765961,10.5,7.50,7.54
3699.1,-37.8492753,144.9766403,10.5,7.29,7.51
3704.1,-37.8493040,144.9766841,10.6,7.08,7.48
3709.1,-37.8493335,144.9767271,10.7,6.87,7.45
3714.1,-37.8493640,144.9767689,10.8,6.66,7.41
3719.1,-37.8493953,144.9768098,10.9,6.63,7.02
3724.1,-37.8494269,144.9768504,11.0,6.63,6.57
3729.1,-37.8494583,144.9768911,11.1,6.62,6.13
3734.1,-37.8494891,144.9769325,11.1,6.49,6.01
3739.1,-37.8495197,144.9769742,11.2,6.22,6.28
3744.1,-37.8495504,144.9770158,11.3,5.95,6.55
3749.1,-37.8495818,144.9770566,11.4,6.01,6.49
3754.1,-37.8496142,144.9770960,11.4,6.20,6.30
3759.1,-37.8496478,144.9771339,11.4,6.29,6.21
3764.1,-37.8496824,144.9771702,11.4,6.23,6.27
3769.1,-37.8497178,144.9772053,11.4,6.16,6.34
3774.1,-37.8497539,144.9772393,11.3,6.12,6.38
3779.1,-37.8497906,144.9772722,11.3,6.16,6.34
3784.1,-37.8498278,144.9773041,11.2,6.20,6.30
3789.1,-37.8498655,144.9773351,11.1,6.21,6.29
3794.1,-37.8499037,144.9773652,11.1,6.13,6.37
3799.1,-37.8499422,144.9773944,11.0,6.06,6.44
3804.1,-37.8499812,144.9774228,10.9,6.11,6.39
3809.1,-37.8500205,144.9774506,10.8,6.17,6.33
3814.1,-37.8500600,144.9774776,10.7,6.23,6.27
3819.1,-37.8500999,144.9775037,10.7,6.27,6.23
3824.1,-37.8501404,144.9775287,10.6,6.19,6.31
3829.1,-37.8501814,144.9775520,10.6,6.11,6.39
3834.1,-37.8502231,144.9775732,10.5,6.03,6.47
3839.1,-37.8502655,144.9775920,10.5,6.05,6.45
3844.1,-37.8503084,144.9776091,10.5,6.08,6.42
3849.1,-37.8503516,144.9776249,10.4,6.12,6.38
3854.1,-37.8503949,144.9776402,10.4,6.17,6.33
3859.1,-37.8504382,144.9776556,10.3,6.23,6.27
3864.1,-37.8504815,144.9776710,10.3,6.29,6.21
3869.1,-37.8505247,144.9776865,10.2,6.35,6.15
3874.1,-37.8505680,144.9777021,10.1,6.35,6.15
3879.1,-37.8506112,144.9777177,10.0,6.35,6.15
3884.1,-37.8506544,144.9777334,9.9,6.35,6.15
3889.1,-37.8506976,144.9777491,9.8,6.34,6.16
3894.1,-37.8507408,144.9777648,9.7,6.26,6.24
3899.1,-37.8507840,144.9777806,9.6,6.16,6.34
3904.1,-37.8508272,144.9777964,9.4,6.07,6.43
3909.1,-37.8508704,144.9778121,9.3,5.98,6.52
3914.1,-37.8509136,144.9778279,9.2,6.05,6.45
3919.1,-37.8509568,144.9778437,9.0,6.20,6.30
3924.1,-37.8510000,144.9778595,8.9,6.35,6.15
3929.1,-37.8510432,144.9778752,8.9,6.34,6.16
3934.1,-37.8510864,144.9778909,8.8,6.33,6.17
3939.1,-37.8511296,144.9779066,8.8,6.32,6.18
3944.1,-37.8511728,144.9779223,8.8,6.31,6.19
3949.1,-37.8512160,144.9779380,8.8,6.29,6.21
3954.1,-37.8512593,144.9779536,8.9,6.28,6.22
3959.1,-37.8513025,144.9779692,9.0,6.27,6.23
3964.1,-37.8513458,144.9779847,9.2,6.26,6.24
3969.1,-37.8513890,144.9780002,9.3,6.25,6.25
3974.1,-37.8514323,144.9780156,9.4,6.24,6.26
3979.1,-37.8514756,144.9780310,9.6,6.23,6.27
3984.0,-37.8515189,144.9780463,9.6,6.23,6.27
3989.0,-37.8515622,144.9780615,9.7,6.22,6.28
3994.0,-37.8516055,144.9780767,9.7,6.21,6.29
3999.0,-37.8516489,144.9780917,9.8,6.20,6.30
4004.0,-37.8516923,144.9781067,9.7,6.19,6.31
4009.0,-37.8517357,144.9781216,9.6,6.18,6.32
4014.0,-37.8517791,144.9781363,9.4,6.15,6.35
4019.0,-37.8518225,144.9781509,9.2,6.12,6.38
4024.0,-37.8518660,144.9781654,9.0,6.11,6.37
4029.0,-37.8519095,144.9781797,8.7,6.10,6.35
4034.0,-37.8519531,144.9781939,8.4,6.09,6.34
4039.0,-37.8519966,144.9782079,8.1,6.08,6.32
4044.0,-37.8520403,144.9782217,7.8,6.07,6.30
4049.0,-37.8520839,144.9782353,7.5,6.06,6.28
4054.0,-37.8521276,144.9782488,7.2,6.05,6.28
4059.0,-37.8521713,144.9782620,6.9,6.05,6.30
4064.0,-37.8522151,144.9782751,6.7,6.06,6.32
4069.0,-37.8522589,144.9782879,6.5,6.06,6.34
4074.0,-37.8523027,144.9783006,6.3,6.06,6.36
4079.0,-37.8523466,144.9783130,6.2,6.07,6.38
4084.0,-37.8523904,144.9783253,6.1,6.07,6.40
4089.0,-37.8524344,144.9783375,6.1,6.07,6.42
4094.0,-37.8524783,144.9783495,6.1,6.08,6.44
4099.0,-37.8525223,144.9783614,6.1,6.08,6.46
4104.0,-37.8525662,144.9783732,6.1,6.08,6.49
4109.0,-37.8526102,144.9783850,6.2,6.09,6.51
4114.0,-37.8526542,144.9783966,6.3,6.09,6.53
4119.0,-37.8526982,144.9784083,6.4,6.09,6.55
4124.0,-37.8527423,144.9784199,6.5,6.10,6.57
4129.0,-37.8527863,144.9784315,6.6,6.14,6.53
4134.0,-37.8528303,144.9784430,6.7,6.20,6.46
4139.0,-37.8528743,144.9784546,6.9,6.26,6.39
4144.0,-37.8529183,144.9784663,7.0,6.32,6.32
4149.0,-37.8529623,144.9784778,7.1,6.38,6.25
4154.0,-37.8530065,144.9784886,7.3,6.44,6.18
4159.0,-37.8530508,144.9784981,7.5,6.33,6.22
4164.0,-37.8530954,144.9785055,7.7,6.05,6.36
4169.0,-37.8531402,144.9785089,7.9,5.76,6.65
4174.0,-37.8531823,144.9784906,8.2,5.80,6.78
4179.0,-37.8532088,144.9784449,8.5,5.89,6.08
4184.0,-37.8532251,144.9783918,8.8,5.88,5.98
4189.0,-37.8532391,144.9783377,9.2,5.85,5.93
4194.0,-37.8532532,144.9782837,9.6,5.83,5.88
4199.0,-37.8532677,144.9782297,9.9,5.80,5.84
4204.0,-37.8532823,144.9781759,10.3,5.78,5.79
4209.0,-37.8532974,144.9781223,10.7,5.76,5.74
4214.0,-37.8533127,144.9780688,11.1,5.76,5.74
4219.0,-37.8533282,144.9780153,11.5,5.77,5.73
4224.0,-37.8533439,144.9779620,11.8,5.77,5.73
4229.0,-37.8533595,144.9779086,12.1,5.78,5.72
4234.0,-37.8533751,144.9778552,12.3,5.78,5.72
4239.0,-37.8533905,144.9778017,12.5,5.79,5.71
4244.0,-37.8534060,144.9777482,12.6,5.79,5.71
4249.0,-37.8534214,144.9776947,12.7,5.80,5.70
4254.0,-37.8534367,144.9776412,12.7,5.80,5.70
4259.0,-37.8534521,144.9775877,12.7,5.81,5.69
4264.0,-37.8534674,144.9775342,12.6,5.81,5.69
4269.0,-37.8534828,144.9774807,12.5,5.82,5.68
4274.0,-37.8534981,144.9774272,12.3,5.82,5.68
4279.0,-37.8535135,144.9773737,12.2,5.83,5.67
4284.0,-37.8535290,144.9773202,12.0,5.83,5.67
4289.0,-37.8535444,144.9772668,11.8,5.84,5.66
4294.0,-37.8535600,144.9772134,11.7,5.84,5.66
4299.0,-37.8535756,144.9771600,11.5,5.85,5.65
4304.0,-37.8535913,144.9771066,11.3,5.85,5.65
4309.0,-37.8536072,144.9770534,11.1,5.86,5.64
4314.0,-37.8536231,144.9770001,11.0,5.86,5.64
4319.0,-37.8536391,144.9769469,10.8,5.86,5.64
4324.0,-37.8536552,144.9768937,10.6,5.84,5.66
4329.0,-37.8536713,144.9768406,10.4,5.83,5.67
4334.0,-37.8536875,144.9767875,10.2,5.82,5.68
4339.0,-37.8537036,144.9767344,10.0,5.81,5.69
4344.0,-37.8537198,144.9766812,9.7,5.80,5.70
4349.0,-37.8537360,144.9766281,9.5,5.79,5.71
4354.0,-37.8537521,144.9765750,9.2,5.78,5.72
4359.0,-37.8537682,144.9765218,8.9,5.77,5.73
4364.0,-37.8537844,144.9764687,8.7,5.76,5.74
4369.0,-37.8538009,144.9764157,8.4,5.75,5.75
4374.0,-37.8538176,144.9763629,8.2,5.74,5.76
4379.0,-37.8538345,144.9763101,8.0,5.71,5.79
4384.0,-37.8538509,144.9762571,7.9,5.67,5.83
4389.0,-37.8538660,144.9762035,7.7,5.63,5.87
4394.0,-37.8538792,144.9761491,7.7,5.59,5.91
4398.9,-37.8538897,144.9760937,7.7,5.54,5.96
4403.9,-37.8538970,144.9760376,7.8,5.55,5.95
4408.9,-37.8539006,144.9759808,7.8,5.59,5.91
4413.9,-37.8538998,144.9759239,8.0,5.60,5.90
4418.9,-37.8538945,144.9758674,8.2,5.63,5.87
4423.9,-37.8538849,144.9758118,8.5,5.80,5.70
4428.9,-37.8538715,144.9757574,8.8,5.93,5.57
4433.9,-37.8538548,144.9757046,9.2,5.70,5.80
4438.9,-37.8538349,144.9756535,9.6,5.53,5.97
4443.9,-37.8538123,144.9756043,9.9,5.51,5.99
4448.9,-37.8537870,144.9755573,10.3,5.50,6.00
4453.9,-37.8537592,144.9755125,10.7,5.56,5.94
4458.9,-37.8537292,144.9754702,11.0,5.63,5.87
4463.9,-37.8536970,144.9754304,11.2,5.66,5.84
4468.9,-37.8536629,144.9753933,11.5,5.69,5.81
4473.9,-37.8536270,144.9753590,11.6,5.67,5.83
4478.9,-37.8535896,144.9753275,11.7,5.65,5.85
4483.9,-37.8535510,144.9752982,11.6,5.65,5.85
4488.9,-37.8535118,144.9752705,11.6,5.67,5.83
4493.9,-37.8534722,144.9752435,11.4,5.68,5.82
4498.9,-37.8534326,144.9752165,11.1,5.69,5.81
4503.9,-37.8533932,144.9751891,10.8,5.70,5.80
4508.9,-37.8533539,144.9751615,10.5,5.71,5.79
4513.9,-37.8533147,144.9751337,10.0,5.72,5.78
4518.9,-37.8532754,144.9751060,9.6,5.74,5.76
4523.9,-37.8532360,144.9750784,9.2,5.75,5.75
4528.9,-37.8531966,144.9750510,8.7,5.76,5.74
4533.9,-37.8531572,144.9750237,8.3,5.77,5.73
4538.9,-37.8531177,144.9749965,7.9,5.78,5.72
4543.9,-37.8530782,144.9749693,7.6,5.80,5.70
4548.9,-37.8530387,144.9749420,7.2,5.81,5.69
4553.9,-37.8529993,144.9749148,7.0,5.82,5.68
4558.9,-37.8529598,144.9748874,6.8,5.83,5.67
4563.9,-37.8529204,144.9748600,6.7,5.84,5.66
4568.9,-37.8528811,144.9748325,6.6,5.86,5.64
4573.9,-37.8528418,144.9748048,6.5,5.87,5.63
4578.9,-37.8528025,144.9747771,6.5,5.88,5.62
4583.9,-37.8527633,144.9747493,6.6,5.89,5.61
4588.9,-37.8527242,144.9747213,6.6,5.90,5.60
4593.9,-37.8526851,144.9746932,6.7,5.92,5.58
4598.9,-37.8526460,144.9746650,6.8,5.91,5.59
4603.9,-37.8526070,144.9746367,6.9,5.91,5.59
4608.9,-37.8525681,144.9746083,7.0,5.90,5.60
4613.9,-37.8525292,144.9745797,7.1,5.89,5.61
4618.9,-37.8524904,144.9745510,7.2,5.88,5.62
4623.9,-37.8524516,144.9745221,7.2,5.88,5.62
4628.9,-37.8524129,144.9744932,7.3,5.87,5.63
4633.9,-37.8523743,144.9744640,7.3,5.86,5.64
4638.9,-37.8523357,144.9744348,7.3,5.86,5.64
4643.9,-37.8522972,144.9744054,7.3,5.85,5.65
4648.9,-37.8522587,144.9743759,7.2,5.84,5.66
4653.9,-37.8522203,144.9743464,7.1,5.87,5.63
4658.9,-37.8521818,144.9743170,7.1,5.91,5.59
4663.9,-37.8521433,144.9742877,7.0,5.95,5.55
4668.9,-37.8521059,144.9742561,6.9,5.99,5.51
4673.9,-37.8520720,144.9742187,6.8,5.96,5.54
4678.9,-37.8520468,144.9741718,6.7,5.94,5.56
4683.9,-37.8520362,144.9741167,6.6,6.06,5.44
4688.9,-37.8520398,144.9740601,6.5,6.04,5.46
4693.9,-37.8520576,144.9740079,6.5,5.73,5.77
4698.9,-37.8520872,144.9739651,6.4,5.66,5.84
4703.9,-37.8521210,144.9739276,6.4,5.69,5.81
4708.9,-37.8521549,144.9738902,6.4,5.71,5.79
4713.9,-37.8521886,144.9738524,6.5,5.74,5.76
4718.9,-37.8522220,144.9738145,6.5,5.76,5.74
4723.9,-37.8522555,144.9737764,6.6,5.78,5.72
4728.9,-37.8522888,144.9737383,6.7,5.81,5.69
4733.9,-37.8523223,144.9737002,6.8,5.81,5.69
4738.9,-37.8523557,144.9736622,6.9,5.81,5.69
4743.9,-37.8523893,144.9736242,7.0,5.82,5.68
4748.9,-37.8524229,144.9735865,7.1,5.82,5.68
4753.9,-37.8524567,144.9735489,7.2,5.82,5.68
4758.9,-37.8524907,144.9735116,7.2,5.83,5.67
4763.9,-37.8525248,144.9734746,7.3,5.83,5.67
4768.9,-37.8525591,144.9734378,7.4,5.83,5.67
4773.9,-37.8525934,144.9734009,7.4,5.84,5.66
4778.9,-37.8526271,144.9733633,7.4,5.84,5.66
4783.9,-37.8526600,144.9733245,7.4,5.77,5.73
4788.9,-37.8526915,144.9732839,7.3,5.53,5.97
4793.9,-37.8527211,144.9732411,7.3,5.29,6.21
4798.9,-37.8527483,144.9731957,7.2,5.45,6.05
4803.9,-37.8527722,144.9731475,7.2,5.62,5.88
4808.9,-37.8527925,144.9730967,7.1,5.77,5.73
4813.9,-37.8528091,144.9730438,7.0,5.81,5.69
4818.8,-37.8528221,144.9729893,6.9,5.63,5.87
4823.8,-37.8528317,144.9729337,6.8,5.54,5.96
4828.8,-37.8528379,144.9728773,6.7,5.56,5.94
4833.8,-37.8528407,144.9728205,6.6,5.58,5.92
4838.8,-37.8528398,144.9727636,6.5,5.52,5.98
4843.8,-37.8528352,144.9727070,6.4,5.48,6.02
4848.8,-37.8528270,144.9726510,6.3,5.61,5.89
4853.8,-37.8528152,144.9725961,6.3,5.74,5.76
4858.8,-37.8528000,144.9725425,6.2,5.69,5.81
4863.8,-37.8527816,144.9724906,6.2,5.54,5.96
4868.8,-37.8527601,144.9724406,6.1,5.53,5.97
4873.8,-37.8527356,144.9723928,6.1,5.68,5.82
4878.8,-37.8527088,144.9723471,6.1,5.87,5.63
4883.8,-37.8526803,144.9723031,6.1,5.79,5.71
4888.8,-37.8526508,144.9722602,6.0,5.72,5.78
4893.8,-37.8526205,144.9722181,6.0,5.68,5.82
4898.8,-37.8525898,144.9721765,6.0,5.64,5.86
4903.8,-37.8525586,144.9721355,6.0,5.61,5.89
4908.8,-37.8525271,144.9720950,6.0,5.62,5.88
4913.8,-37.8524952,144.9720548,6.0,5.63,5.87
4918.8,-37.8524632,144.9720148,6.0,5.64,5.86
4923.8,-37.8524310,144.9719750,6.1,5.65,5.85
4928.8,-37.8523988,144.9719354,6.1,5.66,5.84
4933.8,-37.8523666,144.9718957,6.1,5.68,5.82
4938.8,-37.8523344,144.9718559,6.1,5.69,5.81
4943.8,-37.8523022,144.9718162,6.2,5.70,5.80
4948.8,-37.8522700,144.9717764,6.2,5.71,5.79
4953.8,-37.8522379,144.9717366,6.3,5.72,5.78
4958.8,-37.8522058,144.9716968,6.4,5.73,5.77
4963.8,-37.8521736,144.9716569,6.5,5.74,5.76
4968.8,-37.8521415,144.9716171,6.6,5.75,5.75
4973.8,-37.8521095,144.9715772,6.7,5.76,5.74
4978.8,-37.8520774,144.9715373,6.8,5.78,5.72
4983.8,-37.8520453,144.9714974,6.9,5.79,5.71
4988.8,-37.8520133,144.9714575,7.1,5.80,5.70
4993.8,-37.8519812,144.9714176,7.2,5.81,5.69
4998.8,-37.8519492,144.9713776,7.4,5.82,5.68
5003.8,-37.8519171,144.9713377,7.5,5.83,5.67
5008.8,-37.8518851,144.9712977,7.6,5.84,5.68
5013.8,-37.8518531,144.9712577,7.8,5.85,5.70
5018.8,-37.8518211,144.9712178,7.9,5.86,5.71
5023.8,-37.8517891,144.9711778,8.1,5.87,5.72
5028.8,-37.8517571,144.9711378,8.2,5.87,5.73
5033.8,-37.8517251,144.9710978,8.3,5.88,5.74
5038.8,-37.8516931,144.9710578,8.4,5.89,5.75
5043.8,-37.8516612,144.9710177,8.5,5.90,5.76
5048.8,-37.8516292,144.9709777,8.6,5.91,5.77
5053.8,-37.8515972,144.9709377,8.7,5.92,5.78
5058.8,-37.8515653,144.9708976,8.8,5.92,5.79
5063.8,-37.8515333,144.9708576,8.8,5.93,5.80
5068.8,-37.8515014,144.9708175,8.9,5.94,5.81
5073.8,-37.8514695,144.9707775,8.9,5.95,5.82
5078.8,-37.8514375,144.9707374,9.0,5.96,5.83
5083.8,-37.8514056,144.9706973,9.0,5.97,5.84
5088.8,-37.8513736,144.9706572,9.1,5.98,5.85
5093.8,-37.8513417,144.9706172,9.1,5.98,5.86
5098.8,-37.8513098,144.9705771,9.2,5.99,5.87
5103.8,-37.8512779,144.9705370,9.2,6.00,5.88
5108.8,-37.8512460,144.9704969,9.3,6.01,5.89
5113.8,-37.8512140,144.9704568,9.3,6.02,5.90
5118.8,-37.8511821,144.9704167,9.4,6.03,5.91
5123.8,-37.8511502,144.9703766,9.4,6.04,5.92
5128.8,-37.8511183,144.9703365,9.4,6.04,5.94
5133.8,-37.8510864,144.9702964,9.5,6.05,5.95
5138.8,-37.8510545,144.9702563,9.5,6.06,5.96
5143.8,-37.8510226,144.9702162,9.5,6.07,5.97
5148.8,-37.8509906,144.9701761,9.5,6.08,5.98
5153.8,-37.8509587,144.9701360,9.5,6.09,5.99
5158.8,-37.8509268,144.9700959,9.5,6.10,6.00
5163.8,-37.8508949,144.9700558,9.4,6.10,6.01
5168.8,-37.8508630,144.9700157,9.4,6.11,6.02
5173.8,-37.8508311,144.9699756,9.4,6.12,6.03
5178.8,-37.8507992,144.9699355,9.3,6.13,6.04
5183.8,-37.8507673,144.9698954,9.3,6.14,6.05
5188.8,-37.8507353,144.9698553,9.3,6.15,6.06
5193.8,-37.8507034,144.9698152,9.3,6.16,6.07
5198.8,-37.8506715,144.9697751,9.3,6.16,6.08
5203.8,-37.8506396,144.9697350,9.4,6.17,6.09
5208.8,-37.8506077,144.9696949,9.4,6.18,6.10
5213.8,-37.8505758,144.9696548,9.5,6.19,6.11
5218.8,-37.8505439,144.9696148,9.6,6.20,6.12
5223.8,-37.8505119,144.9695747,9.7,6.21,6.13
5228.8,-37.8504800,144.9695346,9.8,6.22,6.14
5233.8,-37.8504481,144.9694945,9.9,6.22,6.15
5238.7,-37.8504162,144.9694544,10.0,6.23,6.16
5243.7,-37.8503842,144.9694143,10.1,6.24,6.18
5248.7,-37.8503523,144.9693742,10.2,6.25,6.19
5253.7,-37.8503204,144.9693342,10.3,6.26,6.20
5258.7,-37.8502885,144.9692941,10.4,6.27,6.21
5263.7,-37.8502565,144.9692540,10.5,6.28,6.22
5268.7,-37.8502246,144.9692139,10.6,6.28,6.23
5273.7,-37.8501927,144.9691739,10.7,6.29,6.24
5278.7,-37.8501607,144.9691338,10.7,6.30,6.25
5283.7,-37.8501288,144.9690937,10.8,6.31,6.26
5288.7,-37.8500968,144.9690537,10.8,6.32,6.27
5293.7,-37.8500649,144.9690136,10.8,6.33,6.28
