# baku: centreline in race direction, 5 m spacing. Source: OpenStreetMap contributors (ODbL); elevation srtm30m via OpenTopoData
# widths are metres from the centreline to the track edge (TUMFTM only, blank for OSM)
s_m,lat,lon,elev_m,w_right_m,w_left_m
0.0,40.3720939,49.8514080,-19.5,,
5.0,40.3721116,49.8514622,-19.5,,
10.0,40.3721293,49.8515165,-19.5,,
15.0,40.3721470,49.8515707,-19.6,,
20.0,40.3721647,49.8516250,-19.7,,
25.0,40.3721824,49.8516792,-19.8,,
30.0,40.3722001,49.8517335,-20.0,,
35.0,40.3722178,49.8517877,-20.3,,
40.0,40.3722355,49.8518419,-20.5,,
45.0,40.3722532,49.8518962,-20.8,,
50.0,40.3722709,49.8519504,-21.1,,
55.0,40.3722886,49.8520047,-21.4,,
60.0,40.3723063,49.8520589,-21.7,,
65.0,40.3723240,49.8521131,-22.0,,
70.0,40.3723417,49.8521674,-22.2,,
75.0,40.3723594,49.8522216,-22.4,,
80.0,40.3723771,49.8522759,-22.6,,
85.0,40.3723948,49.8523301,-22.7,,
90.0,40.3724124,49.8523844,-22.8,,
95.0,40.3724301,49.8524386,-22.8,,
100.0,40.3724478,49.8524928,-22.7,,
105.0,40.3724655,49.8525471,-22.6,,
110.0,40.3724832,49.8526013,-22.5,,
115.0,40.3725009,49.8526556,-22.3,,
120.0,40.3725186,49.8527098,-22.1,,
125.0,40.3725363,49.8527640,-21.9,,
130.0,40.3725540,49.8528183,-21.6,,
135.0,40.3725717,49.8528725,-21.3,,
140.0,40.3725894,49.8529268,-21.1,,
145.0,40.3726069,49.8529811,-20.8,,
150.0,40.3726245,49.8530355,-20.5,,
155.0,40.3726420,49.8530898,-20.3,,
160.0,40.3726595,49.8531441,-20.0,,
165.0,40.3726771,49.8531985,-19.9,,
170.0,40.3726946,49.8532528,-19.7,,
175.0,40.3727121,49.8533071,-19.6,,
180.0,40.3727296,49.8533615,-19.5,,
185.0,40.3727472,49.8534158,-19.5,,
189.9,40.3727647,49.8534701,-19.5,,
194.9,40.3727822,49.8535245,-19.6,,
199.9,40.3727998,49.8535788,-19.6,,
204.9,40.3728173,49.8536331,-19.7,,
209.9,40.3728348,49.8536875,-19.9,,
214.9,40.3728524,49.8537418,-20.0,,
219.9,40.3728699,49.8537961,-20.2,,
224.9,40.3728874,49.8538505,-20.3,,
229.9,40.3729050,49.8539048,-20.4,,
234.9,40.3729225,49.8539591,-20.5,,
239.9,40.3729400,49.8540135,-20.6,,
244.9,40.3729576,49.8540678,-20.6,,
249.9,40.3729751,49.8541221,-20.7,,
254.9,40.3729926,49.8541765,-20.6,,
259.9,40.3730102,49.8542308,-20.5,,
264.9,40.3730277,49.8542851,-20.4,,
269.9,40.3730452,49.8543395,-20.2,,
274.9,40.3730628,49.8543938,-20.0,,
279.9,40.3730803,49.8544481,-19.8,,
284.9,40.3730978,49.8545025,-19.5,,
289.9,40.3731153,49.8545568,-19.3,,
294.9,40.3731329,49.8546111,-19.1,,
299.9,40.3731504,49.8546655,-18.8,,
304.9,40.3731679,49.8547198,-18.7,,
309.9,40.3731855,49.8547742,-18.5,,
314.9,40.3732030,49.8548285,-18.3,,
319.9,40.3732205,49.8548828,-18.2,,
324.9,40.3732381,49.8549372,-18.2,,
329.9,40.3732556,49.8549915,-18.2,,
334.9,40.3732738,49.8550454,-18.2,,
339.9,40.3733002,49.8550931,-18.3,,
344.9,40.3733292,49.8551371,-18.5,,
349.9,40.3733685,49.8551657,-18.6,,
354.9,40.3734115,49.8551740,-18.9,,
359.9,40.3734563,49.8551711,-19.1,,
364.9,40.3734988,49.8551518,-19.4,,
369.9,40.3735409,49.8551311,-19.7,,
374.9,40.3735828,49.8551098,-20.1,,
379.9,40.3736247,49.8550885,-20.4,,
384.9,40.3736666,49.8550672,-20.8,,
389.9,40.3737086,49.8550459,-21.2,,
394.9,40.3737505,49.8550246,-21.5,,
399.9,40.3737924,49.8550033,-21.9,,
404.9,40.3738325,49.8549766,-22.2,,
409.9,40.3738725,49.8549497,-22.5,,
414.9,40.3739130,49.8549242,-22.8,,
419.9,40.3739545,49.8549013,-23.1,,
424.9,40.3739959,49.8548784,-23.3,,
429.9,40.3740373,49.8548554,-23.5,,
434.9,40.3740787,49.8548325,-23.6,,
439.9,40.3741201,49.8548096,-23.8,,
444.9,40.3741615,49.8547866,-23.8,,
449.9,40.3742025,49.8547622,-23.8,,
454.9,40.3742434,49.8547379,-23.8,,
459.9,40.3742844,49.8547135,-23.8,,
464.9,40.3743253,49.8546891,-23.6,,
469.9,40.3743663,49.8546648,-23.5,,
474.9,40.3744072,49.8546404,-23.3,,
479.9,40.3744477,49.8546148,-23.1,,
484.9,40.3744882,49.8545891,-22.9,,
489.9,40.3745286,49.8545634,-22.7,,
494.9,40.3745691,49.8545377,-22.4,,
499.9,40.3746096,49.8545121,-22.1,,
504.9,40.3746501,49.8544864,-21.8,,
509.9,40.3746905,49.8544607,-21.5,,
514.9,40.3747310,49.8544351,-21.2,,
519.9,40.3747715,49.8544094,-20.9,,
524.9,40.3748120,49.8543837,-20.5,,
529.9,40.3748525,49.8543580,-20.2,,
534.9,40.3748929,49.8543324,-19.9,,
539.9,40.3749334,49.8543067,-19.6,,
544.9,40.3749739,49.8542810,-19.3,,
549.9,40.3750144,49.8542554,-19.0,,
554.9,40.3750548,49.8542297,-18.7,,
559.9,40.3750953,49.8542040,-18.4,,
564.9,40.3751358,49.8541783,-18.1,,
569.8,40.3751763,49.8541527,-17.8,,
574.8,40.3752167,49.8541270,-17.5,,
579.8,40.3752576,49.8541025,-17.2,,
584.8,40.3752986,49.8540783,-17.0,,
589.8,40.3753396,49.8540541,-16.8,,
594.8,40.3753806,49.8540299,-16.6,,
599.8,40.3754212,49.8540044,-16.4,,
604.8,40.3754617,49.8539789,-16.3,,
609.8,40.3755024,49.8539537,-16.2,,
614.8,40.3755431,49.8539287,-16.2,,
619.8,40.3755845,49.8539057,-16.2,,
624.8,40.3756259,49.8538828,-16.2,,
629.8,40.3756673,49.8538599,-16.3,,
634.8,40.3757088,49.8538371,-16.5,,
639.8,40.3757503,49.8538143,-16.6,,
644.8,40.3757917,49.8537915,-16.8,,
649.8,40.3758332,49.8537687,-17.0,,
654.8,40.3758746,49.8537459,-17.3,,
659.8,40.3759161,49.8537231,-17.5,,
664.8,40.3759576,49.8537003,-17.8,,
669.8,40.3759990,49.8536775,-18.1,,
674.8,40.3760405,49.8536547,-18.4,,
679.8,40.3760761,49.8536192,-18.7,,
684.8,40.3761054,49.8535757,-19.0,,
689.8,40.3761202,49.8535212,-19.3,,
694.8,40.3761231,49.8534626,-19.5,,
699.8,40.3761166,49.8534042,-19.7,,
704.8,40.3761027,49.8533484,-19.9,,
709.8,40.3760861,49.8532936,-20.0,,
714.8,40.3760695,49.8532388,-20.1,,
719.8,40.3760528,49.8531840,-20.1,,
724.8,40.3760362,49.8531291,-20.1,,
729.8,40.3760196,49.8530743,-20.1,,
734.8,40.3760029,49.8530195,-20.0,,
739.8,40.3759863,49.8529647,-20.0,,
744.8,40.3759697,49.8529099,-19.8,,
749.8,40.3759536,49.8528547,-19.7,,
754.8,40.3759379,49.8527995,-19.5,,
759.8,40.3759221,49.8527442,-19.4,,
764.8,40.3759063,49.8526890,-19.2,,
769.8,40.3758905,49.8526337,-19.0,,
774.8,40.3758747,49.8525785,-18.8,,
779.8,40.3758589,49.8525232,-18.6,,
784.8,40.3758431,49.8524680,-18.4,,
789.8,40.3758273,49.8524128,-18.2,,
794.8,40.3758115,49.8523575,-18.0,,
799.8,40.3757958,49.8523023,-17.8,,
804.8,40.3757800,49.8522470,-17.6,,
809.8,40.3757642,49.8521918,-17.3,,
814.8,40.3757484,49.8521365,-17.1,,
819.8,40.3757326,49.8520813,-17.0,,
824.8,40.3757168,49.8520260,-16.8,,
829.8,40.3757010,49.8519708,-16.6,,
834.8,40.3756852,49.8519155,-16.5,,
839.8,40.3756694,49.8518603,-16.3,,
844.8,40.3756537,49.8518050,-16.2,,
849.8,40.3756367,49.8517504,-16.1,,
854.8,40.3756196,49.8516958,-16.0,,
859.8,40.3756025,49.8516412,-15.9,,
864.8,40.3755847,49.8515871,-15.7,,
869.8,40.3755682,49.8515323,-15.6,,
874.8,40.3755508,49.8514778,-15.4,,
879.8,40.3755338,49.8514232,-15.2,,
884.8,40.3755168,49.8513686,-15.0,,
889.8,40.3754997,49.8513140,-14.7,,
894.8,40.3754827,49.8512594,-14.4,,
899.8,40.3754657,49.8512048,-14.1,,
904.8,40.3754487,49.8511501,-13.7,,
909.8,40.3754317,49.8510955,-13.3,,
914.8,40.3754146,49.8510409,-12.9,,
919.8,40.3753976,49.8509863,-12.5,,
924.8,40.3753806,49.8509317,-12.0,,
929.8,40.3753636,49.8508771,-11.6,,
934.8,40.3753466,49.8508225,-11.2,,
939.8,40.3753296,49.8507678,-10.8,,
944.7,40.3753125,49.8507132,-10.4,,
949.7,40.3752955,49.8506586,-10.1,,
954.7,40.3752785,49.8506040,-9.8,,
959.7,40.3752615,49.8505494,-9.5,,
964.7,40.3752445,49.8504948,-9.4,,
969.7,40.3752274,49.8504401,-9.2,,
974.7,40.3752104,49.8503855,-9.1,,
979.7,40.3751934,49.8503309,-9.0,,
984.7,40.3751764,49.8502763,-9.0,,
989.7,40.3751594,49.8502217,-9.0,,
994.7,40.3751425,49.8501670,-9.0,,
999.7,40.3751259,49.8501121,-9.0,,
1004.7,40.3751093,49.8500573,-9.0,,
1009.7,40.3750927,49.8500025,-9.1,,
1014.7,40.3750761,49.8499476,-9.1,,
1019.7,40.3750595,49.8498928,-9.1,,
1024.7,40.3750429,49.8498380,-9.2,,
1029.7,40.3750261,49.8497833,-9.2,,
1034.7,40.3750089,49.8497287,-9.3,,
1039.7,40.3749907,49.8496748,-9.3,,
1044.7,40.3749725,49.8496208,-9.4,,
1049.7,40.3749539,49.8495671,-9.5,,
1054.7,40.3749353,49.8495134,-9.6,,
1059.7,40.3749167,49.8494596,-9.7,,
1064.7,40.3748982,49.8494059,-9.9,,
1069.7,40.3748796,49.8493522,-10.1,,
1074.7,40.3748610,49.8492984,-10.3,,
1079.7,40.3748424,49.8492447,-10.5,,
1084.7,40.3748239,49.8491910,-10.7,,
1089.7,40.3748053,49.8491373,-10.9,,
1094.7,40.3747867,49.8490835,-11.1,,
1099.7,40.3747681,49.8490298,-11.3,,
1104.7,40.3747495,49.8489761,-11.5,,
1109.7,40.3747310,49.8489223,-11.7,,
1114.7,40.3747124,49.8488686,-11.8,,
1119.7,40.3746938,49.8488149,-12.0,,
1124.7,40.3746752,49.8487611,-12.1,,
1129.7,40.3746567,49.8487074,-12.2,,
1134.7,40.3746381,49.8486537,-12.2,,
1139.7,40.3746195,49.8485999,-12.3,,
1144.7,40.3746009,49.8485462,-12.3,,
1149.7,40.3745823,49.8484925,-12.3,,
1154.7,40.3745638,49.8484387,-12.4,,
1159.7,40.3745452,49.8483850,-12.4,,
1164.7,40.3745266,49.8483313,-12.4,,
1169.7,40.3745080,49.8482775,-12.4,,
1174.7,40.3744895,49.8482238,-12.4,,
1179.7,40.3744709,49.8481701,-12.4,,
1184.7,40.3744523,49.8481163,-12.4,,
1189.7,40.3744337,49.8480626,-12.5,,
1194.7,40.3744151,49.8480089,-12.5,,
1199.7,40.3743966,49.8479551,-12.6,,
1204.7,40.3743780,49.8479014,-12.7,,
1209.7,40.3743594,49.8478477,-12.8,,
1214.7,40.3743408,49.8477940,-12.9,,
1219.7,40.3743222,49.8477402,-13.1,,
1224.7,40.3743037,49.8476865,-13.2,,
1229.7,40.3742851,49.8476328,-13.4,,
1234.7,40.3742665,49.8475790,-13.6,,
1239.7,40.3742479,49.8475253,-13.8,,
1244.7,40.3742294,49.8474716,-13.9,,
1249.7,40.3742108,49.8474178,-14.1,,
1254.7,40.3741922,49.8473641,-14.3,,
1259.7,40.3741736,49.8473104,-14.4,,
1264.7,40.3741550,49.8472566,-14.5,,
1269.7,40.3741365,49.8472029,-14.6,,
1274.7,40.3741179,49.8471492,-14.6,,
1279.7,40.3740993,49.8470954,-14.6,,
1284.7,40.3740807,49.8470417,-14.5,,
1289.7,40.3740622,49.8469879,-14.5,,
1294.7,40.3740439,49.8469341,-14.3,,
1299.7,40.3740255,49.8468802,-14.1,,
1304.7,40.3740070,49.8468264,-13.9,,
1309.7,40.3739888,49.8467725,-13.7,,
1314.7,40.3739711,49.8467182,-13.4,,
1319.6,40.3739523,49.8466646,-13.1,,
1324.6,40.3739336,49.8466110,-12.9,,
1329.6,40.3739148,49.8465574,-12.6,,
1334.6,40.3738960,49.8465038,-12.4,,
1339.6,40.3738773,49.8464501,-12.2,,
1344.6,40.3738585,49.8463965,-12.1,,
1349.6,40.3738397,49.8463429,-12.0,,
1354.6,40.3738210,49.8462893,-12.0,,
1359.6,40.3738022,49.8462357,-12.0,,
1364.6,40.3737834,49.8461821,-12.1,,
1369.6,40.3737647,49.8461284,-12.2,,
1374.6,40.3737459,49.8460748,-12.4,,
1379.6,40.3737271,49.8460212,-12.6,,
1384.6,40.3737084,49.8459676,-12.9,,
1389.6,40.3736896,49.8459140,-13.2,,
1394.6,40.3736708,49.8458603,-13.6,,
1399.6,40.3736521,49.8458067,-13.9,,
1404.6,40.3736333,49.8457531,-14.3,,
1409.6,40.3736146,49.8456995,-14.6,,
1414.6,40.3735958,49.8456459,-15.0,,
1419.6,40.3735770,49.8455922,-15.3,,
1424.6,40.3735583,49.8455386,-15.6,,
1429.6,40.3735395,49.8454850,-15.9,,
1434.6,40.3735207,49.8454314,-16.2,,
1439.6,40.3735020,49.8453778,-16.4,,
1444.6,40.3734832,49.8453241,-16.6,,
1449.6,40.3734644,49.8452705,-16.8,,
1454.6,40.3734457,49.8452169,-16.9,,
1459.6,40.3734269,49.8451633,-17.1,,
1464.6,40.3734081,49.8451097,-17.2,,
1469.6,40.3733894,49.8450560,-17.3,,
1474.6,40.3733706,49.8450024,-17.4,,
1479.6,40.3733518,49.8449488,-17.4,,
1484.6,40.3733331,49.8448952,-17.5,,
1489.6,40.3733143,49.8448416,-17.6,,
1494.6,40.3732955,49.8447879,-17.6,,
1499.6,40.3732768,49.8447343,-17.7,,
1504.6,40.3732580,49.8446807,-17.7,,
1509.6,40.3732392,49.8446271,-17.7,,
1514.6,40.3732205,49.8445735,-17.7,,
1519.6,40.3732017,49.8445198,-17.7,,
1524.6,40.3731829,49.8444662,-17.7,,
1529.6,40.3731642,49.8444126,-17.7,,
1534.6,40.3731454,49.8443590,-17.6,,
1539.6,40.3731245,49.8443070,-17.6,,
1544.6,40.3730989,49.8442585,-17.6,,
1549.6,40.3730639,49.8442225,-17.5,,
1554.6,40.3730229,49.8442000,-17.5,,
1559.6,40.3729792,49.8441881,-17.5,,
1564.6,40.3729343,49.8441888,-17.5,,
1569.6,40.3728914,49.8442045,-17.5,,
1574.6,40.3728491,49.8442246,-17.6,,
1579.6,40.3728069,49.8442447,-17.6,,
1584.6,40.3727646,49.8442649,-17.6,,
1589.6,40.3727224,49.8442850,-17.7,,
1594.6,40.3726801,49.8443052,-17.8,,
1599.6,40.3726379,49.8443253,-17.9,,
1604.6,40.3725956,49.8443455,-17.9,,
1609.6,40.3725534,49.8443656,-18.0,,
1614.6,40.3725111,49.8443858,-18.1,,
1619.6,40.3724689,49.8444059,-18.2,,
1624.6,40.3724266,49.8444261,-18.3,,
1629.6,40.3723843,49.8444461,-18.4,,
1634.6,40.3723421,49.8444665,-18.5,,
1639.6,40.3723003,49.8444880,-18.6,,
1644.6,40.3722584,49.8445093,-18.7,,
1649.6,40.3722166,49.8445311,-18.8,,
1654.6,40.3721753,49.8445545,-18.9,,
1659.6,40.3721341,49.8445779,-19.0,,
1664.6,40.3720928,49.8446013,-19.0,,
1669.6,40.3720515,49.8446247,-19.1,,
1674.6,40.3720102,49.8446480,-19.1,,
1679.6,40.3719690,49.8446714,-19.1,,
1684.6,40.3719277,49.8446948,-19.0,,
1689.6,40.3718864,49.8447182,-19.0,,
1694.6,40.3718451,49.8447416,-18.9,,
1699.5,40.3718039,49.8447650,-18.8,,
1704.5,40.3717626,49.8447883,-18.6,,
1709.5,40.3717213,49.8448117,-18.4,,
1714.5,40.3716800,49.8448351,-18.2,,
1719.5,40.3716388,49.8448585,-18.0,,
1724.5,40.3715975,49.8448819,-17.7,,
1729.5,40.3715562,49.8449053,-17.4,,
1734.5,40.3715150,49.8449286,-17.1,,
1739.5,40.3714737,49.8449520,-16.7,,
1744.5,40.3714324,49.8449754,-16.4,,
1749.5,40.3713911,49.8449988,-16.0,,
1754.5,40.3713499,49.8450222,-15.7,,
1759.5,40.3713061,49.8450352,-15.3,,
1764.5,40.3712621,49.8450472,-15.0,,
1769.5,40.3712176,49.8450488,-14.6,,
1774.5,40.3711729,49.8450431,-14.3,,
1779.5,40.3711331,49.8450177,-14.1,,
1784.5,40.3710958,49.8449854,-13.8,,
1789.5,40.3710663,49.8449408,-13.6,,
1794.5,40.3710378,49.8448955,-13.4,,
1799.5,40.3710189,49.8448419,-13.2,,
1804.5,40.3710001,49.8447883,-13.1,,
1809.5,40.3709812,49.8447348,-12.9,,
1814.5,40.3709624,49.8446812,-12.8,,
1819.5,40.3709435,49.8446276,-12.8,,
1824.5,40.3709249,49.8445739,-12.7,,
1829.5,40.3709069,49.8445199,-12.7,,
1834.5,40.3708889,49.8444658,-12.7,,
1839.5,40.3708711,49.8444116,-12.7,,
1844.5,40.3708533,49.8443574,-12.7,,
1849.5,40.3708355,49.8443032,-12.7,,
1854.5,40.3708177,49.8442491,-12.7,,
1859.5,40.3707999,49.8441949,-12.8,,
1864.5,40.3707821,49.8441407,-12.8,,
1869.5,40.3707643,49.8440865,-12.9,,
1874.5,40.3707465,49.8440323,-13.0,,
1879.5,40.3707285,49.8439783,-13.0,,
1884.5,40.3707103,49.8439243,-13.1,,
1889.5,40.3706923,49.8438702,-13.2,,
1894.5,40.3706748,49.8438159,-13.3,,
1899.5,40.3706574,49.8437615,-13.4,,
1904.5,40.3706399,49.8437071,-13.5,,
1909.5,40.3706225,49.8436527,-13.7,,
1914.5,40.3706050,49.8435984,-13.9,,
1919.5,40.3705876,49.8435440,-14.1,,
1924.5,40.3705701,49.8434896,-14.3,,
1929.5,40.3705527,49.8434352,-14.5,,
1934.5,40.3705352,49.8433808,-14.7,,
1939.5,40.3705170,49.8433269,-15.0,,
1944.5,40.3704976,49.8432737,-15.2,,
1949.5,40.3704760,49.8432220,-15.4,,
1954.5,40.3704527,49.8431716,-15.6,,
1959.5,40.3704294,49.8431211,-15.8,,
1964.5,40.3704061,49.8430706,-15.9,,
1969.5,40.3703828,49.8430202,-16.0,,
1974.5,40.3703595,49.8429697,-16.1,,
1979.5,40.3703362,49.8429193,-16.2,,
1984.5,40.3703128,49.8428688,-16.1,,
1989.5,40.3702895,49.8428184,-16.1,,
1994.5,40.3702662,49.8427679,-16.1,,
1999.5,40.3702429,49.8427175,-16.0,,
2004.5,40.3702196,49.8426670,-15.9,,
2009.5,40.3701963,49.8426165,-15.8,,
2014.5,40.3701730,49.8425661,-15.7,,
2019.5,40.3701497,49.8425156,-15.6,,
2024.5,40.3701264,49.8424652,-15.5,,
2029.5,40.3701031,49.8424147,-15.4,,
2034.5,40.3700798,49.8423643,-15.3,,
2039.5,40.3700565,49.8423138,-15.2,,
2044.5,40.3700331,49.8422634,-15.2,,
2049.5,40.3700098,49.8422129,-15.1,,
2054.5,40.3699854,49.8421634,-15.0,,
2059.5,40.3699609,49.8421139,-15.0,,
2064.5,40.3699364,49.8420645,-14.9,,
2069.5,40.3699118,49.8420150,-14.8,,
2074.4,40.3698862,49.8419666,-14.8,,
2079.4,40.3698570,49.8419218,-14.7,,
2084.4,40.3698277,49.8418771,-14.6,,
2089.4,40.3697964,49.8418347,-14.6,,
2094.4,40.3697648,49.8417928,-14.5,,
2099.4,40.3697286,49.8417578,-14.4,,
2104.4,40.3696897,49.8417285,-14.4,,
2109.4,40.3696466,49.8417132,-14.3,,
2114.4,40.3696019,49.8417109,-14.2,,
2119.4,40.3695576,49.8417205,-14.2,,
2124.4,40.3695145,49.8417371,-14.1,,
2129.4,40.3694715,49.8417542,-14.1,,
2134.4,40.3694284,49.8417712,-14.0,,
2139.4,40.3693854,49.8417883,-14.0,,
2144.4,40.3693424,49.8418054,-14.0,,
2149.4,40.3692993,49.8418225,-13.9,,
2154.4,40.3692563,49.8418396,-13.9,,
2159.4,40.3692118,49.8418457,-13.8,,
2164.4,40.3691677,49.8418342,-13.8,,
2169.4,40.3691263,49.8418117,-13.7,,
2174.4,40.3690907,49.8417763,-13.7,,
2179.4,40.3690616,49.8417315,-13.6,,
2184.4,40.3690345,49.8416845,-13.6,,
2189.4,40.3690073,49.8416375,-13.5,,
2194.4,40.3689801,49.8415905,-13.5,,
2199.4,40.3689530,49.8415435,-13.4,,
2204.4,40.3689258,49.8414965,-13.4,,
2209.4,40.3688986,49.8414494,-13.4,,
2214.4,40.3688715,49.8414024,-13.4,,
2219.4,40.3688443,49.8413554,-13.5,,
2224.4,40.3688171,49.8413084,-13.5,,
2229.4,40.3687900,49.8412614,-13.6,,
2234.4,40.3687628,49.8412144,-13.6,,
2239.4,40.3687356,49.8411674,-13.7,,
2244.4,40.3687080,49.8411209,-13.7,,
2249.4,40.3686799,49.8410747,-13.8,,
2254.4,40.3686519,49.8410286,-13.9,,
2259.4,40.3686239,49.8409825,-13.9,,
2264.4,40.3685959,49.8409363,-14.0,,
2269.4,40.3685679,49.8408902,-14.0,,
2274.4,40.3685398,49.8408440,-14.0,,
2279.4,40.3685118,49.8407979,-14.0,,
2284.4,40.3684838,49.8407518,-14.1,,
2289.4,40.3684558,49.8407056,-14.1,,
2294.4,40.3684277,49.8406595,-14.1,,
2299.4,40.3683997,49.8406133,-14.1,,
2304.4,40.3683717,49.8405672,-14.2,,
2309.4,40.3683437,49.8405211,-14.2,,
2314.4,40.3683156,49.8404749,-14.3,,
2319.4,40.3682876,49.8404288,-14.4,,
2324.4,40.3682596,49.8403826,-14.5,,
2329.4,40.3682316,49.8403365,-14.5,,
2334.4,40.3682036,49.8402904,-14.6,,
2339.4,40.3681755,49.8402442,-14.7,,
2344.4,40.3681475,49.8401981,-14.9,,
2349.4,40.3681195,49.8401519,-15.0,,
2354.4,40.3680915,49.8401058,-15.1,,
2359.4,40.3680634,49.8400597,-15.2,,
2364.4,40.3680363,49.8400127,-15.3,,
2369.4,40.3680094,49.8399654,-15.5,,
2374.4,40.3679825,49.8399181,-15.6,,
2379.4,40.3679556,49.8398708,-15.8,,
2384.4,40.3679287,49.8398235,-15.9,,
2389.4,40.3679018,49.8397762,-16.1,,
2394.4,40.3678750,49.8397289,-16.3,,
2399.4,40.3678481,49.8396816,-16.5,,
2404.4,40.3678212,49.8396343,-16.8,,
2409.4,40.3677943,49.8395871,-17.0,,
2414.4,40.3677674,49.8395398,-17.3,,
2419.4,40.3677405,49.8394925,-17.6,,
2424.4,40.3677136,49.8394452,-17.9,,
2429.4,40.3676868,49.8393979,-18.2,,
2434.4,40.3676599,49.8393506,-18.5,,
2439.4,40.3676330,49.8393033,-18.8,,
2444.4,40.3676061,49.8392560,-19.1,,
2449.3,40.3675792,49.8392087,-19.4,,
2454.3,40.3675523,49.8391614,-19.6,,
2459.3,40.3675255,49.8391141,-19.9,,
2464.3,40.3674986,49.8390668,-20.0,,
2469.3,40.3674717,49.8390196,-20.2,,
2474.3,40.3674447,49.8389724,-20.4,,
2479.3,40.3674175,49.8389254,-20.5,,
2484.3,40.3673904,49.8388783,-20.5,,
2489.3,40.3673632,49.8388313,-20.6,,
2494.3,40.3673360,49.8387843,-20.6,,
2499.3,40.3673089,49.8387373,-20.6,,
2504.3,40.3672817,49.8386903,-20.5,,
2509.3,40.3672546,49.8386433,-20.4,,
2514.3,40.3672274,49.8385962,-20.3,,
2519.3,40.3672001,49.8385494,-20.2,,
2524.3,40.3671717,49.8385036,-20.0,,
2529.3,40.3671416,49.8384598,-19.8,,
2534.3,40.3671116,49.8384159,-19.6,,
2539.3,40.3670863,49.8383675,-19.4,,
2544.3,40.3670716,49.8383121,-19.1,,
2549.3,40.3670680,49.8382537,-18.9,,
2554.3,40.3670709,49.8381948,-18.6,,
2559.3,40.3670738,49.8381359,-18.4,,
2564.3,40.3670955,49.8380865,-18.1,,
2569.3,40.3671358,49.8380625,-17.9,,
2574.3,40.3671784,49.8380436,-17.6,,
2579.3,40.3672210,49.8380247,-17.3,,
2584.3,40.3672636,49.8380059,-17.1,,
2589.3,40.3673062,49.8379870,-16.8,,
2594.3,40.3673488,49.8379681,-16.6,,
2599.3,40.3673914,49.8379493,-16.3,,
2604.3,40.3674340,49.8379304,-16.1,,
2609.3,40.3674765,49.8379115,-15.8,,
2614.3,40.3675191,49.8378927,-15.6,,
2619.3,40.3675617,49.8378738,-15.4,,
2624.3,40.3676043,49.8378549,-15.2,,
2629.3,40.3676469,49.8378361,-14.9,,
2634.3,40.3676895,49.8378172,-14.8,,
2639.3,40.3677321,49.8377983,-14.6,,
2644.3,40.3677747,49.8377795,-14.4,,
2649.3,40.3678173,49.8377606,-14.2,,
2654.3,40.3678599,49.8377417,-14.1,,
2659.3,40.3679025,49.8377229,-13.9,,
2664.3,40.3679451,49.8377040,-13.8,,
2669.3,40.3679877,49.8376851,-13.7,,
2674.3,40.3680303,49.8376663,-13.5,,
2679.3,40.3680729,49.8376474,-13.4,,
2684.3,40.3681155,49.8376285,-13.3,,
2689.3,40.3681581,49.8376097,-13.2,,
2694.3,40.3682007,49.8375908,-13.1,,
2699.3,40.3682432,49.8375719,-13.0,,
2704.3,40.3682858,49.8375531,-12.8,,
2709.3,40.3683284,49.8375342,-12.7,,
2714.3,40.3683710,49.8375153,-12.5,,
2719.3,40.3684136,49.8374965,-12.4,,
2724.3,40.3684562,49.8374776,-12.2,,
2729.3,40.3684988,49.8374588,-12.0,,
2734.3,40.3685414,49.8374399,-11.7,,
2739.3,40.3685840,49.8374210,-11.5,,
2744.3,40.3686266,49.8374022,-11.2,,
2749.3,40.3686692,49.8373833,-10.9,,
2754.3,40.3687106,49.8373607,-10.6,,
2759.3,40.3687399,49.8373175,-10.3,,
2764.3,40.3687494,49.8372612,-10.0,,
2769.3,40.3687408,49.8372035,-9.7,,
2774.3,40.3687288,49.8371468,-9.4,,
2779.3,40.3687218,49.8370886,-9.1,,
2784.3,40.3687379,49.8370344,-8.8,,
2789.3,40.3687603,49.8369832,-8.5,,
2794.3,40.3687826,49.8369320,-8.2,,
2799.3,40.3688050,49.8368808,-8.0,,
2804.3,40.3688273,49.8368296,-7.8,,
2809.3,40.3688480,49.8367775,-7.7,,
2814.3,40.3688578,49.8367201,-7.6,,
2819.3,40.3688583,49.8366612,-7.5,,
2824.3,40.3688556,49.8366023,-7.5,,
2829.2,40.3688523,49.8365434,-7.6,,
2834.2,40.3688490,49.8364846,-7.7,,
2839.2,40.3688467,49.8364257,-7.7,,
2844.2,40.3688453,49.8363667,-7.9,,
2849.2,40.3688458,49.8363077,-8.1,,
2854.2,40.3688465,49.8362487,-8.3,,
2859.2,40.3688502,49.8361902,-8.5,,
2864.2,40.3688692,49.8361370,-8.7,,
2869.2,40.3689044,49.8361022,-9.0,,
2874.2,40.3689468,49.8360827,-9.3,,
2879.2,40.3689897,49.8360653,-9.6,,
2884.2,40.3690327,49.8360479,-9.9,,
2889.2,40.3690756,49.8360305,-10.2,,
2894.2,40.3691186,49.8360130,-10.5,,
2899.2,40.3691615,49.8359956,-10.8,,
2904.2,40.3692045,49.8359782,-11.0,,
2909.2,40.3692474,49.8359608,-11.3,,
2914.2,40.3692904,49.8359433,-11.4,,
2919.2,40.3693333,49.8359259,-11.6,,
2924.2,40.3693731,49.8359000,-11.6,,
2929.2,40.3694002,49.8358541,-11.6,,
2934.2,40.3694139,49.8357980,-11.5,,
2939.2,40.3694166,49.8357396,-11.4,,
2944.2,40.3694100,49.8356816,-11.1,,
2949.2,40.3693984,49.8356246,-10.9,,
2954.2,40.3693838,49.8355688,-10.5,,
2959.2,40.3693691,49.8355130,-10.1,,
2964.2,40.3693545,49.8354572,-9.5,,
2969.2,40.3693399,49.8354015,-9.0,,
2974.2,40.3693252,49.8353457,-8.5,,
2979.2,40.3693106,49.8352899,-7.9,,
2984.2,40.3692960,49.8352341,-7.3,,
2989.2,40.3692813,49.8351783,-6.6,,
2994.2,40.3692667,49.8351225,-6.0,,
2999.2,40.3692521,49.8350667,-5.4,,
3004.2,40.3692374,49.8350109,-4.7,,
3009.2,40.3692228,49.8349551,-4.1,,
3014.2,40.3692081,49.8348993,-3.5,,
3019.2,40.3691935,49.8348435,-2.9,,
3024.2,40.3691779,49.8347882,-2.3,,
3029.2,40.3691615,49.8347333,-1.8,,
3034.2,40.3691444,49.8346787,-1.3,,
3039.2,40.3691258,49.8346250,-0.7,,
3044.2,40.3691075,49.8345711,-0.3,,
3049.2,40.3690892,49.8345173,0.2,,
3054.2,40.3690707,49.8344634,0.6,,
3059.2,40.3690523,49.8344096,1.0,,
3064.2,40.3690339,49.8343558,1.4,,
3069.2,40.3690155,49.8343020,1.7,,
3074.2,40.3689970,49.8342481,2.0,,
3079.2,40.3689786,49.8341943,2.4,,
3084.2,40.3689602,49.8341405,2.7,,
3089.2,40.3689418,49.8340867,3.0,,
3094.2,40.3689234,49.8340328,3.3,,
3099.2,40.3689049,49.8339790,3.6,,
3104.2,40.3688865,49.8339252,3.9,,
3109.2,40.3688672,49.8338719,4.2,,
3114.2,40.3688476,49.8338188,4.5,,
3119.2,40.3688280,49.8337657,4.7,,
3124.2,40.3688084,49.8337126,5.0,,
3129.2,40.3687888,49.8336595,5.2,,
3134.2,40.3687692,49.8336064,5.4,,
3139.2,40.3687496,49.8335533,5.6,,
3144.2,40.3687300,49.8335002,5.7,,
3149.2,40.3687104,49.8334471,5.9,,
3154.2,40.3686908,49.8333940,5.9,,
3159.2,40.3686712,49.8333409,6.0,,
3164.2,40.3686516,49.8332878,6.0,,
3169.2,40.3686322,49.8332346,6.1,,
3174.2,40.3686128,49.8331814,6.1,,
3179.2,40.3685933,49.8331281,6.1,,
3184.2,40.3685739,49.8330749,6.1,,
3189.2,40.3685529,49.8330228,6.1,,
3194.2,40.3685297,49.8329723,6.1,,
3199.2,40.3685065,49.8329218,6.1,,
3204.1,40.3684833,49.8328712,6.2,,
3209.1,40.3684601,49.8328207,6.2,,
3214.1,40.3684368,49.8327702,6.3,,
3219.1,40.3684136,49.8327196,6.3,,
3224.1,40.3683904,49.8326691,6.4,,
3229.1,40.3683672,49.8326186,6.5,,
3234.1,40.3683440,49.8325681,6.7,,
3239.1,40.3683208,49.8325175,6.9,,
3244.1,40.3682975,49.8324670,7.1,,
3249.1,40.3682743,49.8324165,7.3,,
3254.1,40.3682511,49.8323660,7.5,,
3259.1,40.3682278,49.8323155,7.8,,
3264.1,40.3682045,49.8322650,8.0,,
3269.1,40.3681812,49.8322146,8.3,,
3274.1,40.3681579,49.8321641,8.6,,
3279.1,40.3681346,49.8321136,8.9,,
3284.1,40.3681113,49.8320631,9.1,,
3289.1,40.3680881,49.8320127,9.4,,
3294.1,40.3680648,49.8319622,9.6,,
3299.1,40.3680415,49.8319117,9.8,,
3304.1,40.3680153,49.8318638,10.0,,
3309.1,40.3679878,49.8318172,10.1,,
3314.1,40.3679582,49.8317727,10.2,,
3319.1,40.3679267,49.8317308,10.3,,
3324.1,40.3678924,49.8316927,10.3,,
3329.1,40.3678572,49.8316561,10.3,,
3334.1,40.3678196,49.8316241,10.2,,
3339.1,40.3677800,49.8315962,10.2,,
3344.1,40.3677394,49.8315707,10.1,,
3349.1,40.3676971,49.8315509,10.0,,
3354.1,40.3676542,49.8315335,9.8,,
3359.1,40.3676111,49.8315166,9.7,,
3364.1,40.3675680,49.8314997,9.5,,
3369.1,40.3675250,49.8314828,9.4,,
3374.1,40.3674819,49.8314658,9.3,,
3379.1,40.3674388,49.8314489,9.1,,
3384.1,40.3673958,49.8314320,9.1,,
3389.1,40.3673527,49.8314151,9.0,,
3394.1,40.3673095,49.8313986,8.9,,
3399.1,40.3672663,49.8313822,8.9,,
3404.1,40.3672232,49.8313658,8.9,,
3409.1,40.3671800,49.8313494,8.9,,
3414.1,40.3671369,49.8313326,9.0,,
3419.1,40.3670938,49.8313156,9.0,,
3424.1,40.3670508,49.8312986,9.1,,
3429.1,40.3670077,49.8312817,9.2,,
3434.1,40.3669647,49.8312647,9.4,,
3439.1,40.3669216,49.8312477,9.5,,
3444.1,40.3668786,49.8312307,9.6,,
3449.1,40.3668355,49.8312137,9.7,,
3454.1,40.3667925,49.8311967,9.9,,
3459.1,40.3667494,49.8311797,10.0,,
3464.1,40.3667064,49.8311628,10.1,,
3469.1,40.3666633,49.8311458,10.3,,
3474.1,40.3666203,49.8311288,10.4,,
3479.1,40.3665772,49.8311118,10.6,,
3484.1,40.3665342,49.8310947,10.7,,
3489.1,40.3664912,49.8310774,10.9,,
3494.1,40.3664482,49.8310600,11.1,,
3499.1,40.3664053,49.8310427,11.2,,
3504.1,40.3663623,49.8310253,11.4,,
3509.1,40.3663193,49.8310080,11.6,,
3514.1,40.3662764,49.8309908,11.8,,
3519.1,40.3662333,49.8309739,12.0,,
3524.1,40.3661900,49.8309581,12.2,,
3529.1,40.3661463,49.8309439,12.4,,
3534.1,40.3661022,49.8309335,12.5,,
3539.1,40.3660575,49.8309269,12.7,,
3544.1,40.3660127,49.8309234,12.7,,
3549.1,40.3659677,49.8309222,12.8,,
3554.1,40.3659228,49.8309234,12.8,,
3559.1,40.3658779,49.8309252,12.8,,
3564.1,40.3658330,49.8309286,12.7,,
3569.1,40.3657881,49.8309321,12.5,,
3574.1,40.3657432,49.8309358,12.3,,
3579.0,40.3656984,49.8309402,12.2,,
3584.0,40.3656536,49.8309445,11.9,,
3589.0,40.3656087,49.8309489,11.6,,
3594.0,40.3655639,49.8309532,11.3,,
3599.0,40.3655191,49.8309576,11.0,,
3604.0,40.3654742,49.8309619,10.6,,
3609.0,40.3654294,49.8309663,10.3,,
3614.0,40.3653846,49.8309706,9.9,,
3619.0,40.3653398,49.8309750,9.5,,
3624.0,40.3652949,49.8309793,9.2,,
3629.0,40.3652501,49.8309836,8.8,,
3634.0,40.3652053,49.8309880,8.5,,
3639.0,40.3651604,49.8309923,8.2,,
3644.0,40.3651156,49.8309966,7.9,,
3649.0,40.3650707,49.8310009,7.6,,
3654.0,40.3650259,49.8310052,7.3,,
3659.0,40.3649811,49.8310095,7.0,,
3664.0,40.3649362,49.8310138,6.7,,
3669.0,40.3648914,49.8310181,6.4,,
3674.0,40.3648466,49.8310224,6.2,,
3679.0,40.3648017,49.8310267,5.9,,
3684.0,40.3647569,49.8310311,5.6,,
3689.0,40.3647121,49.8310354,5.4,,
3694.0,40.3646672,49.8310397,5.1,,
3699.0,40.3646224,49.8310440,4.9,,
3704.0,40.3645776,49.8310483,4.7,,
3709.0,40.3645327,49.8310526,4.5,,
3714.0,40.3644879,49.8310554,4.3,,
3719.0,40.3644429,49.8310568,4.1,,
3724.0,40.3643980,49.8310583,4.0,,
3729.0,40.3643530,49.8310597,3.9,,
3734.0,40.3643081,49.8310604,3.8,,
3739.0,40.3642631,49.8310604,3.7,,
3744.0,40.3642182,49.8310605,3.7,,
3749.0,40.3641732,49.8310605,3.6,,
3754.0,40.3641283,49.8310605,3.6,,
3759.0,40.3640833,49.8310606,3.5,,
3764.0,40.3640384,49.8310606,3.5,,
3769.0,40.3639937,49.8310661,3.4,,
3774.0,40.3639502,49.8310804,3.3,,
3779.0,40.3639129,49.8311114,3.1,,
3784.0,40.3638946,49.8311649,2.9,,
3789.0,40.3638744,49.8312176,2.7,,
3794.0,40.3638537,49.8312700,2.4,,
3799.0,40.3638330,49.8313224,2.1,,
3804.0,40.3638123,49.8313748,1.6,,
3809.0,40.3637917,49.8314272,1.2,,
3814.0,40.3637710,49.8314795,0.6,,
3819.0,40.3637503,49.8315319,0.1,,
3824.0,40.3637296,49.8315843,-0.6,,
3829.0,40.3637089,49.8316367,-1.2,,
3834.0,40.3636882,49.8316891,-2.0,,
3839.0,40.3636675,49.8317415,-2.7,,
3844.0,40.3636468,49.8317939,-3.5,,
3849.0,40.3636262,49.8318463,-4.2,,
3854.0,40.3636055,49.8318986,-5.0,,
3859.0,40.3635848,49.8319510,-5.8,,
3864.0,40.3635641,49.8320034,-6.6,,
3869.0,40.3635434,49.8320558,-7.4,,
3874.0,40.3635226,49.8321081,-8.2,,
3879.0,40.3635019,49.8321605,-9.0,,
3884.0,40.3634812,49.8322129,-9.7,,
3889.0,40.3634605,49.8322652,-10.4,,
3894.0,40.3634398,49.8323176,-11.0,,
3899.0,40.3634191,49.8323700,-11.6,,
3904.0,40.3633984,49.8324224,-12.2,,
3909.0,40.3633776,49.8324747,-12.7,,
3914.0,40.3633569,49.8325271,-13.2,,
3919.0,40.3633362,49.8325795,-13.6,,
3924.0,40.3633155,49.8326318,-14.0,,
3929.0,40.3632948,49.8326842,-14.4,,
3934.0,40.3632741,49.8327366,-14.7,,
3939.0,40.3632534,49.8327889,-15.0,,
3944.0,40.3632327,49.8328413,-15.3,,
3949.0,40.3632119,49.8328937,-15.5,,
3954.0,40.3631912,49.8329460,-15.8,,
3958.9,40.3631705,49.8329984,-16.0,,
3963.9,40.3631498,49.8330508,-16.2,,
3968.9,40.3631291,49.8331032,-16.4,,
3973.9,40.3631084,49.8331555,-16.7,,
3978.9,40.3630874,49.8332077,-16.9,,
3983.9,40.3630666,49.8332600,-17.1,,
3988.9,40.3630460,49.8333125,-17.3,,
3993.9,40.3630254,49.8333649,-17.5,,
3998.9,40.3630048,49.8334174,-17.7,,
4003.9,40.3629842,49.8334698,-17.9,,
4008.9,40.3629636,49.8335223,-18.2,,
4013.9,40.3629430,49.8335747,-18.3,,
4018.9,40.3629224,49.8336272,-18.5,,
4023.9,40.3629018,49.8336796,-18.7,,
4028.9,40.3628812,49.8337321,-18.8,,
4033.9,40.3628606,49.8337845,-18.9,,
4038.9,40.3628400,49.8338370,-19.0,,
4043.9,40.3628194,49.8338894,-19.1,,
4048.9,40.3627989,49.8339419,-19.1,,
4053.9,40.3627783,49.8339943,-19.1,,
4058.9,40.3627577,49.8340468,-19.1,,
4063.9,40.3627371,49.8340992,-19.1,,
4068.9,40.3627165,49.8341517,-19.0,,
4073.9,40.3626959,49.8342041,-19.0,,
4078.9,40.3626753,49.8342566,-18.9,,
4083.9,40.3626548,49.8343091,-18.9,,
4088.9,40.3626350,49.8343621,-18.8,,
4093.9,40.3626153,49.8344151,-18.8,,
4098.9,40.3625955,49.8344681,-18.8,,
4103.9,40.3625768,49.8345217,-18.9,,
4108.9,40.3625606,49.8345767,-18.9,,
4113.9,40.3625473,49.8346326,-19.1,,
4118.9,40.3625433,49.8346914,-19.2,,
4123.9,40.3625430,49.8347497,-19.3,,
4128.9,40.3625553,49.8348065,-19.5,,
4133.9,40.3625784,49.8348553,-19.7,,
4138.9,40.3626117,49.8348944,-19.9,,
4143.9,40.3626488,49.8349277,-20.1,,
4148.9,40.3626883,49.8349558,-20.2,,
4153.9,40.3627279,49.8349838,-20.4,,
4158.9,40.3627674,49.8350119,-20.5,,
4163.9,40.3628069,49.8350400,-20.5,,
4168.9,40.3628465,49.8350681,-20.6,,
4173.9,40.3628860,49.8350962,-20.6,,
4178.9,40.3629255,49.8351243,-20.6,,
4183.9,40.3629651,49.8351524,-20.5,,
4188.9,40.3630046,49.8351805,-20.4,,
4193.9,40.3630441,49.8352086,-20.3,,
4198.9,40.3630837,49.8352367,-20.1,,
4203.9,40.3631232,49.8352647,-19.9,,
4208.9,40.3631627,49.8352928,-19.8,,
4213.9,40.3632023,49.8353209,-19.6,,
4218.9,40.3632418,49.8353490,-19.4,,
4223.9,40.3632813,49.8353771,-19.1,,
4228.9,40.3633209,49.8354052,-18.9,,
4233.9,40.3633605,49.8354331,-18.7,,
4238.9,40.3634003,49.8354606,-18.5,,
4243.9,40.3634401,49.8354881,-18.3,,
4248.9,40.3634798,49.8355156,-18.1,,
4253.9,40.3635196,49.8355431,-17.9,,
4258.9,40.3635594,49.8355706,-17.8,,
4263.9,40.3635991,49.8355981,-17.6,,
4268.9,40.3636389,49.8356256,-17.4,,
4273.9,40.3636787,49.8356531,-17.3,,
4278.9,40.3637185,49.8356806,-17.2,,
4283.9,40.3637582,49.8357081,-17.1,,
4288.9,40.3637980,49.8357356,-17.0,,
4293.9,40.3638378,49.8357631,-16.9,,
4298.9,40.3638776,49.8357906,-16.9,,
4303.9,40.3639173,49.8358181,-16.9,,
4308.9,40.3639571,49.8358456,-16.9,,
4313.9,40.3639969,49.8358731,-16.9,,
4318.9,40.3640366,49.8359006,-17.0,,
4323.9,40.3640764,49.8359282,-17.1,,
4328.9,40.3641147,49.8359590,-17.3,,
4333.8,40.3641511,49.8359934,-17.5,,
4338.8,40.3641854,49.8360315,-17.7,,
4343.8,40.3642165,49.8360740,-18.0,,
4348.8,40.3642469,49.8361175,-18.3,,
4353.8,40.3642773,49.8361609,-18.7,,
4358.8,40.3643078,49.8362043,-19.0,,
4363.8,40.3643382,49.8362477,-19.3,,
4368.8,40.3643686,49.8362912,-19.7,,
4373.8,40.3643991,49.8363346,-19.9,,
4378.8,40.3644295,49.8363780,-20.2,,
4383.8,40.3644599,49.8364215,-20.5,,
4388.8,40.3644904,49.8364649,-20.7,,
4393.8,40.3645208,49.8365083,-20.8,,
4398.8,40.3645512,49.8365518,-20.9,,
4403.8,40.3645817,49.8365952,-21.0,,
4408.8,40.3646121,49.8366386,-21.0,,
4413.8,40.3646425,49.8366820,-21.0,,
4418.8,40.3646730,49.8367255,-20.9,,
4423.8,40.3647034,49.8367689,-20.9,,
4428.8,40.3647338,49.8368123,-20.8,,
4433.8,40.3647643,49.8368558,-20.7,,
4438.8,40.3647947,49.8368992,-20.6,,
4443.8,40.3648251,49.8369426,-20.5,,
4448.8,40.3648556,49.8369860,-20.4,,
4453.8,40.3648860,49.8370295,-20.3,,
4458.8,40.3649164,49.8370729,-20.3,,
4463.8,40.3649469,49.8371163,-20.2,,
4468.8,40.3649773,49.8371598,-20.2,,
4473.8,40.3650077,49.8372032,-20.1,,
4478.8,40.3650382,49.8372466,-20.1,,
4483.8,40.3650686,49.8372900,-20.1,,
4488.8,40.3650990,49.8373335,-20.0,,
4493.8,40.3651295,49.8373769,-20.0,,
4498.8,40.3651624,49.8374170,-20.0,,
4503.8,40.3651955,49.8374570,-20.0,,
4508.8,40.3652286,49.8374969,-20.0,,
4513.8,40.3652617,49.8375368,-20.0,,
4518.8,40.3652948,49.8375767,-20.0,,
4523.8,40.3653279,49.8376167,-20.0,,
4528.8,40.3653610,49.8376566,-20.0,,
4533.8,40.3653954,49.8376946,-19.9,,
4538.8,40.3654299,49.8377324,-19.9,,
4543.8,40.3654644,49.8377703,-19.9,,
4548.8,40.3654989,49.8378081,-19.8,,
4553.8,40.3655366,49.8378402,-19.7,,
4558.8,40.3655743,49.8378723,-19.7,,
4563.8,40.3656141,49.8378995,-19.6,,
4568.8,40.3656551,49.8379236,-19.5,,
4573.8,40.3656964,49.8379468,-19.4,,
4578.8,40.3657381,49.8379688,-19.2,,
4583.8,40.3657798,49.8379909,-19.1,,
4588.8,40.3658215,49.8380129,-19.0,,
4593.8,40.3658644,49.8380304,-18.8,,
4598.8,40.3659076,49.8380469,-18.7,,
4603.8,40.3659508,49.8380634,-18.5,,
4608.8,40.3659939,49.8380798,-18.4,,
4613.8,40.3660379,49.8380920,-18.3,,
4618.8,40.3660819,49.8381040,-18.1,,
4623.8,40.3661260,49.8381160,-18.0,,
4628.8,40.3661700,49.8381281,-17.9,,
4633.8,40.3662140,49.8381401,-17.8,,
4638.8,40.3662580,49.8381522,-17.7,,
4643.8,40.3663020,49.8381642,-17.6,,
4648.8,40.3663460,49.8381763,-17.6,,
4653.8,40.3663900,49.8381883,-17.5,,
4658.8,40.3664340,49.8382003,-17.5,,
4663.8,40.3664780,49.8382124,-17.5,,
4668.8,40.3665220,49.8382244,-17.5,,
4673.8,40.3665660,49.8382365,-17.6,,
4678.8,40.3666100,49.8382485,-17.6,,
4683.8,40.3666540,49.8382606,-17.7,,
4688.8,40.3666972,49.8382772,-17.9,,
4693.8,40.3667403,49.8382940,-18.0,,
4698.8,40.3667833,49.8383109,-18.2,,
4703.8,40.3668258,49.8383296,-18.4,,
4708.8,40.3668660,49.8383560,-18.6,,
4713.7,40.3669062,49.8383824,-18.8,,
4718.7,40.3669435,49.8384155,-19.1,,
4723.7,40.3669808,49.8384485,-19.3,,
4728.7,40.3670173,49.8384828,-19.6,,
4733.7,40.3670495,49.8385239,-19.8,,
4738.7,40.3670796,49.8385677,-20.0,,
4743.7,40.3671079,49.8386135,-20.2,,
4748.7,40.3671351,49.8386605,-20.4,,
4753.7,40.3671621,49.8387077,-20.6,,
4758.7,40.3671891,49.8387549,-20.8,,
4763.7,40.3672161,49.8388020,-20.9,,
4768.7,40.3672431,49.8388492,-21.0,,
4773.7,40.3672702,49.8388963,-21.0,,
4778.7,40.3672972,49.8389435,-21.1,,
4783.7,40.3673242,49.8389907,-21.1,,
4788.7,40.3673512,49.8390378,-21.0,,
4793.7,40.3673784,49.8390848,-20.9,,
4798.7,40.3674060,49.8391314,-20.8,,
4803.7,40.3674335,49.8391780,-20.7,,
4808.7,40.3674611,49.8392246,-20.5,,
4813.7,40.3674887,49.8392712,-20.3,,
4818.7,40.3675163,49.8393178,-20.1,,
4823.7,40.3675438,49.8393644,-19.8,,
4828.7,40.3675714,49.8394110,-19.5,,
4833.7,40.3675990,49.8394576,-19.2,,
4838.7,40.3676266,49.8395042,-18.9,,
4843.7,40.3676542,49.8395508,-18.7,,
4848.7,40.3676818,49.8395974,-18.4,,
4853.7,40.3677093,49.8396440,-18.1,,
4858.7,40.3677369,49.8396906,-17.8,,
4863.7,40.3677645,49.8397372,-17.6,,
4868.7,40.3677921,49.8397838,-17.3,,
4873.7,40.3678196,49.8398304,-17.1,,
4878.7,40.3678472,49.8398770,-16.9,,
4883.7,40.3678748,49.8399236,-16.8,,
4888.7,40.3679024,49.8399702,-16.6,,
4893.7,40.3679299,49.8400168,-16.5,,
4898.7,40.3679575,49.8400634,-16.3,,
4903.7,40.3679851,49.8401100,-16.2,,
4908.7,40.3680127,49.8401566,-16.0,,
4913.7,40.3680402,49.8402032,-15.9,,
4918.7,40.3680678,49.8402498,-15.8,,
4923.7,40.3680954,49.8402964,-15.6,,
4928.7,40.3681230,49.8403430,-15.5,,
4933.7,40.3681505,49.8403896,-15.4,,
4938.7,40.3681781,49.8404362,-15.3,,
4943.7,40.3682057,49.8404828,-15.2,,
4948.7,40.3682333,49.8405294,-15.2,,
4953.7,40.3682608,49.8405760,-15.1,,
4958.7,40.3682884,49.8406226,-15.1,,
4963.7,40.3683160,49.8406692,-15.1,,
4968.7,40.3683436,49.8407158,-15.1,,
4973.7,40.3683711,49.8407624,-15.1,,
4978.7,40.3683987,49.8408090,-15.1,,
4983.7,40.3684263,49.8408556,-15.1,,
4988.7,40.3684539,49.8409022,-15.1,,
4993.7,40.3684815,49.8409488,-15.1,,
4998.7,40.3685090,49.8409954,-15.1,,
5003.7,40.3685366,49.8410420,-15.1,,
5008.7,40.3685642,49.8410886,-15.0,,
5013.7,40.3685918,49.8411352,-15.0,,
5018.7,40.3686194,49.8411818,-14.9,,
5023.7,40.3686469,49.8412284,-14.8,,
5028.7,40.3686745,49.8412750,-14.8,,
5033.7,40.3687017,49.8413220,-14.7,,
5038.7,40.3687276,49.8413702,-14.6,,
5043.7,40.3687535,49.8414184,-14.6,,
5048.7,40.3687794,49.8414667,-14.6,,
5053.7,40.3688053,49.8415149,-14.7,,
5058.7,40.3688310,49.8415633,-14.7,,
5063.7,40.3688550,49.8416132,-14.8,,
5068.7,40.3688790,49.8416631,-14.9,,
5073.7,40.3689030,49.8417130,-15.1,,
5078.7,40.3689248,49.8417645,-15.2,,
5083.7,40.3689456,49.8418168,-15.4,,
5088.6,40.3689664,49.8418692,-15.6,,
5093.6,40.3689861,49.8419222,-15.8,,
5098.6,40.3690047,49.8419759,-16.0,,
5103.6,40.3690233,49.8420296,-16.1,,
5108.6,40.3690419,49.8420833,-16.3,,
5113.6,40.3690606,49.8421370,-16.4,,
5118.6,40.3690792,49.8421907,-16.6,,
5123.6,40.3690978,49.8422444,-16.7,,
5128.6,40.3691164,49.8422981,-16.7,,
5133.6,40.3691351,49.8423518,-16.8,,
5138.6,40.3691537,49.8424055,-16.8,,
5143.6,40.3691723,49.8424592,-16.8,,
5148.6,40.3691909,49.8425129,-16.8,,
5153.6,40.3692096,49.8425666,-16.8,,
5158.6,40.3692282,49.8426203,-16.8,,
5163.6,40.3692468,49.8426741,-16.8,,
5168.6,40.3692654,49.8427278,-16.8,,
5173.6,40.3692841,49.8427815,-16.9,,
5178.6,40.3693027,49.8428352,-16.9,,
5183.6,40.3693213,49.8428889,-17.1,,
5188.6,40.3693394,49.8429429,-17.2,,
5193.6,40.3693570,49.8429972,-17.4,,
5198.6,40.3693746,49.8430515,-17.6,,
5203.6,40.3693922,49.8431057,-17.8,,
5208.6,40.3694099,49.8431600,-18.1,,
5213.6,40.3694275,49.8432143,-18.3,,
5218.6,40.3694451,49.8432686,-18.5,,
5223.6,40.3694627,49.8433229,-18.7,,
5228.6,40.3694803,49.8433772,-18.9,,
5233.6,40.3694979,49.8434315,-19.0,,
5238.6,40.3695155,49.8434858,-19.2,,
5243.6,40.3695331,49.8435401,-19.2,,
5248.6,40.3695508,49.8435944,-19.2,,
5253.6,40.3695684,49.8436486,-19.1,,
5258.6,40.3695860,49.8437029,-19.0,,
5263.6,40.3696036,49.8437572,-18.8,,
5268.6,40.3696212,49.8438115,-18.6,,
5273.6,40.3696388,49.8438658,-18.3,,
5278.6,40.3696564,49.8439201,-18.0,,
5283.6,40.3696740,49.8439744,-17.6,,
5288.6,40.3696917,49.8440287,-17.2,,
5293.6,40.3697093,49.8440830,-16.8,,
5298.6,40.3697269,49.8441372,-16.4,,
5303.6,40.3697445,49.8441915,-16.0,,
5308.6,40.3697621,49.8442458,-15.5,,
5313.6,40.3697797,49.8443001,-15.1,,
5318.6,40.3697973,49.8443544,-14.7,,
5323.6,40.3698149,49.8444087,-14.4,,
5328.6,40.3698326,49.8444630,-14.0,,
5333.6,40.3698502,49.8445173,-13.8,,
5338.6,40.3698678,49.8445716,-13.5,,
5343.6,40.3698854,49.8446258,-13.3,,
5348.6,40.3699030,49.8446801,-13.1,,
5353.6,40.3699206,49.8447344,-13.0,,
5358.6,40.3699382,49.8447887,-13.0,,
5363.6,40.3699559,49.8448430,-13.0,,
5368.6,40.3699735,49.8448973,-13.0,,
5373.6,40.3699911,49.8449516,-13.0,,
5378.6,40.3700087,49.8450059,-13.1,,
5383.6,40.3700263,49.8450602,-13.2,,
5388.6,40.3700439,49.8451144,-13.4,,
5393.6,40.3700615,49.8451687,-13.5,,
5398.6,40.3700791,49.8452230,-13.7,,
5403.6,40.3700968,49.8452773,-13.8,,
5408.6,40.3701144,49.8453316,-13.9,,
5413.6,40.3701320,49.8453859,-14.0,,
5418.6,40.3701497,49.8454401,-14.1,,
5423.6,40.3701673,49.8454944,-14.1,,
5428.6,40.3701850,49.8455487,-14.2,,
5433.6,40.3702026,49.8456029,-14.1,,
5438.6,40.3702203,49.8456572,-14.1,,
5443.6,40.3702382,49.8457113,-14.0,,
5448.6,40.3702561,49.8457655,-14.0,,
5453.6,40.3702740,49.8458196,-13.9,,
5458.6,40.3702919,49.8458737,-13.7,,
5463.5,40.3703097,49.8459279,-13.6,,
5468.5,40.3703276,49.8459820,-13.5,,
5473.5,40.3703455,49.8460361,-13.4,,
5478.5,40.3703634,49.8460903,-13.3,,
5483.5,40.3703813,49.8461444,-13.2,,
5488.5,40.3703992,49.8461985,-13.1,,
5493.5,40.3704171,49.8462527,-13.1,,
5498.5,40.3704350,49.8463068,-13.1,,
5503.5,40.3704528,49.8463609,-13.1,,
5508.5,40.3704707,49.8464151,-13.2,,
5513.5,40.3704886,49.8464692,-13.3,,
5518.5,40.3705065,49.8465233,-13.4,,
5523.5,40.3705244,49.8465775,-13.6,,
5528.5,40.3705423,49.8466316,-13.8,,
5533.5,40.3705602,49.8466857,-14.0,,
5538.5,40.3705781,49.8467399,-14.3,,
5543.5,40.3705959,49.8467940,-14.5,,
5548.5,40.3706138,49.8468481,-14.8,,
5553.5,40.3706317,49.8469023,-15.1,,
5558.5,40.3706496,49.8469564,-15.4,,
5563.5,40.3706675,49.8470105,-15.6,,
5568.5,40.3706854,49.8470647,-15.9,,
5573.5,40.3707033,49.8471188,-16.2,,
5578.5,40.3707212,49.8471729,-16.4,,
5583.5,40.3707391,49.8472271,-16.6,,
5588.5,40.3707569,49.8472812,-16.8,,
5593.5,40.3707748,49.8473353,-17.0,,
5598.5,40.3707927,49.8473895,-17.1,,
5603.5,40.3708106,49.8474436,-17.2,,
5608.5,40.3708285,49.8474977,-17.2,,
5613.5,40.3708460,49.8475521,-17.3,,
5618.5,40.3708636,49.8476064,-17.3,,
5623.5,40.3708811,49.8476607,-17.2,,
5628.5,40.3708986,49.8477151,-17.2,,
5633.5,40.3709162,49.8477694,-17.2,,
5638.5,40.3709337,49.8478237,-17.1,,
5643.5,40.3709513,49.8478781,-17.0,,
5648.5,40.3709688,49.8479324,-17.0,,
5653.5,40.3709863,49.8479867,-16.9,,
5658.5,40.3710039,49.8480411,-16.8,,
5663.5,40.3710214,49.8480954,-16.7,,
5668.5,40.3710389,49.8481497,-16.6,,
5673.5,40.3710565,49.8482041,-16.5,,
5678.5,40.3710740,49.8482584,-16.4,,
5683.5,40.3710915,49.8483127,-16.2,,
5688.5,40.3711091,49.8483671,-16.1,,
5693.5,40.3711266,49.8484214,-15.9,,
5698.5,40.3711441,49.8484757,-15.7,,
5703.5,40.3711617,49.8485300,-15.4,,
5708.5,40.3711792,49.8485844,-15.2,,
5713.5,40.3711967,49.8486388,-14.9,,
5718.5,40.3712141,49.8486932,-14.6,,
5723.5,40.3712315,49.8487475,-14.3,,
5728.5,40.3712492,49.8488018,-14.0,,
5733.5,40.3712668,49.8488561,-13.6,,
5738.5,40.3712844,49.8489104,-13.2,,
5743.5,40.3713021,49.8489646,-12.8,,
5748.5,40.3713197,49.8490189,-12.4,,
5753.5,40.3713373,49.8490732,-12.0,,
5758.5,40.3713550,49.8491275,-11.7,,
5763.5,40.3713726,49.8491818,-11.3,,
5768.5,40.3713902,49.8492360,-11.0,,
5773.5,40.3714079,49.8492903,-10.7,,
5778.5,40.3714255,49.8493446,-10.5,,
5783.5,40.3714431,49.8493989,-10.3,,
5788.5,40.3714608,49.8494531,-10.2,,
5793.5,40.3714784,49.8495074,-10.2,,
5798.5,40.3714960,49.8495617,-10.2,,
5803.5,40.3715137,49.8496160,-10.3,,
5808.5,40.3715313,49.8496703,-10.5,,
5813.5,40.3715489,49.8497245,-10.8,,
5818.5,40.3715666,49.8497788,-11.0,,
5823.5,40.3715842,49.8498331,-11.4,,
5828.5,40.3716018,49.8498874,-11.8,,
5833.5,40.3716195,49.8499416,-12.3,,
5838.5,40.3716371,49.8499959,-12.7,,
5843.4,40.3716547,49.8500502,-13.3,,
5848.4,40.3716723,49.8501045,-13.8,,
5853.4,40.3716895,49.8501590,-14.4,,
5858.4,40.3717068,49.8502135,-15.0,,
5863.4,40.3717240,49.8502680,-15.6,,
5868.4,40.3717412,49.8503225,-16.3,,
5873.4,40.3717585,49.8503770,-16.9,,
5878.4,40.3717757,49.8504315,-17.5,,
5883.4,40.3717930,49.8504860,-18.0,,
5888.4,40.3718103,49.8505404,-18.5,,
5893.4,40.3718284,49.8505944,-19.0,,
5898.4,40.3718473,49.8506480,-19.4,,
5903.4,40.3718652,49.8507021,-19.7,,
5908.4,40.3718828,49.8507564,-20.0,,
5913.4,40.3719004,49.8508107,-20.2,,
5918.4,40.3719179,49.8508650,-20.3,,
5923.4,40.3719355,49.8509193,-20.4,,
5928.4,40.3719531,49.8509736,-20.4,,
5933.4,40.3719707,49.8510279,-20.3,,
5938.4,40.3719883,49.8510822,-20.3,,
5943.4,40.3720059,49.8511365,-20.1,,
5948.4,40.3720235,49.8511908,-20.0,,
5953.4,40.3720411,49.8512451,-19.8,,
5958.4,40.3720587,49.8512994,-19.7,,
5963.4,40.3720763,49.8513537,-19.6,,
