# barcelona: centreline in race direction, 5 m spacing. Source: TUMFTM racetrack-database (LGPL-3.0) geo-referenced onto OpenStreetMap (ODbL); elevation eudem25m via OpenTopoData
# widths are metres from the centreline to the track edge (TUMFTM only, blank for OSM)
s_m,lat,lon,elev_m,w_right_m,w_left_m
0.0,41.5709432,2.2619909,122.4,5.89,5.83
5.0,41.5709051,2.2619589,122.4,5.89,5.83
10.0,41.5708671,2.2619268,122.4,5.88,5.83
15.0,41.5708290,2.2618948,122.4,5.88,5.83
20.0,41.5707910,2.2618628,122.4,5.87,5.83
25.0,41.5707529,2.2618308,122.4,5.87,5.83
30.0,41.5707149,2.2617988,122.4,5.86,5.83
35.0,41.5706768,2.2617667,122.3,5.86,5.83
40.0,41.5706388,2.2617347,122.3,5.86,5.83
45.0,41.5706007,2.2617027,122.2,5.85,5.83
50.0,41.5705627,2.2616707,122.2,5.85,5.83
55.0,41.5705246,2.2616387,122.1,5.84,5.83
60.0,41.5704866,2.2616067,122.0,5.84,5.83
65.0,41.5704485,2.2615747,122.0,5.83,5.83
70.0,41.5704104,2.2615426,121.9,5.83,5.84
75.0,41.5703724,2.2615106,121.8,5.82,5.84
80.0,41.5703343,2.2614786,121.8,5.82,5.84
85.0,41.5702963,2.2614466,121.7,5.81,5.84
90.0,41.5702582,2.2614146,121.6,5.81,5.84
95.0,41.5702202,2.2613826,121.5,5.80,5.84
100.0,41.5701821,2.2613506,121.5,5.80,5.84
105.0,41.5701441,2.2613186,121.4,5.79,5.84
110.0,41.5701060,2.2612865,121.3,5.79,5.84
115.0,41.5700679,2.2612545,121.3,5.78,5.84
120.0,41.5700299,2.2612225,121.2,5.78,5.84
125.0,41.5699918,2.2611905,121.2,5.79,5.84
130.0,41.5699538,2.2611585,121.1,5.79,5.84
135.0,41.5699157,2.2611265,121.1,5.79,5.84
140.0,41.5698777,2.2610944,121.0,5.80,5.84
145.0,41.5698396,2.2610624,121.0,5.80,5.84
150.0,41.5698016,2.2610304,121.0,5.81,5.84
155.0,41.5697635,2.2609984,120.9,5.81,5.84
160.0,41.5697255,2.2609663,120.9,5.82,5.84
165.0,41.5696874,2.2609343,120.9,5.82,5.84
170.0,41.5696494,2.2609023,120.9,5.82,5.84
175.0,41.5696113,2.2608703,120.9,5.83,5.84
180.0,41.5695733,2.2608382,120.9,5.83,5.84
185.0,41.5695352,2.2608062,120.9,5.84,5.84
190.0,41.5694972,2.2607742,120.9,5.84,5.84
195.0,41.5694591,2.2607422,120.9,5.85,5.84
200.0,41.5694211,2.2607101,120.9,5.85,5.84
205.0,41.5693831,2.2606781,120.9,5.85,5.84
210.0,41.5693450,2.2606461,120.9,5.86,5.84
215.0,41.5693070,2.2606140,120.8,5.86,5.84
220.0,41.5692689,2.2605820,120.8,5.87,5.84
225.0,41.5692309,2.2605500,120.8,5.87,5.84
230.0,41.5691928,2.2605179,120.8,5.88,5.84
235.0,41.5691548,2.2604859,120.7,5.88,5.84
240.0,41.5691167,2.2604539,120.7,5.88,5.84
245.0,41.5690787,2.2604219,120.6,5.89,5.84
250.0,41.5690406,2.2603898,120.6,5.89,5.84
255.0,41.5690026,2.2603578,120.5,5.90,5.85
260.0,41.5689645,2.2603258,120.4,5.90,5.85
265.0,41.5689265,2.2602938,120.3,5.91,5.85
270.0,41.5688884,2.2602618,120.1,5.91,5.85
275.0,41.5688504,2.2602297,120.0,5.91,5.85
280.0,41.5688123,2.2601977,119.9,5.92,5.85
285.0,41.5687743,2.2601657,119.7,5.92,5.85
290.0,41.5687362,2.2601337,119.6,5.93,5.85
295.0,41.5686981,2.2601017,119.5,5.93,5.85
300.0,41.5686601,2.2600697,119.3,5.93,5.85
305.0,41.5686220,2.2600377,119.2,5.94,5.85
310.0,41.5685840,2.2600057,119.1,5.94,5.85
315.0,41.5685459,2.2599737,119.0,5.94,5.85
320.0,41.5685078,2.2599417,118.9,5.94,5.85
325.0,41.5684698,2.2599097,118.8,5.94,5.85
330.0,41.5684317,2.2598777,118.8,5.94,5.85
335.0,41.5683937,2.2598457,118.7,5.94,5.85
340.0,41.5683556,2.2598137,118.7,5.94,5.85
345.0,41.5683175,2.2597817,118.7,5.94,5.85
350.0,41.5682795,2.2597497,118.6,5.94,5.85
355.0,41.5682414,2.2597177,118.7,5.95,5.85
360.0,41.5682033,2.2596858,118.7,5.95,5.85
365.0,41.5681652,2.2596538,118.7,5.95,5.85
370.0,41.5681272,2.2596218,118.7,5.95,5.85
375.0,41.5680891,2.2595899,118.7,5.95,5.85
380.0,41.5680510,2.2595579,118.8,5.95,5.85
385.0,41.5680129,2.2595260,118.8,5.95,5.85
390.0,41.5679748,2.2594940,118.8,5.95,5.85
395.0,41.5679367,2.2594621,118.8,5.95,5.85
400.0,41.5678987,2.2594301,118.9,5.95,5.85
405.0,41.5678606,2.2593982,118.9,5.96,5.85
410.0,41.5678225,2.2593662,118.9,5.96,5.85
415.0,41.5677844,2.2593343,118.9,5.96,5.85
420.0,41.5677463,2.2593024,118.9,5.96,5.85
425.0,41.5677082,2.2592705,118.9,5.96,5.85
430.0,41.5676701,2.2592386,118.9,5.96,5.85
435.0,41.5676320,2.2592067,118.9,5.96,5.85
440.0,41.5675939,2.2591747,118.9,5.96,5.85
445.0,41.5675558,2.2591428,118.8,5.96,5.85
450.0,41.5675177,2.2591109,118.8,5.97,5.85
455.0,41.5674795,2.2590791,118.7,5.97,5.85
460.0,41.5674414,2.2590472,118.6,5.97,5.85
465.0,41.5674033,2.2590153,118.5,5.97,5.85
470.0,41.5673652,2.2589834,118.4,5.97,5.85
475.0,41.5673271,2.2589515,118.3,5.97,5.85
480.0,41.5672890,2.2589196,118.2,5.97,5.85
485.0,41.5672508,2.2588878,118.0,5.97,5.85
490.0,41.5672127,2.2588559,117.8,5.97,5.85
495.0,41.5671746,2.2588240,117.7,5.97,5.85
500.0,41.5671365,2.2587921,117.5,5.98,5.85
505.0,41.5670984,2.2587603,117.3,5.98,5.85
510.0,41.5670602,2.2587284,117.0,5.98,5.85
515.0,41.5670221,2.2586965,116.8,5.98,5.86
520.0,41.5669840,2.2586647,116.6,5.97,5.87
525.0,41.5669459,2.2586328,116.3,5.97,5.89
530.0,41.5669077,2.2586009,116.0,5.97,5.90
535.0,41.5668696,2.2585691,115.8,5.97,5.92
540.0,41.5668315,2.2585372,115.5,5.97,5.93
545.0,41.5667934,2.2585053,115.2,5.97,5.95
550.0,41.5667553,2.2584735,114.9,5.97,5.97
555.0,41.5667171,2.2584416,114.7,5.97,5.98
560.0,41.5666790,2.2584097,114.4,5.97,6.00
565.0,41.5666409,2.2583778,114.2,5.97,6.01
570.0,41.5666028,2.2583459,114.0,5.96,6.03
575.0,41.5665647,2.2583141,113.8,5.96,6.04
580.0,41.5665265,2.2582822,113.6,5.96,6.06
585.0,41.5664884,2.2582503,113.5,5.96,6.07
590.0,41.5664503,2.2582184,113.3,5.96,6.09
595.0,41.5664122,2.2581865,113.3,5.96,6.10
600.0,41.5663741,2.2581546,113.2,5.96,6.12
605.0,41.5663360,2.2581227,113.2,5.96,6.13
610.0,41.5662979,2.2580908,113.2,5.96,6.15
615.0,41.5662598,2.2580589,113.2,5.96,6.16
620.0,41.5662217,2.2580270,113.2,5.97,6.15
625.0,41.5661836,2.2579950,113.3,5.98,6.15
630.0,41.5661455,2.2579631,113.4,5.99,6.14
635.0,41.5661074,2.2579312,113.5,6.00,6.13
640.0,41.5660693,2.2578992,113.6,6.02,6.12
645.0,41.5660312,2.2578673,113.7,6.03,6.11
650.0,41.5659931,2.2578354,113.8,6.04,6.11
655.0,41.5659551,2.2578034,113.9,6.05,6.10
660.0,41.5659170,2.2577714,114.0,6.06,6.09
665.0,41.5658789,2.2577395,114.1,6.08,6.08
670.0,41.5658408,2.2577075,114.2,6.09,6.08
675.0,41.5658028,2.2576755,114.3,6.10,6.07
680.0,41.5657647,2.2576435,114.4,6.11,6.06
685.0,41.5657266,2.2576115,114.5,6.12,6.05
690.0,41.5656886,2.2575795,114.6,6.14,6.05
695.0,41.5656505,2.2575475,114.7,6.15,6.04
700.0,41.5656125,2.2575154,114.7,6.16,6.03
705.0,41.5655745,2.2574834,114.8,6.17,6.02
710.0,41.5655364,2.2574513,114.9,6.18,6.02
715.0,41.5654984,2.2574193,114.9,6.19,6.01
720.0,41.5654603,2.2573872,115.0,6.17,5.99
725.0,41.5654223,2.2573553,115.0,6.11,5.97
730.0,41.5653841,2.2573235,115.1,6.06,5.95
735.0,41.5653458,2.2572919,115.1,6.00,5.93
740.0,41.5653074,2.2572606,115.1,5.95,5.91
745.0,41.5652689,2.2572297,115.1,5.91,5.91
750.0,41.5652301,2.2571993,115.2,6.05,6.25
755.0,41.5651911,2.2571694,115.2,6.20,6.59
760.0,41.5651520,2.2571397,115.2,6.31,6.86
765.0,41.5651130,2.2571097,115.2,6.23,6.79
770.0,41.5650744,2.2570789,115.2,6.15,6.72
775.0,41.5650363,2.2570470,115.2,6.07,6.65
780.0,41.5649986,2.2570144,115.2,5.99,6.58
785.0,41.5649609,2.2569815,115.2,5.91,6.51
790.0,41.5649232,2.2569488,115.2,5.83,6.44
795.0,41.5648854,2.2569162,115.1,5.75,6.37
800.0,41.5648479,2.2568831,115.1,5.67,6.30
805.0,41.5648111,2.2568486,115.1,5.59,6.23
810.0,41.5647754,2.2568121,115.0,5.66,6.06
815.0,41.5647413,2.2567728,115.0,5.73,5.89
820.0,41.5647095,2.2567304,114.9,5.78,5.80
825.0,41.5646805,2.2566844,114.9,5.82,5.75
830.0,41.5646553,2.2566347,114.9,5.53,5.93
835.0,41.5646358,2.2565806,114.9,5.15,6.18
840.0,41.5646246,2.2565225,114.8,5.36,5.91
845.0,41.5646216,2.2564625,114.9,5.63,5.59
850.0,41.5646236,2.2564025,114.9,5.54,5.60
855.0,41.5646272,2.2563426,114.9,5.37,5.60
860.0,41.5646339,2.2562832,114.9,4.81,5.56
865.0,41.5646475,2.2562260,115.0,4.44,5.49
870.0,41.5646671,2.2561719,115.0,5.02,5.32
875.0,41.5646905,2.2561206,115.1,5.53,5.18
880.0,41.5647159,2.2560710,115.2,5.55,5.24
885.0,41.5647419,2.2560220,115.3,5.40,5.36
890.0,41.5647677,2.2559727,115.5,5.26,5.48
895.0,41.5647922,2.2559224,115.6,5.14,5.58
900.0,41.5648146,2.2558702,115.7,5.31,5.37
905.0,41.5648341,2.2558161,115.9,5.48,5.16
910.0,41.5648507,2.2557603,116.1,5.62,4.96
915.0,41.5648644,2.2557031,116.2,5.71,4.82
920.0,41.5648753,2.2556447,116.4,5.53,4.97
925.0,41.5648833,2.2555856,116.6,5.36,5.11
930.0,41.5648886,2.2555260,116.7,5.24,5.23
935.0,41.5648914,2.2554660,116.9,5.15,5.33
940.0,41.5648912,2.2554059,117.1,5.20,5.25
945.0,41.5648873,2.2553460,117.3,5.28,5.14
950.0,41.5648785,2.2552872,117.5,5.44,4.95
955.0,41.5648637,2.2552304,117.6,5.63,4.74
960.0,41.5648439,2.2551765,117.8,5.60,4.78
965.0,41.5648206,2.2551251,118.0,5.40,5.02
970.0,41.5647955,2.2550752,118.2,5.27,5.18
975.0,41.5647696,2.2550261,118.4,5.26,5.20
980.0,41.5647432,2.2549775,118.6,5.26,5.22
985.0,41.5647164,2.2549292,118.8,5.25,5.25
990.0,41.5646895,2.2548811,119.0,5.24,5.27
995.0,41.5646624,2.2548330,119.3,5.23,5.29
1000.0,41.5646355,2.2547849,119.5,5.23,5.31
1005.0,41.5646087,2.2547366,119.8,5.22,5.33
1010.0,41.5645823,2.2546880,120.0,5.21,5.36
1015.0,41.5645561,2.2546392,120.3,5.20,5.38
1020.0,41.5645300,2.2545902,120.6,5.19,5.40
1025.0,41.5645039,2.2545413,120.9,5.19,5.42
1030.0,41.5644777,2.2544925,121.1,5.18,5.45
1035.0,41.5644512,2.2544439,121.4,5.19,5.45
1040.0,41.5644243,2.2543958,121.7,5.33,5.28
1045.0,41.5643969,2.2543481,121.9,5.47,5.12
1050.0,41.5643693,2.2543006,122.2,5.48,5.16
1055.0,41.5643424,2.2542525,122.4,5.35,5.41
1060.0,41.5643172,2.2542027,122.6,5.22,5.62
1065.0,41.5642947,2.2541507,122.7,5.13,5.67
1070.0,41.5642748,2.2540968,122.9,5.07,5.68
1075.0,41.5642573,2.2540415,123.0,5.23,5.47
1080.0,41.5642414,2.2539852,123.1,5.37,5.28
1085.0,41.5642270,2.2539283,123.2,5.38,5.23
1090.0,41.5642139,2.2538708,123.3,5.19,5.40
1095.0,41.5642025,2.2538127,123.3,5.04,5.54
1100.0,41.5641929,2.2537540,123.3,5.08,5.48
1105.0,41.5641853,2.2536948,123.4,5.13,5.42
1110.0,41.5641799,2.2536351,123.4,5.15,5.39
1115.0,41.5641769,2.2535752,123.4,5.04,5.49
1120.0,41.5641764,2.2535151,123.3,4.98,5.56
1125.0,41.5641783,2.2534550,123.3,5.14,5.39
1130.0,41.5641825,2.2533952,123.3,5.33,5.21
1135.0,41.5641888,2.2533357,123.3,5.37,5.17
1140.0,41.5641969,2.2532766,123.3,5.25,5.29
1145.0,41.5642067,2.2532179,123.2,5.14,5.41
1150.0,41.5642181,2.2531598,123.2,5.05,5.51
1155.0,41.5642309,2.2531022,123.2,4.97,5.60
1160.0,41.5642456,2.2530454,123.2,4.92,5.65
1165.0,41.5642624,2.2529897,123.2,4.90,5.66
1170.0,41.5642820,2.2529356,123.2,4.88,5.66
1175.0,41.5643043,2.2528834,123.3,4.87,5.66
1180.0,41.5643289,2.2528332,123.3,4.90,5.63
1185.0,41.5643554,2.2527846,123.4,5.01,5.55
1190.0,41.5643833,2.2527375,123.4,5.11,5.47
1195.0,41.5644124,2.2526917,123.5,5.21,5.40
1200.0,41.5644428,2.2526474,123.6,5.22,5.43
1205.0,41.5644743,2.2526045,123.7,5.22,5.48
1210.0,41.5645070,2.2525632,123.8,5.22,5.51
1215.0,41.5645408,2.2525236,124.0,5.26,5.46
1220.0,41.5645757,2.2524857,124.1,5.32,5.39
1225.0,41.5646117,2.2524497,124.2,5.32,5.38
1230.0,41.5646487,2.2524157,124.4,5.20,5.51
1235.0,41.5646867,2.2523835,124.5,5.08,5.63
1240.0,41.5647256,2.2523534,124.7,5.01,5.70
1245.0,41.5647653,2.2523252,124.8,5.04,5.67
1250.0,41.5648058,2.2522990,124.9,5.07,5.64
1255.0,41.5648469,2.2522748,125.1,5.09,5.62
1260.0,41.5648887,2.2522525,125.2,5.12,5.60
1265.0,41.5649310,2.2522323,125.3,5.12,5.59
1270.0,41.5649739,2.2522141,125.4,5.12,5.57
1275.0,41.5650172,2.2521979,125.6,5.12,5.56
1280.0,41.5650609,2.2521837,125.7,5.13,5.55
1285.0,41.5651049,2.2521715,125.9,5.13,5.53
1290.0,41.5651492,2.2521613,126.0,5.14,5.50
1295.0,41.5651937,2.2521532,126.2,5.15,5.48
1300.0,41.5652385,2.2521471,126.4,5.16,5.46
1305.0,41.5652833,2.2521430,126.6,5.18,5.46
1310.0,41.5653282,2.2521406,126.8,5.19,5.46
1315.0,41.5653732,2.2521399,127.0,5.21,5.47
1320.0,41.5654182,2.2521408,127.3,5.23,5.47
1325.0,41.5654631,2.2521432,127.5,5.26,5.47
1330.0,41.5655080,2.2521468,127.8,5.27,5.48
1335.0,41.5655528,2.2521517,128.1,5.27,5.49
1340.0,41.5655975,2.2521577,128.4,5.25,5.50
1345.0,41.5656422,2.2521648,128.7,5.24,5.51
1350.0,41.5656867,2.2521732,129.0,5.23,5.53
1355.0,41.5657311,2.2521828,129.3,5.22,5.54
1360.0,41.5657753,2.2521937,129.7,5.22,5.56
1365.0,41.5658193,2.2522059,130.0,5.23,5.57
1370.0,41.5658631,2.2522195,130.4,5.31,5.55
1375.0,41.5659067,2.2522344,130.7,5.44,5.51
1380.0,41.5659500,2.2522506,131.1,5.56,5.49
1385.0,41.5659930,2.2522682,131.5,5.62,5.52
1390.0,41.5660357,2.2522870,131.9,5.62,5.62
1395.0,41.5660781,2.2523070,132.3,5.63,5.73
1400.0,41.5661201,2.2523283,132.7,5.62,5.83
1405.0,41.5661619,2.2523506,133.1,5.58,5.89
1410.0,41.5662032,2.2523741,133.5,5.53,5.95
1415.0,41.5662443,2.2523987,133.9,5.48,6.01
1420.0,41.5662849,2.2524243,134.3,5.45,6.03
1425.0,41.5663252,2.2524510,134.6,5.47,5.97
1430.0,41.5663652,2.2524786,135.0,5.49,5.90
1435.0,41.5664047,2.2525072,135.3,5.50,5.84
1440.0,41.5664439,2.2525367,135.7,5.51,5.81
1445.0,41.5664827,2.2525671,136.0,5.52,5.81
1450.0,41.5665211,2.2525983,136.3,5.52,5.80
1455.0,41.5665593,2.2526300,136.5,5.52,5.80
1460.0,41.5665973,2.2526622,136.8,5.53,5.79
1465.0,41.5666351,2.2526947,137.0,5.53,5.79
1470.0,41.5666729,2.2527273,137.2,5.54,5.78
1475.0,41.5667107,2.2527598,137.3,5.54,5.78
1480.0,41.5667486,2.2527923,137.5,5.54,5.77
1485.0,41.5667865,2.2528244,137.6,5.55,5.77
1489.9,41.5668246,2.2528564,137.7,5.55,5.76
1494.9,41.5668628,2.2528881,137.8,5.56,5.76
1499.9,41.5669010,2.2529198,137.9,5.56,5.75
1504.9,41.5669393,2.2529513,137.9,5.55,5.74
1509.9,41.5669776,2.2529829,137.9,5.55,5.73
1514.9,41.5670158,2.2530145,138.0,5.54,5.72
1519.9,41.5670540,2.2530461,138.0,5.53,5.71
1524.9,41.5670922,2.2530779,138.0,5.53,5.71
1529.9,41.5671304,2.2531096,138.0,5.52,5.70
1534.9,41.5671685,2.2531415,138.0,5.52,5.69
1539.9,41.5672066,2.2531734,137.9,5.51,5.68
1544.9,41.5672447,2.2532053,137.9,5.50,5.67
1549.9,41.5672828,2.2532373,137.8,5.50,5.66
1554.9,41.5673209,2.2532692,137.8,5.49,5.65
1559.9,41.5673589,2.2533012,137.7,5.48,5.64
1564.9,41.5673970,2.2533333,137.6,5.48,5.63
1569.9,41.5674351,2.2533653,137.5,5.47,5.62
1574.9,41.5674731,2.2533973,137.4,5.46,5.62
1579.9,41.5675112,2.2534293,137.3,5.46,5.61
1584.9,41.5675493,2.2534612,137.1,5.45,5.60
1589.9,41.5675874,2.2534932,136.9,5.45,5.59
1594.9,41.5676255,2.2535251,136.7,5.44,5.58
1599.9,41.5676636,2.2535569,136.5,5.43,5.57
1604.9,41.5677017,2.2535888,136.3,5.43,5.56
1609.9,41.5677398,2.2536206,136.0,5.42,5.55
1614.9,41.5677780,2.2536525,135.7,5.41,5.54
1619.9,41.5678161,2.2536843,135.4,5.41,5.53
1624.9,41.5678543,2.2537161,135.1,5.40,5.52
1629.9,41.5678924,2.2537479,134.8,5.39,5.52
1634.9,41.5679306,2.2537797,134.5,5.39,5.51
1639.9,41.5679687,2.2538115,134.1,5.38,5.50
1644.9,41.5680069,2.2538434,133.8,5.38,5.49
1649.9,41.5680450,2.2538753,133.4,5.37,5.48
1654.9,41.5680831,2.2539071,133.1,5.36,5.47
1659.9,41.5681212,2.2539391,132.8,5.36,5.46
1664.9,41.5681592,2.2539711,132.5,5.35,5.45
1669.9,41.5681969,2.2540039,132.2,5.33,5.47
1674.9,41.5682338,2.2540383,132.0,5.24,5.59
1679.9,41.5682694,2.2540749,131.8,5.17,5.70
1684.9,41.5683031,2.2541147,131.6,5.24,5.67
1689.9,41.5683342,2.2541581,131.4,5.42,5.53
1694.9,41.5683617,2.2542055,131.3,5.36,5.57
1699.9,41.5683851,2.2542567,131.3,5.01,5.81
1704.9,41.5684041,2.2543112,131.3,4.96,5.78
1709.9,41.5684184,2.2543680,131.3,5.34,5.39
1714.9,41.5684283,2.2544266,131.4,5.57,5.17
1719.9,41.5684338,2.2544862,131.5,5.20,5.63
1724.9,41.5684351,2.2545463,131.6,4.91,6.00
1729.9,41.5684324,2.2546062,131.8,5.12,5.73
1734.9,41.5684257,2.2546656,132.1,5.33,5.47
1739.9,41.5684154,2.2547241,132.3,5.25,5.54
1744.9,41.5684016,2.2547812,132.6,5.13,5.67
1749.9,41.5683847,2.2548369,132.8,5.27,5.56
1754.9,41.5683646,2.2548906,133.1,5.54,5.30
1759.9,41.5683418,2.2549424,133.4,5.53,5.27
1764.9,41.5683163,2.2549919,133.6,5.34,5.40
1769.9,41.5682883,2.2550388,133.8,5.22,5.48
1774.9,41.5682580,2.2550831,134.0,5.15,5.54
1779.9,41.5682254,2.2551246,134.2,5.12,5.56
1784.9,41.5681909,2.2551631,134.3,5.12,5.57
1789.9,41.5681547,2.2551987,134.4,5.12,5.58
1794.9,41.5681169,2.2552311,134.4,5.11,5.55
1799.9,41.5680776,2.2552604,134.4,5.10,5.53
1804.9,41.5680371,2.2552864,134.4,5.10,5.53
1809.9,41.5679955,2.2553092,134.4,5.11,5.52
1814.9,41.5679530,2.2553287,134.3,5.13,5.48
1819.9,41.5679097,2.2553450,134.3,5.19,5.40
1824.9,41.5678659,2.2553582,134.2,5.23,5.33
1829.9,41.5678216,2.2553683,134.1,5.24,5.30
1834.9,41.5677769,2.2553753,134.0,5.24,5.28
1839.9,41.5677321,2.2553795,133.9,5.23,5.27
1844.9,41.5676871,2.2553808,133.8,5.17,5.31
1849.9,41.5676422,2.2553793,133.7,5.10,5.36
1854.9,41.5675973,2.2553751,133.6,5.06,5.42
1859.9,41.5675527,2.2553682,133.5,5.06,5.48
1864.9,41.5675083,2.2553586,133.4,5.07,5.54
1869.9,41.5674643,2.2553465,133.4,5.10,5.60
1874.9,41.5674207,2.2553319,133.3,5.13,5.66
1879.9,41.5673776,2.2553147,133.3,5.17,5.72
1884.9,41.5673351,2.2552951,133.3,5.22,5.78
1889.9,41.5672932,2.2552733,133.3,5.27,5.85
1894.9,41.5672519,2.2552496,133.3,5.32,5.89
1899.9,41.5672111,2.2552241,133.3,5.38,5.86
1904.9,41.5671710,2.2551971,133.4,5.45,5.78
1909.9,41.5671313,2.2551688,133.4,5.52,5.70
1914.9,41.5670922,2.2551393,133.5,5.59,5.62
1919.9,41.5670534,2.2551088,133.6,5.64,5.56
1924.9,41.5670150,2.2550776,133.7,5.64,5.54
1929.9,41.5669768,2.2550458,133.8,5.60,5.56
1934.9,41.5669389,2.2550136,133.9,5.56,5.58
1939.9,41.5669010,2.2549811,134.0,5.51,5.60
1944.9,41.5668633,2.2549485,134.1,5.47,5.62
1949.9,41.5668255,2.2549159,134.2,5.43,5.63
1954.9,41.5667876,2.2548835,134.2,5.38,5.65
1959.9,41.5667497,2.2548513,134.3,5.35,5.66
1964.9,41.5667116,2.2548192,134.4,5.32,5.65
1969.9,41.5666735,2.2547873,134.4,5.31,5.63
1974.9,41.5666354,2.2547554,134.5,5.30,5.61
1979.9,41.5665972,2.2547237,134.5,5.29,5.59
1984.9,41.5665591,2.2546919,134.5,5.28,5.57
1989.9,41.5665209,2.2546601,134.5,5.27,5.55
1994.9,41.5664828,2.2546283,134.4,5.26,5.53
1999.9,41.5664447,2.2545963,134.4,5.25,5.51
2004.9,41.5664066,2.2545643,134.3,5.24,5.49
2009.9,41.5663687,2.2545321,134.3,5.23,5.47
2014.9,41.5663308,2.2544998,134.2,5.21,5.45
2019.9,41.5662930,2.2544672,134.1,5.20,5.43
2024.9,41.5662553,2.2544344,133.9,5.19,5.41
2029.9,41.5662177,2.2544015,133.8,5.18,5.39
2034.9,41.5661799,2.2543688,133.6,5.17,5.37
2039.9,41.5661420,2.2543366,133.5,5.16,5.35
2044.9,41.5661037,2.2543051,133.3,5.15,5.33
2049.9,41.5660651,2.2542741,133.2,5.14,5.31
2054.9,41.5660267,2.2542430,133.0,5.13,5.29
2059.9,41.5659887,2.2542109,132.8,5.11,5.27
2064.9,41.5659512,2.2541777,132.7,5.10,5.25
2069.9,41.5659140,2.2541439,132.5,5.09,5.23
2074.9,41.5658766,2.2541105,132.3,5.08,5.21
2079.9,41.5658386,2.2540786,132.1,5.07,5.19
2084.9,41.5657993,2.2540493,131.9,5.15,5.13
2089.9,41.5657586,2.2540240,131.7,5.41,4.97
2094.9,41.5657162,2.2540040,131.5,5.56,4.87
2099.9,41.5656725,2.2539906,131.3,5.52,4.85
2104.9,41.5656278,2.2539844,131.0,5.46,4.89
2109.9,41.5655829,2.2539856,130.8,5.37,4.99
2114.9,41.5655386,2.2539948,130.5,5.30,5.04
2119.9,41.5654957,2.2540123,130.2,5.30,4.98
2124.9,41.5654551,2.2540378,129.8,5.37,4.93
2129.9,41.5654176,2.2540708,129.5,5.45,5.00
2134.9,41.5653839,2.2541104,129.1,5.30,5.19
2139.9,41.5653547,2.2541559,128.7,5.32,5.14
2144.9,41.5653310,2.2542068,128.4,5.44,4.93
2149.9,41.5653143,2.2542623,128.0,5.28,5.00
2154.9,41.5653058,2.2543211,127.6,5.15,5.08
2159.9,41.5653048,2.2543810,127.2,5.38,4.85
2164.9,41.5653096,2.2544407,126.8,5.56,4.68
2169.9,41.5653186,2.2544996,126.4,5.55,4.74
2174.9,41.5653309,2.2545574,126.1,5.40,5.00
2179.9,41.5653457,2.2546141,125.8,5.23,5.31
2184.9,41.5653625,2.2546698,125.5,5.18,5.39
2189.9,41.5653808,2.2547247,125.2,5.19,5.39
2194.9,41.5654000,2.2547790,125.0,5.19,5.38
2199.9,41.5654197,2.2548331,124.7,5.20,5.37
2204.9,41.5654393,2.2548872,124.6,5.21,5.36
2209.9,41.5654585,2.2549415,124.4,5.22,5.35
2214.9,41.5654772,2.2549961,124.2,5.23,5.34
2219.9,41.5654956,2.2550510,124.1,5.23,5.34
2224.9,41.5655136,2.2551061,123.9,5.24,5.33
2229.9,41.5655315,2.2551612,123.8,5.25,5.32
2234.9,41.5655494,2.2552163,123.7,5.26,5.31
2239.9,41.5655675,2.2552714,123.6,5.26,5.30
2244.9,41.5655857,2.2553263,123.5,5.27,5.29
2249.9,41.5656042,2.2553811,123.4,5.28,5.29
2254.9,41.5656228,2.2554358,123.3,5.29,5.28
2259.9,41.5656416,2.2554904,123.2,5.30,5.27
2264.9,41.5656604,2.2555450,123.2,5.30,5.26
2269.9,41.5656792,2.2555996,123.1,5.31,5.25
2274.9,41.5656979,2.2556543,123.0,5.32,5.24
2279.9,41.5657164,2.2557090,122.9,5.33,5.24
2284.9,41.5657348,2.2557639,122.8,5.33,5.23
2289.9,41.5657531,2.2558188,122.7,5.34,5.22
2294.9,41.5657713,2.2558737,122.7,5.35,5.21
2299.9,41.5657896,2.2559286,122.6,5.36,5.20
2304.9,41.5658080,2.2559835,122.5,5.36,5.19
2309.9,41.5658266,2.2560382,122.4,5.37,5.19
2314.9,41.5658454,2.2560928,122.3,5.38,5.18
2319.9,41.5658645,2.2561472,122.2,5.41,5.18
2324.9,41.5658842,2.2562012,122.1,5.49,5.24
2329.9,41.5659047,2.2562547,122.0,5.62,5.33
2334.9,41.5659260,2.2563076,121.9,5.76,5.42
2339.9,41.5659485,2.2563597,121.7,5.87,5.48
2344.9,41.5659723,2.2564106,121.6,5.93,5.44
2349.9,41.5659976,2.2564603,121.5,5.96,5.35
2354.9,41.5660243,2.2565086,121.4,6.00,5.26
2359.9,41.5660523,2.2565557,121.2,6.03,5.17
2364.9,41.5660811,2.2566018,121.1,6.04,5.13
2369.9,41.5661106,2.2566472,120.9,6.02,5.16
2374.9,41.5661405,2.2566921,120.8,5.99,5.19
2379.9,41.5661709,2.2567363,120.7,5.96,5.23
2384.9,41.5662021,2.2567796,120.5,5.93,5.26
2389.9,41.5662341,2.2568219,120.4,5.90,5.29
2394.9,41.5662669,2.2568630,120.2,5.87,5.33
2399.9,41.5663004,2.2569031,120.0,5.84,5.34
2404.9,41.5663345,2.2569421,119.9,5.81,5.31
2409.9,41.5663693,2.2569802,119.7,5.78,5.29
2414.9,41.5664046,2.2570174,119.5,5.75,5.26
2419.9,41.5664404,2.2570538,119.4,5.71,5.26
2424.9,41.5664767,2.2570894,119.2,5.64,5.30
2429.9,41.5665133,2.2571243,119.0,5.56,5.36
2434.9,41.5665502,2.2571586,118.8,5.48,5.41
2439.9,41.5665874,2.2571924,118.7,5.40,5.47
2444.9,41.5666248,2.2572257,118.5,5.35,5.48
2449.9,41.5666624,2.2572587,118.3,5.34,5.43
2454.9,41.5667001,2.2572914,118.1,5.33,5.38
2459.9,41.5667379,2.2573239,117.9,5.33,5.34
2464.9,41.5667758,2.2573562,117.8,5.32,5.29
2469.9,41.5668138,2.2573885,117.6,5.31,5.24
2474.9,41.5668517,2.2574208,117.4,5.30,5.20
2479.9,41.5668896,2.2574532,117.3,5.29,5.15
2484.9,41.5669274,2.2574857,117.1,5.28,5.10
2489.9,41.5669651,2.2575184,117.0,5.27,5.05
2494.9,41.5670027,2.2575514,116.9,5.26,5.01
2499.9,41.5670401,2.2575846,116.8,5.25,4.96
2504.9,41.5670777,2.2576177,116.7,5.24,4.91
2509.9,41.5671156,2.2576500,116.6,5.23,4.87
2514.9,41.5671541,2.2576811,116.5,5.22,4.83
2519.9,41.5671934,2.2577101,116.5,5.17,4.89
2524.9,41.5672338,2.2577365,116.5,5.07,5.07
2529.9,41.5672753,2.2577596,116.4,5.15,5.08
2534.9,41.5673180,2.2577784,116.5,5.40,4.93
2539.9,41.5673617,2.2577920,116.5,5.47,5.00
2544.9,41.5674063,2.2577989,116.5,5.42,5.13
2549.9,41.5674511,2.2577976,116.5,5.33,5.13
2554.9,41.5674953,2.2577875,116.6,5.29,5.11
2559.9,41.5675379,2.2577688,116.6,5.36,5.16
2564.9,41.5675781,2.2577421,116.7,5.43,5.18
2569.9,41.5676150,2.2577080,116.8,5.58,5.11
2574.9,41.5676480,2.2576673,116.9,5.70,5.02
2579.9,41.5676774,2.2576220,117.0,5.64,5.00
2584.9,41.5677039,2.2575735,117.2,5.43,5.07
2589.9,41.5677284,2.2575230,117.3,5.28,5.21
2594.9,41.5677516,2.2574716,117.5,5.18,5.43
2599.9,41.5677745,2.2574199,117.7,5.09,5.62
2604.9,41.5677979,2.2573686,117.9,5.03,5.74
2609.9,41.5678225,2.2573182,118.1,4.99,5.78
2614.9,41.5678481,2.2572689,118.3,4.95,5.83
2619.9,41.5678749,2.2572206,118.5,4.91,5.88
2624.9,41.5679028,2.2571734,118.7,4.86,5.93
2629.9,41.5679318,2.2571276,118.9,4.84,5.96
2634.9,41.5679625,2.2570836,119.2,4.94,5.84
2639.9,41.5679951,2.2570423,119.4,5.16,5.58
2644.9,41.5680299,2.2570044,119.7,5.29,5.40
2649.9,41.5680668,2.2569700,119.9,5.26,5.39
2654.9,41.5681052,2.2569389,120.2,5.17,5.45
2659.9,41.5681448,2.2569105,120.5,5.15,5.46
2664.9,41.5681853,2.2568842,120.8,5.22,5.44
2669.9,41.5682263,2.2568595,121.0,5.29,5.42
2674.9,41.5682676,2.2568358,121.3,5.30,5.37
2679.9,41.5683090,2.2568124,121.6,5.24,5.30
2684.9,41.5683504,2.2567891,121.9,5.18,5.23
2689.9,41.5683919,2.2567658,122.2,5.13,5.16
2694.9,41.5684334,2.2567426,122.5,5.07,5.09
2699.9,41.5684748,2.2567194,122.8,5.01,5.02
2704.9,41.5685163,2.2566962,123.2,4.95,4.95
2709.9,41.5685578,2.2566730,123.5,4.90,4.88
2714.9,41.5685993,2.2566498,123.9,4.84,4.81
2719.9,41.5686408,2.2566266,124.2,4.78,4.74
2724.9,41.5686822,2.2566034,124.6,4.72,4.67
2729.9,41.5687237,2.2565802,125.0,4.66,4.60
2734.9,41.5687652,2.2565569,125.4,4.61,4.53
2739.9,41.5688066,2.2565336,125.8,4.55,4.46
2744.9,41.5688480,2.2565102,126.2,4.49,4.39
2749.9,41.5688894,2.2564868,126.6,4.43,4.32
2754.9,41.5689308,2.2564634,127.0,4.38,4.25
2759.9,41.5689722,2.2564398,127.5,4.37,4.24
2764.9,41.5690136,2.2564163,127.9,4.42,4.30
2769.9,41.5690549,2.2563926,128.4,4.48,4.36
2774.9,41.5690962,2.2563689,128.8,4.53,4.42
2779.9,41.5691375,2.2563452,129.3,4.58,4.48
2784.9,41.5691788,2.2563214,129.7,4.63,4.54
2789.9,41.5692201,2.2562975,130.1,4.69,4.60
2794.9,41.5692613,2.2562735,130.6,4.74,4.65
2799.9,41.5693026,2.2562496,131.0,4.79,4.71
2804.9,41.5693438,2.2562255,131.5,4.84,4.77
2809.9,41.5693850,2.2562014,131.9,4.90,4.83
2814.9,41.5694261,2.2561772,132.3,4.95,4.89
2819.9,41.5694673,2.2561530,132.7,5.00,4.95
2824.9,41.5695084,2.2561288,133.1,5.05,5.01
2829.9,41.5695496,2.2561047,133.5,5.11,5.07
2834.9,41.5695910,2.2560811,133.9,5.16,5.13
2839.9,41.5696327,2.2560586,134.2,5.16,5.26
2844.9,41.5696748,2.2560375,134.5,5.10,5.49
2849.9,41.5697174,2.2560185,134.9,5.06,5.67
2854.9,41.5697607,2.2560021,135.2,5.06,5.71
2859.9,41.5698045,2.2559887,135.5,5.09,5.69
2864.9,41.5698488,2.2559787,135.8,5.12,5.66
2869.9,41.5698935,2.2559721,136.0,5.14,5.61
2874.9,41.5699384,2.2559689,136.3,5.13,5.54
2879.9,41.5699833,2.2559692,136.5,5.13,5.47
2884.9,41.5700282,2.2559727,136.7,5.12,5.43
2889.9,41.5700728,2.2559797,136.9,5.09,5.45
2894.9,41.5701171,2.2559900,137.1,5.07,5.48
2899.9,41.5701608,2.2560037,137.2,5.06,5.50
2904.9,41.5702040,2.2560208,137.3,5.06,5.51
2909.9,41.5702463,2.2560409,137.4,5.08,5.51
2914.9,41.5702878,2.2560641,137.5,5.12,5.48
2919.9,41.5703283,2.2560901,137.6,5.19,5.44
2924.9,41.5703677,2.2561189,137.6,5.24,5.42
2929.9,41.5704060,2.2561505,137.6,5.20,5.49
2934.9,41.5704428,2.2561850,137.6,5.12,5.61
2939.9,41.5704780,2.2562223,137.6,5.09,5.66
2944.9,41.5705114,2.2562625,137.5,5.15,5.60
2949.9,41.5705428,2.2563055,137.5,5.23,5.51
2954.9,41.5705720,2.2563511,137.4,5.25,5.49
2959.9,41.5705994,2.2563988,137.3,5.18,5.54
2964.9,41.5706251,2.2564481,137.2,5.09,5.62
2969.9,41.5706495,2.2564985,137.1,5.05,5.65
2974.9,41.5706728,2.2565499,137.0,5.08,5.58
2979.9,41.5706952,2.2566020,136.9,5.16,5.46
2984.9,41.5707168,2.2566547,136.7,5.24,5.35
2989.9,41.5707377,2.2567079,136.6,5.30,5.25
2994.9,41.5707582,2.2567614,136.5,5.32,5.21
2999.9,41.5707784,2.2568151,136.4,5.32,5.21
3004.9,41.5707984,2.2568689,136.2,5.32,5.20
3009.9,41.5708184,2.2569228,136.1,5.31,5.19
3014.9,41.5708383,2.2569767,136.0,5.31,5.19
3019.9,41.5708582,2.2570305,135.9,5.30,5.18
3024.9,41.5708782,2.2570844,135.7,5.30,5.18
3029.9,41.5708981,2.2571383,135.6,5.29,5.17
3034.9,41.5709181,2.2571922,135.5,5.29,5.17
3039.9,41.5709381,2.2572460,135.4,5.28,5.16
3044.9,41.5709581,2.2572998,135.2,5.28,5.15
3049.9,41.5709783,2.2573535,135.1,5.27,5.15
3054.9,41.5709984,2.2574072,135.0,5.27,5.14
3059.9,41.5710187,2.2574609,134.9,5.27,5.14
3064.9,41.5710389,2.2575145,134.7,5.26,5.13
3069.9,41.5710593,2.2575681,134.6,5.26,5.13
3074.9,41.5710796,2.2576217,134.5,5.25,5.12
3079.9,41.5711000,2.2576753,134.4,5.25,5.12
3084.9,41.5711205,2.2577288,134.2,5.24,5.11
3089.9,41.5711409,2.2577823,134.1,5.24,5.11
3094.9,41.5711614,2.2578358,134.0,5.23,5.12
3099.9,41.5711819,2.2578893,133.9,5.22,5.12
3104.9,41.5712025,2.2579428,133.8,5.22,5.13
3109.9,41.5712230,2.2579962,133.6,5.21,5.14
3114.9,41.5712436,2.2580497,133.5,5.21,5.14
3119.9,41.5712642,2.2581031,133.4,5.20,5.15
3124.9,41.5712848,2.2581565,133.4,5.19,5.15
3129.9,41.5713054,2.2582099,133.3,5.19,5.16
3134.9,41.5713260,2.2582634,133.2,5.18,5.17
3139.9,41.5713466,2.2583168,133.1,5.17,5.17
3144.9,41.5713672,2.2583702,133.1,5.17,5.18
3149.9,41.5713878,2.2584236,133.0,5.16,5.18
3154.9,41.5714084,2.2584770,133.0,5.16,5.19
3159.9,41.5714290,2.2585305,132.9,5.15,5.20
3164.9,41.5714496,2.2585839,132.9,5.14,5.20
3169.9,41.5714702,2.2586374,132.9,5.14,5.21
3174.9,41.5714907,2.2586908,132.8,5.13,5.21
3179.9,41.5715112,2.2587443,132.8,5.12,5.22
3184.9,41.5715317,2.2587978,132.8,5.12,5.22
3189.9,41.5715521,2.2588514,132.8,5.11,5.23
3194.9,41.5715725,2.2589049,132.8,5.11,5.24
3199.9,41.5715929,2.2589585,132.8,5.10,5.24
3204.9,41.5716133,2.2590120,132.8,5.10,5.25
3209.9,41.5716337,2.2590656,132.8,5.11,5.26
3214.9,41.5716540,2.2591192,132.8,5.14,5.28
3219.9,41.5716743,2.2591729,132.8,5.16,5.29
3224.9,41.5716946,2.2592265,132.8,5.19,5.30
3229.9,41.5717149,2.2592801,132.8,5.21,5.32
3234.9,41.5717351,2.2593338,132.8,5.24,5.33
3239.9,41.5717554,2.2593875,132.8,5.26,5.35
3244.9,41.5717756,2.2594411,132.8,5.29,5.36
3249.9,41.5717958,2.2594948,132.8,5.31,5.38
3254.9,41.5718160,2.2595485,132.7,5.34,5.39
3259.9,41.5718362,2.2596022,132.7,5.34,5.39
3264.9,41.5718564,2.2596559,132.6,5.32,5.36
3269.9,41.5718766,2.2597096,132.6,5.30,5.33
3274.9,41.5718968,2.2597633,132.5,5.28,5.30
3279.9,41.5719170,2.2598170,132.4,5.25,5.28
3284.9,41.5719372,2.2598707,132.2,5.23,5.25
3289.9,41.5719574,2.2599244,132.1,5.21,5.22
3294.9,41.5719777,2.2599780,132.0,5.19,5.19
3299.9,41.5719979,2.2600317,131.8,5.17,5.16
3304.9,41.5720181,2.2600854,131.7,5.14,5.13
3309.9,41.5720384,2.2601391,131.5,5.12,5.11
3314.9,41.5720586,2.2601927,131.3,5.10,5.08
3319.9,41.5720789,2.2602464,131.1,5.11,5.11
3324.9,41.5720992,2.2603000,130.9,5.15,5.18
3329.9,41.5721195,2.2603536,130.7,5.19,5.25
3334.9,41.5721398,2.2604073,130.5,5.23,5.32
3339.9,41.5721601,2.2604609,130.3,5.27,5.39
3344.9,41.5721805,2.2605145,130.1,5.31,5.46
3349.9,41.5722008,2.2605681,129.9,5.35,5.53
3354.9,41.5722211,2.2606217,129.7,5.39,5.60
3359.9,41.5722415,2.2606753,129.5,5.43,5.67
3364.9,41.5722618,2.2607289,129.3,5.47,5.74
3369.9,41.5722820,2.2607826,129.1,5.51,5.81
3374.9,41.5723023,2.2608362,128.9,5.55,5.88
3379.9,41.5723225,2.2608899,128.7,5.58,5.95
3384.9,41.5723426,2.2609436,128.6,5.62,6.02
3389.9,41.5723627,2.2609974,128.4,5.66,6.09
3394.9,41.5723827,2.2610512,128.2,5.70,6.16
3399.9,41.5724027,2.2611051,128.1,5.74,6.23
3404.9,41.5724226,2.2611590,128.0,5.78,6.30
3409.9,41.5724424,2.2612130,127.8,5.82,6.37
3414.9,41.5724621,2.2612670,127.7,5.86,6.44
3419.9,41.5724817,2.2613211,127.6,5.93,6.49
3424.9,41.5725012,2.2613752,127.5,6.07,6.48
3429.9,41.5725206,2.2614294,127.4,6.26,6.42
3434.9,41.5725399,2.2614837,127.4,6.45,6.37
3439.9,41.5725591,2.2615380,127.3,6.64,6.32
3444.9,41.5725784,2.2615924,127.2,6.78,6.28
3449.9,41.5725983,2.2616462,127.2,6.82,6.28
3454.9,41.5726198,2.2616990,127.2,6.81,6.30
3459.9,41.5726438,2.2617497,127.2,6.87,6.38
3464.9,41.5726713,2.2617971,127.2,7.05,6.61
3469.9,41.5727031,2.2618396,127.2,7.35,7.06
3474.9,41.5727392,2.2618751,127.2,7.51,7.35
3479.9,41.5727790,2.2619024,127.3,7.40,7.31
3484.9,41.5728215,2.2619216,127.4,7.40,7.47
3489.9,41.5728656,2.2619329,127.4,7.85,7.78
3494.9,41.5729104,2.2619351,127.5,8.69,7.91
3499.9,41.5729537,2.2619226,127.6,8.62,8.26
3504.9,41.5729893,2.2618882,127.7,8.72,8.53
3509.9,41.5730126,2.2618378,127.9,9.13,8.58
3514.9,41.5730277,2.2617813,128.0,8.60,8.53
3519.9,41.5730393,2.2617232,128.1,8.14,8.42
3524.9,41.5730489,2.2616645,128.3,8.04,8.36
3529.9,41.5730580,2.2616057,128.4,7.98,8.31
3534.9,41.5730674,2.2615469,128.6,7.91,8.25
3539.9,41.5730774,2.2614883,128.7,7.84,8.20
3544.9,41.5730877,2.2614298,128.9,7.77,8.14
3549.9,41.5730981,2.2613714,129.0,7.70,8.09
3554.9,41.5731085,2.2613129,129.2,7.63,8.03
3559.9,41.5731187,2.2612543,129.4,7.56,7.98
3564.9,41.5731289,2.2611958,129.6,7.49,7.92
3569.9,41.5731389,2.2611372,129.7,7.42,7.87
3574.9,41.5731488,2.2610786,129.9,7.36,7.81
3579.9,41.5731586,2.2610199,130.1,7.29,7.76
3584.9,41.5731683,2.2609612,130.4,7.22,7.70
3589.9,41.5731781,2.2609026,130.6,7.15,7.65
3594.9,41.5731881,2.2608440,130.8,7.08,7.59
3599.9,41.5731989,2.2607856,131.0,7.01,7.54
3604.9,41.5732104,2.2607275,131.3,6.94,7.48
3609.9,41.5732212,2.2606692,131.5,7.01,7.11
3614.9,41.5732283,2.2606100,131.8,7.17,6.52
3619.9,41.5732284,2.2605501,132.1,7.14,6.33
3624.9,41.5732190,2.2604917,132.3,6.96,6.46
3629.9,41.5732014,2.2604366,132.6,6.76,6.66
3634.9,41.5731786,2.2603848,132.9,6.78,6.81
3639.9,41.5731532,2.2603353,133.2,7.01,6.90
3644.9,41.5731266,2.2602868,133.4,7.14,6.91
3649.9,41.5730996,2.2602388,133.7,6.97,6.84
3654.9,41.5730722,2.2601911,134.0,6.68,6.73
3659.9,41.5730449,2.2601434,134.3,6.38,6.62
3664.9,41.5730179,2.2600953,134.6,6.09,6.51
3669.9,41.5729920,2.2600463,134.9,5.81,6.36
3674.9,41.5729677,2.2599956,135.2,5.58,6.03
3679.9,41.5729458,2.2599432,135.5,5.43,5.63
3684.9,41.5729265,2.2598890,135.8,5.52,5.27
3689.9,41.5729097,2.2598332,136.1,5.60,5.10
3694.9,41.5728956,2.2597762,136.5,5.30,5.43
3699.9,41.5728844,2.2597180,136.8,4.81,5.99
3704.9,41.5728761,2.2596590,137.2,4.79,6.03
3709.9,41.5728707,2.2595993,137.5,5.01,5.79
3714.9,41.5728681,2.2595394,137.9,5.23,5.54
3719.9,41.5728685,2.2594793,138.3,5.37,5.38
3724.9,41.5728724,2.2594195,138.7,5.45,5.27
3729.9,41.5728805,2.2593604,139.1,5.41,5.29
3734.9,41.5728934,2.2593030,139.5,5.08,5.59
3739.9,41.5729112,2.2592478,139.9,4.84,5.83
3744.9,41.5729332,2.2591955,140.3,4.96,5.74
3749.9,41.5729591,2.2591465,140.7,5.17,5.59
3754.9,41.5729883,2.2591009,141.1,5.23,5.58
3759.9,41.5730205,2.2590590,141.5,5.22,5.62
3764.9,41.5730553,2.2590210,141.9,5.20,5.63
3769.9,41.5730923,2.2589869,142.3,5.17,5.62
3774.9,41.5731313,2.2589570,142.6,5.14,5.62
3779.9,41.5731719,2.2589313,143.0,5.13,5.60
3784.9,41.5732139,2.2589099,143.3,5.13,5.59
3789.9,41.5732570,2.2588930,143.6,5.13,5.57
3794.9,41.5733010,2.2588807,143.9,5.14,5.55
3799.9,41.5733455,2.2588730,144.2,5.14,5.53
3804.9,41.5733904,2.2588701,144.4,5.14,5.49
3809.9,41.5734353,2.2588719,144.6,5.17,5.43
3814.9,41.5734800,2.2588787,144.8,5.26,5.33
3819.9,41.5735240,2.2588905,145.0,5.27,5.34
3824.9,41.5735671,2.2589076,145.1,5.15,5.46
3829.9,41.5736088,2.2589300,145.2,5.09,5.58
3834.9,41.5736485,2.2589580,145.3,5.13,5.63
3839.9,41.5736858,2.2589915,145.3,5.20,5.66
3844.9,41.5737202,2.2590300,145.4,5.24,5.67
3849.9,41.5737522,2.2590722,145.4,5.27,5.68
3854.9,41.5737823,2.2591168,145.4,5.29,5.67
3859.9,41.5738113,2.2591627,145.4,5.31,5.64
3864.9,41.5738397,2.2592093,145.4,5.32,5.61
3869.9,41.5738678,2.2592563,145.4,5.33,5.58
3874.9,41.5738957,2.2593034,145.4,5.35,5.55
3879.9,41.5739237,2.2593505,145.3,5.36,5.52
3884.9,41.5739517,2.2593974,145.3,5.38,5.49
3889.9,41.5739799,2.2594442,145.2,5.39,5.46
3894.9,41.5740082,2.2594910,145.1,5.40,5.43
3899.9,41.5740365,2.2595377,145.1,5.42,5.40
3904.9,41.5740649,2.2595843,145.0,5.43,5.37
3909.9,41.5740933,2.2596309,144.9,5.45,5.34
3914.9,41.5741217,2.2596775,144.8,5.46,5.31
3919.9,41.5741501,2.2597240,144.7,5.47,5.29
3924.9,41.5741786,2.2597705,144.6,5.49,5.26
3929.9,41.5742071,2.2598170,144.5,5.48,5.25
3934.9,41.5742357,2.2598635,144.3,5.46,5.28
3939.9,41.5742643,2.2599098,144.2,5.43,5.30
3944.9,41.5742930,2.2599561,144.0,5.39,5.33
3949.9,41.5743218,2.2600022,143.9,5.36,5.36
3954.9,41.5743507,2.2600483,143.7,5.33,5.39
3959.9,41.5743797,2.2600942,143.6,5.30,5.42
3964.9,41.5744088,2.2601400,143.4,5.27,5.45
3969.9,41.5744381,2.2601856,143.2,5.24,5.48
3974.9,41.5744675,2.2602311,143.0,5.21,5.51
3979.9,41.5744971,2.2602763,142.8,5.18,5.54
3984.9,41.5745268,2.2603214,142.5,5.15,5.57
3989.9,41.5745564,2.2603666,142.2,5.12,5.60
3994.9,41.5745847,2.2604134,141.9,5.09,5.63
3999.9,41.5746097,2.2604632,141.6,5.11,5.70
4004.9,41.5746290,2.2605173,141.2,5.28,5.90
4009.9,41.5746410,2.2605751,140.8,5.51,6.21
4014.9,41.5746447,2.2606347,140.4,5.72,6.54
4019.9,41.5746389,2.2606941,140.0,5.82,6.75
4024.9,41.5746231,2.2607501,139.5,5.84,6.75
4029.9,41.5745998,2.2608013,139.0,5.83,6.67
4034.9,41.5745727,2.2608493,138.5,5.81,6.59
4039.9,41.5745449,2.2608964,138.0,5.80,6.50
4044.9,41.5745178,2.2609444,137.5,5.79,6.42
4049.9,41.5744917,2.2609933,137.0,5.77,6.33
4054.9,41.5744660,2.2610427,136.5,5.76,6.24
4059.9,41.5744405,2.2610922,136.0,5.74,6.16
4064.9,41.5744149,2.2611416,135.6,5.73,6.07
4069.9,41.5743893,2.2611910,135.1,5.71,5.99
4074.9,41.5743635,2.2612402,134.7,5.70,5.90
4079.9,41.5743376,2.2612894,134.3,5.69,5.81
4084.9,41.5743116,2.2613384,134.0,5.67,5.72
4089.9,41.5742855,2.2613873,133.7,5.66,5.64
4094.9,41.5742593,2.2614361,133.4,5.63,5.62
4099.9,41.5742329,2.2614848,133.1,5.59,5.63
4104.9,41.5742064,2.2615333,132.8,5.55,5.65
4109.9,41.5741797,2.2615817,132.6,5.52,5.67
4114.9,41.5741529,2.2616300,132.4,5.48,5.69
4119.9,41.5741260,2.2616781,132.2,5.44,5.70
4124.9,41.5740989,2.2617261,132.0,5.41,5.72
4129.9,41.5740717,2.2617739,131.9,5.37,5.74
4134.9,41.5740453,2.2618226,131.7,5.38,5.67
4139.9,41.5740230,2.2618747,131.6,5.62,5.23
4144.9,41.5740105,2.2619320,131.4,6.16,4.97
4149.9,41.5740144,2.2619913,131.3,6.44,5.44
4154.9,41.5740338,2.2620451,131.2,6.20,6.20
4159.9,41.5740650,2.2620880,131.1,6.10,6.14
4164.9,41.5741003,2.2621253,130.9,6.02,5.96
4169.9,41.5741339,2.2621651,130.8,5.95,5.78
4174.9,41.5741677,2.2622048,130.7,5.87,5.60
4179.9,41.5742018,2.2622440,130.5,5.79,5.43
4184.9,41.5742260,2.2622941,130.3,5.04,6.11
4189.9,41.5742313,2.2623533,130.2,6.01,5.61
4194.9,41.5742213,2.2624118,130.0,5.43,5.36
4199.9,41.5742025,2.2624663,129.8,4.97,5.84
4204.9,41.5741810,2.2625190,129.6,5.56,6.11
4209.9,41.5741583,2.2625709,129.4,6.19,6.36
4214.9,41.5741348,2.2626221,129.1,6.83,6.62
4219.9,41.5741106,2.2626728,128.9,6.97,6.64
4224.9,41.5740861,2.2627232,128.6,6.84,6.54
4229.9,41.5740615,2.2627735,128.4,6.69,6.44
4234.9,41.5740370,2.2628239,128.1,6.55,6.33
4239.9,41.5740129,2.2628747,127.9,6.41,6.22
4244.9,41.5739893,2.2629258,127.7,6.27,6.12
4249.9,41.5739659,2.2629771,127.4,6.12,6.01
4254.9,41.5739425,2.2630285,127.2,5.98,5.90
4259.9,41.5739190,2.2630797,127.0,5.84,5.80
4264.9,41.5738950,2.2631305,126.8,5.70,5.69
4269.9,41.5738704,2.2631808,126.6,5.55,5.58
4274.9,41.5738449,2.2632303,126.4,5.44,5.64
4279.9,41.5738184,2.2632788,126.3,5.33,5.70
4284.9,41.5737905,2.2633260,126.1,5.22,5.76
4289.9,41.5737612,2.2633716,126.0,5.13,5.79
4294.9,41.5737301,2.2634150,125.8,5.08,5.78
4299.9,41.5736971,2.2634558,125.7,5.02,5.78
4304.9,41.5736621,2.2634936,125.6,5.04,5.74
4309.9,41.5736250,2.2635276,125.4,5.18,5.67
4314.9,41.5735861,2.2635575,125.3,5.31,5.59
4319.9,41.5735456,2.2635839,125.2,5.42,5.54
4324.9,41.5735043,2.2636073,125.1,5.36,5.64
4329.9,41.5734622,2.2636286,125.0,5.29,5.74
4334.9,41.5734196,2.2636478,124.8,5.29,5.79
4339.9,41.5733763,2.2636640,124.7,5.39,5.76
4344.9,41.5733323,2.2636764,124.6,5.47,5.74
4349.9,41.5732877,2.2636840,124.5,5.45,5.80
4354.9,41.5732428,2.2636873,124.4,5.43,5.86
4359.9,41.5731978,2.2636869,124.2,5.39,5.85
4364.9,41.5731529,2.2636837,124.1,5.28,5.64
4369.9,41.5731082,2.2636782,124.0,5.16,5.42
4374.9,41.5730636,2.2636702,124.0,5.09,5.33
4379.9,41.5730194,2.2636595,123.9,5.18,5.60
4384.9,41.5729756,2.2636456,123.9,5.27,5.88
4389.9,41.5729325,2.2636284,123.8,5.33,6.09
4394.9,41.5728902,2.2636080,123.8,5.33,6.03
4399.9,41.5728489,2.2635844,123.8,5.32,5.96
4404.9,41.5728085,2.2635579,123.8,5.31,5.90
4409.9,41.5727692,2.2635289,123.9,5.30,5.83
4414.9,41.5727305,2.2634982,123.9,5.31,5.83
4419.9,41.5726922,2.2634666,123.9,5.32,5.83
4424.9,41.5726541,2.2634349,124.0,5.34,5.83
4429.9,41.5726159,2.2634030,124.1,5.35,5.83
4434.9,41.5725778,2.2633712,124.1,5.36,5.83
4439.9,41.5725397,2.2633392,124.2,5.38,5.83
4444.9,41.5725016,2.2633072,124.2,5.39,5.83
4449.9,41.5724636,2.2632752,124.3,5.41,5.83
4454.9,41.5724256,2.2632431,124.3,5.42,5.83
4459.8,41.5723876,2.2632110,124.3,5.43,5.83
4464.8,41.5723496,2.2631789,124.3,5.45,5.83
4469.8,41.5723116,2.2631467,124.3,5.46,5.83
4474.8,41.5722736,2.2631146,124.2,5.48,5.83
4479.8,41.5722356,2.2630824,124.2,5.49,5.83
4484.8,41.5721976,2.2630502,124.1,5.51,5.83
4489.8,41.5721597,2.2630180,124.0,5.52,5.83
4494.8,41.5721217,2.2629858,123.9,5.53,5.83
4499.8,41.5720837,2.2629536,123.8,5.55,5.83
4504.8,41.5720457,2.2629215,123.7,5.56,5.83
4509.8,41.5720078,2.2628893,123.6,5.58,5.83
4514.8,41.5719698,2.2628571,123.4,5.59,5.83
4519.8,41.5719318,2.2628250,123.3,5.61,5.83
4524.8,41.5718938,2.2627929,123.2,5.62,5.83
4529.8,41.5718558,2.2627607,123.0,5.63,5.83
4534.8,41.5718178,2.2627286,122.9,5.65,5.83
4539.8,41.5717798,2.2626965,122.7,5.66,5.83
4544.8,41.5717418,2.2626643,122.6,5.68,5.83
4549.8,41.5717038,2.2626322,122.5,5.69,5.83
4554.8,41.5716658,2.2626001,122.4,5.71,5.83
4559.8,41.5716278,2.2625680,122.3,5.72,5.83
4564.8,41.5715897,2.2625359,122.2,5.73,5.83
4569.8,41.5715517,2.2625038,122.2,5.75,5.83
4574.8,41.5715137,2.2624717,122.1,5.76,5.83
4579.8,41.5714757,2.2624397,122.1,5.78,5.83
4584.8,41.5714377,2.2624076,122.1,5.79,5.83
4589.8,41.5713996,2.2623755,122.1,5.81,5.83
4594.8,41.5713616,2.2623434,122.1,5.82,5.83
4599.8,41.5713236,2.2623114,122.1,5.83,5.83
4604.8,41.5712855,2.2622793,122.1,5.85,5.83
4609.8,41.5712475,2.2622472,122.1,5.86,5.83
4614.8,41.5712095,2.2622152,122.2,5.88,5.83
4619.8,41.5711714,2.2621831,122.2,5.89,5.83
4624.8,41.5711334,2.2621511,122.3,5.91,5.83
4629.8,41.5710954,2.2621191,122.3,5.91,5.83
4634.8,41.5710573,2.2620870,122.3,5.91,5.83
4639.8,41.5710193,2.2620550,122.4,5.90,5.83
4644.8,41.5709812,2.2620229,122.4,5.90,5.83
