# cota: centreline in race direction, 5 m spacing. Source: TUMFTM racetrack-database (LGPL-3.0) geo-referenced onto OpenStreetMap (ODbL); elevation srtm30m via OpenTopoData
# widths are metres from the centreline to the track edge (TUMFTM only, blank for OSM)
s_m,lat,lon,elev_m,w_right_m,w_left_m
0.0,30.1335659,-97.6423236,154.7,7.57,7.36
5.0,30.1335382,-97.6422827,154.9,7.58,7.38
10.0,30.1335105,-97.6422417,155.1,7.60,7.40
15.0,30.1334829,-97.6422008,155.4,7.62,7.42
20.0,30.1334552,-97.6421598,155.6,7.64,7.44
25.0,30.1334275,-97.6421189,155.8,7.66,7.46
30.0,30.1333998,-97.6420779,156.1,7.68,7.49
35.0,30.1333722,-97.6420370,156.4,7.70,7.51
40.0,30.1333445,-97.6419960,156.6,7.72,7.53
45.0,30.1333168,-97.6419551,156.9,7.73,7.55
50.0,30.1332892,-97.6419141,157.1,7.75,7.57
55.0,30.1332615,-97.6418731,157.3,7.77,7.59
60.0,30.1332338,-97.6418322,157.5,7.79,7.61
65.0,30.1332062,-97.6417912,157.7,7.81,7.63
70.0,30.1331785,-97.6417503,157.9,7.83,7.65
75.0,30.1331508,-97.6417093,158.0,7.85,7.67
80.0,30.1331232,-97.6416684,158.1,7.87,7.69
85.0,30.1330955,-97.6416274,158.1,7.89,7.71
90.0,30.1330679,-97.6415864,158.2,7.90,7.74
95.0,30.1330402,-97.6415455,158.2,7.92,7.76
100.0,30.1330125,-97.6415045,158.2,7.94,7.78
105.0,30.1329849,-97.6414636,158.2,7.96,7.80
110.0,30.1329572,-97.6414226,158.2,7.98,7.82
114.9,30.1329296,-97.6413816,158.1,8.00,7.84
119.9,30.1329019,-97.6413407,158.1,8.02,7.86
124.9,30.1328742,-97.6412997,158.0,8.04,7.88
129.9,30.1328466,-97.6412587,158.0,8.06,7.90
134.9,30.1328189,-97.6412178,157.9,8.07,7.92
139.9,30.1327913,-97.6411768,157.8,8.09,7.94
144.9,30.1327636,-97.6411359,157.7,8.11,7.96
149.9,30.1327359,-97.6410949,157.7,8.13,7.99
154.9,30.1327083,-97.6410539,157.6,8.15,8.01
159.9,30.1326806,-97.6410130,157.5,8.17,8.03
164.9,30.1326530,-97.6409720,157.4,8.19,8.05
169.9,30.1326253,-97.6409310,157.3,8.21,8.07
174.9,30.1325976,-97.6408901,157.2,8.23,8.09
179.9,30.1325700,-97.6408491,157.1,8.24,8.11
184.9,30.1325423,-97.6408082,157.0,8.26,8.13
189.9,30.1325147,-97.6407672,156.9,8.28,8.15
194.9,30.1324870,-97.6407262,156.8,8.30,8.17
199.9,30.1324593,-97.6406853,156.8,8.32,8.19
204.9,30.1324317,-97.6406443,156.8,8.34,8.21
209.9,30.1324040,-97.6406033,156.8,8.36,8.24
214.9,30.1323764,-97.6405624,156.9,8.38,8.26
219.9,30.1323487,-97.6405214,157.0,8.39,8.28
224.9,30.1323210,-97.6404805,157.1,8.41,8.30
229.9,30.1322934,-97.6404395,157.3,8.43,8.32
234.9,30.1322657,-97.6403985,157.5,8.45,8.34
239.9,30.1322380,-97.6403576,157.7,8.47,8.36
244.9,30.1322104,-97.6403166,158.0,8.49,8.38
249.9,30.1321827,-97.6402757,158.2,8.51,8.40
254.9,30.1321551,-97.6402347,158.5,8.53,8.42
259.9,30.1321274,-97.6401937,158.8,8.55,8.44
264.9,30.1320997,-97.6401528,159.1,8.56,8.46
269.9,30.1320721,-97.6401118,159.4,8.58,8.49
274.9,30.1320444,-97.6400709,159.6,8.60,8.51
279.9,30.1320167,-97.6400299,159.8,8.62,8.53
284.9,30.1319891,-97.6399889,160.0,8.64,8.55
289.9,30.1319614,-97.6399480,160.2,8.66,8.57
294.9,30.1319337,-97.6399070,160.3,8.68,8.59
299.9,30.1319061,-97.6398661,160.4,8.70,8.61
304.9,30.1318784,-97.6398251,160.5,8.72,8.63
309.9,30.1318508,-97.6397842,160.6,8.73,8.65
314.9,30.1318231,-97.6397432,160.6,8.75,8.67
319.9,30.1317954,-97.6397022,160.6,8.77,8.69
324.9,30.1317678,-97.6396613,160.6,8.79,8.71
329.9,30.1317401,-97.6396203,160.5,8.81,8.73
334.9,30.1317124,-97.6395794,160.5,8.83,8.76
339.8,30.1316848,-97.6395384,160.5,8.85,8.78
344.8,30.1316571,-97.6394974,160.4,8.87,8.80
349.8,30.1316294,-97.6394565,160.4,8.89,8.82
354.8,30.1316018,-97.6394155,160.4,8.90,8.84
359.8,30.1315741,-97.6393746,160.4,8.92,8.86
364.8,30.1315464,-97.6393336,160.5,8.94,8.88
369.8,30.1315188,-97.6392926,160.5,8.96,8.90
374.8,30.1314911,-97.6392517,160.6,8.98,8.92
379.8,30.1314635,-97.6392107,160.8,9.00,8.94
384.8,30.1314358,-97.6391698,160.9,9.02,8.96
389.8,30.1314081,-97.6391288,161.1,9.04,8.98
394.8,30.1313805,-97.6390879,161.3,9.05,9.01
399.8,30.1313528,-97.6390469,161.6,9.07,9.03
404.8,30.1313251,-97.6390059,161.9,9.09,9.05
409.8,30.1312975,-97.6389650,162.2,9.11,9.07
414.8,30.1312698,-97.6389240,162.5,9.13,9.09
419.8,30.1312422,-97.6388831,162.9,9.15,9.11
424.8,30.1312145,-97.6388421,163.2,9.17,9.13
429.8,30.1311868,-97.6388011,163.6,9.19,9.15
434.8,30.1311592,-97.6387602,164.1,9.21,9.17
439.8,30.1311315,-97.6387192,164.5,9.22,9.19
444.8,30.1311038,-97.6386782,165.0,9.24,9.21
449.8,30.1310762,-97.6386373,165.5,9.26,9.23
454.8,30.1310485,-97.6385963,166.0,9.28,9.26
459.8,30.1310209,-97.6385554,166.6,9.30,9.28
464.8,30.1309932,-97.6385144,167.1,9.32,9.30
469.8,30.1309655,-97.6384734,167.7,9.34,9.32
474.8,30.1309379,-97.6384325,168.3,9.36,9.34
479.8,30.1309102,-97.6383915,168.9,9.38,9.36
484.8,30.1308826,-97.6383505,169.5,9.39,9.38
489.8,30.1308549,-97.6383096,170.1,9.41,9.40
494.8,30.1308273,-97.6382686,170.7,9.43,9.42
499.8,30.1307996,-97.6382277,171.3,9.45,9.44
504.8,30.1307719,-97.6381867,171.9,9.47,9.46
509.8,30.1307443,-97.6381457,172.5,9.49,9.48
514.8,30.1307166,-97.6381048,173.1,9.51,9.51
519.8,30.1306890,-97.6380638,173.6,9.53,9.53
524.8,30.1306613,-97.6380228,174.1,9.55,9.55
529.8,30.1306337,-97.6379819,174.6,9.56,9.57
534.8,30.1306060,-97.6379409,175.1,9.58,9.59
539.8,30.1305784,-97.6378999,175.6,9.60,9.61
544.8,30.1305507,-97.6378590,176.1,9.62,9.63
549.8,30.1305230,-97.6378180,176.5,9.64,9.65
554.8,30.1304954,-97.6377770,177.0,9.66,9.67
559.7,30.1304677,-97.6377361,177.4,9.68,9.69
564.7,30.1304400,-97.6376952,177.9,9.70,9.71
569.7,30.1304122,-97.6376543,178.3,9.82,9.81
574.7,30.1303844,-97.6376135,178.7,10.15,10.04
579.7,30.1303566,-97.6375726,179.2,10.48,10.29
584.7,30.1303288,-97.6375318,179.6,10.83,10.53
589.7,30.1303016,-97.6374904,180.1,11.17,10.78
594.7,30.1302765,-97.6374473,180.5,11.52,11.09
599.7,30.1302544,-97.6374021,180.9,11.90,11.54
604.7,30.1302338,-97.6373559,181.3,12.28,12.00
609.7,30.1302133,-97.6373097,181.8,12.66,12.46
614.7,30.1301927,-97.6372635,182.1,13.04,12.92
619.7,30.1301722,-97.6372172,182.5,13.33,13.18
624.7,30.1301519,-97.6371709,182.8,13.56,13.32
629.7,30.1301321,-97.6371242,183.1,13.79,13.45
634.7,30.1301137,-97.6370768,183.4,14.01,13.57
639.7,30.1300976,-97.6370283,183.6,13.88,13.51
644.7,30.1300848,-97.6369785,183.7,13.62,13.38
649.7,30.1300766,-97.6369274,183.8,13.26,13.00
654.7,30.1300763,-97.6368755,183.8,12.47,12.13
659.7,30.1300893,-97.6368259,183.8,11.50,11.10
664.7,30.1301169,-97.6367853,183.7,11.35,10.53
669.7,30.1301566,-97.6367618,183.6,9.01,8.59
674.7,30.1302015,-97.6367611,183.4,8.73,8.24
679.7,30.1302454,-97.6367721,183.1,8.42,8.13
684.7,30.1302887,-97.6367860,182.8,7.89,8.08
689.7,30.1303318,-97.6368009,182.5,7.74,7.81
694.7,30.1303747,-97.6368163,182.1,7.60,7.53
699.7,30.1304175,-97.6368321,181.8,7.46,7.25
704.7,30.1304602,-97.6368482,181.3,7.38,7.21
709.7,30.1305029,-97.6368645,180.9,7.30,7.17
714.7,30.1305456,-97.6368810,180.5,7.23,7.14
719.7,30.1305882,-97.6368976,180.0,7.15,7.10
724.7,30.1306307,-97.6369143,179.6,7.09,7.06
729.7,30.1306732,-97.6369311,179.1,7.04,7.01
734.7,30.1307158,-97.6369480,178.7,6.99,6.97
739.7,30.1307582,-97.6369649,178.3,6.94,6.92
744.7,30.1308007,-97.6369819,177.9,6.88,6.87
749.7,30.1308432,-97.6369990,177.5,6.83,6.83
754.7,30.1308856,-97.6370161,177.2,6.78,6.78
759.7,30.1309280,-97.6370332,176.8,6.73,6.73
764.7,30.1309705,-97.6370503,176.5,6.68,6.69
769.7,30.1310129,-97.6370674,176.2,6.62,6.64
774.7,30.1310554,-97.6370845,175.9,6.57,6.59
779.7,30.1310978,-97.6371016,175.6,6.52,6.55
784.6,30.1311403,-97.6371185,175.3,6.47,6.50
789.6,30.1311828,-97.6371354,175.1,6.42,6.46
794.6,30.1312253,-97.6371523,174.8,6.37,6.41
799.6,30.1312679,-97.6371690,174.6,6.31,6.36
804.6,30.1313104,-97.6371857,174.3,6.26,6.32
809.6,30.1313530,-97.6372025,174.1,6.21,6.27
814.6,30.1313954,-97.6372195,173.8,6.16,6.22
819.6,30.1314378,-97.6372369,173.5,6.11,6.17
824.6,30.1314801,-97.6372543,173.3,6.06,6.09
829.6,30.1315226,-97.6372714,173.0,6.02,6.01
834.6,30.1315653,-97.6372875,172.7,5.97,5.92
839.6,30.1316085,-97.6373020,172.4,5.86,5.93
844.6,30.1316522,-97.6373142,172.0,5.74,5.98
849.6,30.1316963,-97.6373240,171.7,5.72,6.08
854.6,30.1317408,-97.6373312,171.4,5.80,6.10
859.6,30.1317856,-97.6373355,171.0,5.95,6.03
864.6,30.1318305,-97.6373368,170.7,5.91,5.88
869.6,30.1318755,-97.6373351,170.4,5.90,5.86
874.6,30.1319203,-97.6373308,170.1,5.90,5.90
879.6,30.1319648,-97.6373241,169.8,5.92,5.93
884.6,30.1320091,-97.6373151,169.5,5.91,5.97
889.6,30.1320530,-97.6373041,169.3,5.85,6.03
894.6,30.1320965,-97.6372910,169.1,5.85,6.03
899.6,30.1321395,-97.6372760,168.9,5.86,5.99
904.6,30.1321820,-97.6372590,168.7,5.83,6.03
909.6,30.1322239,-97.6372401,168.6,5.83,6.05
914.6,30.1322651,-97.6372194,168.5,5.94,5.99
919.6,30.1323056,-97.6371970,168.4,5.94,5.97
924.6,30.1323455,-97.6371729,168.3,5.83,6.00
929.6,30.1323845,-97.6371471,168.3,5.88,5.90
934.6,30.1324226,-97.6371195,168.3,5.93,5.81
939.6,30.1324594,-97.6370898,168.3,5.87,6.04
944.6,30.1324947,-97.6370576,168.3,5.91,6.11
949.6,30.1325281,-97.6370228,168.3,6.09,5.94
954.6,30.1325594,-97.6369855,168.4,5.92,6.08
959.6,30.1325887,-97.6369462,168.4,5.63,6.33
964.6,30.1326166,-97.6369054,168.5,5.85,6.11
969.6,30.1326433,-97.6368636,168.5,6.03,5.94
974.6,30.1326693,-97.6368212,168.6,6.00,6.04
979.6,30.1326946,-97.6367782,168.6,5.99,6.12
984.6,30.1327194,-97.6367349,168.6,6.08,6.07
989.6,30.1327438,-97.6366912,168.6,6.17,6.01
994.6,30.1327678,-97.6366473,168.6,6.14,6.04
999.6,30.1327915,-97.6366031,168.6,6.09,6.08
1004.6,30.1328150,-97.6365589,168.6,6.05,6.12
1009.5,30.1328384,-97.6365145,168.5,6.00,6.16
1014.5,30.1328618,-97.6364701,168.4,5.98,6.18
1019.5,30.1328853,-97.6364258,168.3,5.98,6.17
1024.5,30.1329087,-97.6363815,168.2,5.99,6.16
1029.5,30.1329323,-97.6363372,168.1,5.99,6.16
1034.5,30.1329558,-97.6362929,168.0,5.99,6.15
1039.5,30.1329793,-97.6362486,167.9,6.00,6.14
1044.5,30.1330028,-97.6362043,167.8,6.00,6.14
1049.5,30.1330262,-97.6361600,167.7,6.00,6.13
1054.5,30.1330496,-97.6361156,167.6,6.01,6.12
1059.5,30.1330729,-97.6360711,167.5,6.01,6.12
1064.5,30.1330961,-97.6360267,167.4,6.01,6.11
1069.5,30.1331193,-97.6359821,167.4,6.02,6.10
1074.5,30.1331425,-97.6359376,167.4,6.02,6.09
1079.5,30.1331656,-97.6358930,167.4,6.02,6.09
1084.5,30.1331887,-97.6358484,167.4,6.03,6.08
1089.5,30.1332118,-97.6358039,167.4,6.03,6.07
1094.5,30.1332350,-97.6357593,167.5,6.03,6.07
1099.5,30.1332582,-97.6357148,167.5,6.04,6.06
1104.5,30.1332815,-97.6356704,167.6,6.04,6.05
1109.5,30.1333048,-97.6356260,167.6,6.04,6.05
1114.5,30.1333282,-97.6355816,167.7,6.05,6.04
1119.5,30.1333518,-97.6355374,167.8,6.05,6.03
1124.5,30.1333755,-97.6354932,167.9,6.05,6.03
1129.5,30.1333993,-97.6354491,168.0,6.09,5.91
1134.5,30.1334233,-97.6354052,168.1,6.13,5.77
1139.5,30.1334475,-97.6353614,168.2,6.17,5.63
1144.5,30.1334719,-97.6353177,168.3,6.17,5.63
1149.5,30.1334969,-97.6352745,168.4,6.13,5.75
1154.5,30.1335231,-97.6352323,168.4,6.09,5.88
1159.5,30.1335512,-97.6351917,168.5,6.05,6.01
1164.5,30.1335816,-97.6351535,168.6,6.16,5.88
1169.5,30.1336146,-97.6351182,168.7,6.13,5.85
1174.5,30.1336497,-97.6350858,168.7,5.86,6.06
1179.5,30.1336864,-97.6350559,168.8,5.85,6.01
1184.5,30.1337246,-97.6350284,168.8,6.00,5.80
1189.5,30.1337638,-97.6350031,168.8,6.00,5.79
1194.5,30.1338040,-97.6349797,168.8,5.96,5.80
1199.5,30.1338448,-97.6349580,168.8,5.87,5.80
1204.5,30.1338862,-97.6349377,168.8,5.81,5.76
1209.5,30.1339279,-97.6349184,168.7,5.80,5.65
1214.5,30.1339698,-97.6348997,168.7,5.78,5.60
1219.5,30.1340119,-97.6348813,168.6,5.76,5.71
1224.5,30.1340539,-97.6348628,168.5,5.81,5.78
1229.5,30.1340957,-97.6348439,168.4,6.01,5.74
1234.4,30.1341373,-97.6348241,168.2,6.02,5.83
1239.4,30.1341784,-97.6348031,168.1,5.94,5.98
1244.4,30.1342189,-97.6347806,167.9,5.74,6.18
1249.4,30.1342586,-97.6347562,167.7,5.58,6.34
1254.4,30.1342971,-97.6347294,167.5,5.79,6.23
1259.4,30.1343341,-97.6347000,167.3,6.03,6.11
1264.4,30.1343691,-97.6346674,167.1,6.23,6.01
1269.4,30.1344016,-97.6346315,167.0,6.00,6.11
1274.4,30.1344309,-97.6345921,166.8,5.58,6.30
1279.4,30.1344569,-97.6345497,166.7,5.70,6.26
1284.4,30.1344799,-97.6345051,166.6,5.98,6.16
1289.4,30.1345003,-97.6344588,166.5,6.01,6.15
1294.4,30.1345187,-97.6344114,166.5,6.04,6.14
1299.4,30.1345355,-97.6343632,166.4,6.11,6.16
1304.4,30.1345512,-97.6343145,166.4,6.18,6.19
1309.4,30.1345662,-97.6342655,166.4,6.22,6.19
1314.4,30.1345808,-97.6342163,166.5,6.17,6.10
1319.4,30.1345958,-97.6341673,166.5,6.11,6.01
1324.4,30.1346121,-97.6341189,166.5,6.06,5.92
1329.4,30.1346309,-97.6340717,166.6,6.02,5.84
1334.4,30.1346532,-97.6340266,166.6,6.06,5.76
1339.4,30.1346794,-97.6339844,166.7,6.03,5.80
1344.4,30.1347083,-97.6339446,166.7,5.89,6.00
1349.4,30.1347382,-97.6339058,166.8,5.90,5.96
1354.4,30.1347690,-97.6338680,166.8,5.93,5.87
1359.4,30.1348024,-97.6338332,166.9,5.95,5.78
1364.4,30.1348389,-97.6338029,166.9,6.11,5.72
1369.4,30.1348780,-97.6337774,166.9,6.01,5.77
1374.4,30.1349192,-97.6337566,166.9,5.85,5.82
1379.4,30.1349617,-97.6337398,166.9,5.86,5.71
1384.4,30.1350051,-97.6337264,166.8,5.95,5.66
1389.4,30.1350491,-97.6337158,166.8,6.03,5.68
1394.4,30.1350935,-97.6337072,166.7,5.97,5.85
1399.4,30.1351380,-97.6337001,166.7,5.94,6.01
1404.4,30.1351826,-97.6336938,166.6,6.02,6.09
1409.4,30.1352272,-97.6336879,166.5,6.10,6.17
1414.4,30.1352719,-97.6336819,166.3,6.15,6.25
1419.4,30.1353165,-97.6336755,166.2,6.14,6.33
1424.4,30.1353610,-97.6336680,166.0,6.13,6.40
1429.4,30.1354053,-97.6336592,165.9,6.12,6.36
1434.4,30.1354492,-97.6336485,165.7,6.10,6.17
1439.4,30.1354927,-97.6336354,165.6,6.08,5.98
1444.4,30.1355355,-97.6336195,165.4,5.89,6.10
1449.4,30.1355774,-97.6336006,165.2,5.76,6.23
1454.3,30.1356182,-97.6335790,165.1,5.84,6.24
1459.3,30.1356580,-97.6335547,165.0,5.93,6.21
1464.3,30.1356966,-97.6335280,164.9,6.03,6.07
1469.3,30.1357339,-97.6334991,164.8,6.09,6.02
1474.3,30.1357700,-97.6334682,164.7,6.10,6.10
1479.3,30.1358048,-97.6334352,164.7,6.11,6.19
1484.3,30.1358382,-97.6334005,164.7,6.12,6.23
1489.3,30.1358702,-97.6333640,164.7,6.13,6.28
1494.3,30.1359007,-97.6333259,164.8,6.04,6.41
1499.3,30.1359298,-97.6332863,164.9,5.95,6.52
1504.3,30.1359575,-97.6332453,165.1,6.06,6.25
1509.3,30.1359837,-97.6332031,165.2,6.19,5.96
1514.3,30.1360086,-97.6331598,165.4,6.17,6.01
1519.3,30.1360322,-97.6331156,165.7,6.11,6.11
1524.3,30.1360545,-97.6330705,165.9,5.96,6.35
1529.3,30.1360757,-97.6330246,166.2,5.97,6.39
1534.3,30.1360957,-97.6329781,166.5,6.20,6.18
1539.3,30.1361144,-97.6329309,166.8,6.24,6.11
1544.3,30.1361318,-97.6328829,167.0,6.05,6.22
1549.3,30.1361476,-97.6328343,167.3,5.90,6.28
1554.3,30.1361616,-97.6327849,167.6,5.91,6.12
1559.3,30.1361737,-97.6327349,167.8,5.91,5.91
1564.3,30.1361836,-97.6326842,168.0,5.84,5.62
1569.3,30.1361911,-97.6326330,168.2,5.76,5.47
1574.3,30.1361960,-97.6325813,168.3,5.66,5.47
1579.3,30.1361983,-97.6325294,168.5,5.46,5.77
1584.3,30.1361980,-97.6324774,168.6,5.52,5.94
1589.3,30.1361951,-97.6324256,168.7,5.74,6.02
1594.3,30.1361898,-97.6323740,168.7,5.89,6.21
1599.3,30.1361821,-97.6323228,168.7,5.86,6.53
1604.3,30.1361720,-97.6322722,168.7,5.79,6.39
1609.3,30.1361596,-97.6322222,168.7,6.03,6.14
1614.3,30.1361450,-97.6321731,168.7,6.09,6.07
1619.3,30.1361282,-97.6321249,168.7,6.03,6.10
1624.3,30.1361098,-97.6320775,168.7,5.96,6.14
1629.3,30.1360902,-97.6320307,168.6,5.90,6.18
1634.3,30.1360702,-97.6319842,168.6,5.83,6.22
1639.3,30.1360502,-97.6319376,168.6,5.83,6.22
1644.3,30.1360305,-97.6318909,168.5,5.91,6.17
1649.3,30.1360111,-97.6318440,168.5,5.99,6.11
1654.3,30.1359919,-97.6317970,168.4,6.07,6.05
1659.3,30.1359729,-97.6317500,168.4,6.15,5.99
1664.3,30.1359540,-97.6317028,168.3,6.24,5.94
1669.3,30.1359352,-97.6316556,168.2,6.32,5.88
1674.3,30.1359165,-97.6316083,168.0,6.30,5.89
1679.2,30.1358979,-97.6315610,167.9,6.23,5.93
1684.2,30.1358795,-97.6315136,167.8,6.15,5.97
1689.2,30.1358612,-97.6314661,167.6,6.08,6.01
1694.2,30.1358430,-97.6314186,167.5,6.01,6.05
1699.2,30.1358250,-97.6313710,167.3,5.93,6.09
1704.2,30.1358072,-97.6313233,167.1,5.87,6.10
1709.2,30.1357900,-97.6312753,167.0,5.96,5.78
1714.2,30.1357744,-97.6312265,166.8,6.02,5.58
1719.2,30.1357623,-97.6311765,166.7,5.63,6.01
1724.2,30.1357584,-97.6311248,166.6,5.88,5.70
1729.2,30.1357654,-97.6310736,166.5,5.78,5.60
1734.2,30.1357792,-97.6310241,166.4,5.97,5.83
1739.2,30.1357966,-97.6309762,166.3,6.04,6.02
1744.2,30.1358167,-97.6309298,166.2,6.13,6.05
1749.2,30.1358392,-97.6308848,166.2,6.29,5.91
1754.2,30.1358636,-97.6308412,166.2,6.46,5.76
1759.2,30.1358896,-97.6307988,166.2,6.63,5.61
1764.2,30.1359167,-97.6307573,166.2,6.37,5.86
1769.2,30.1359448,-97.6307167,166.2,6.08,6.14
1774.2,30.1359735,-97.6306768,166.2,5.80,6.40
1779.2,30.1360028,-97.6306374,166.3,5.95,6.26
1784.2,30.1360327,-97.6305985,166.4,6.14,6.10
1789.2,30.1360630,-97.6305602,166.5,6.27,5.97
1794.2,30.1360937,-97.6305223,166.6,6.34,5.90
1799.2,30.1361250,-97.6304850,166.7,6.38,5.85
1804.2,30.1361570,-97.6304484,166.9,6.26,5.92
1809.2,30.1361897,-97.6304128,167.0,6.13,5.99
1814.2,30.1362233,-97.6303782,167.2,6.00,6.07
1819.2,30.1362578,-97.6303449,167.4,5.86,6.08
1824.2,30.1362932,-97.6303130,167.6,5.74,6.05
1829.2,30.1363298,-97.6302827,167.7,5.90,5.76
1834.2,30.1363672,-97.6302539,167.9,5.99,5.59
1839.2,30.1364048,-97.6302254,168.1,5.90,5.69
1844.2,30.1364418,-97.6301959,168.3,5.95,5.78
1849.2,30.1364773,-97.6301641,168.5,5.96,5.93
1854.2,30.1365102,-97.6301287,168.7,5.69,6.35
1859.2,30.1365398,-97.6300897,168.9,5.77,6.26
1864.2,30.1365659,-97.6300474,169.1,5.81,6.09
1869.2,30.1365881,-97.6300022,169.3,5.72,5.94
1874.2,30.1366060,-97.6299545,169.5,5.98,5.91
1879.2,30.1366195,-97.6299050,169.7,6.00,5.94
1884.2,30.1366290,-97.6298542,169.9,5.92,5.99
1889.2,30.1366349,-97.6298027,170.2,5.79,6.01
1894.2,30.1366378,-97.6297508,170.4,5.75,6.10
1899.2,30.1366380,-97.6296989,170.6,5.78,6.12
1904.1,30.1366354,-97.6296470,170.9,5.88,5.92
1909.1,30.1366295,-97.6295955,171.2,5.95,5.76
1914.1,30.1366198,-97.6295448,171.5,5.92,5.72
1919.1,30.1366059,-97.6294953,171.8,5.68,5.93
1924.1,30.1365880,-97.6294477,172.1,5.65,6.20
1929.1,30.1365662,-97.6294022,172.4,5.73,5.98
1934.1,30.1365410,-97.6293592,172.8,5.80,5.86
1939.1,30.1365126,-97.6293190,173.2,5.83,5.97
1944.1,30.1364813,-97.6292817,173.5,5.86,5.91
1949.1,30.1364473,-97.6292477,173.9,6.15,5.67
1954.1,30.1364109,-97.6292173,174.3,5.69,5.86
1959.1,30.1363723,-97.6291907,174.7,5.48,5.86
1964.1,30.1363324,-97.6291668,175.0,5.51,5.58
1969.1,30.1362935,-97.6291408,175.4,5.92,5.50
1974.1,30.1362590,-97.6291076,175.8,5.74,5.70
1979.1,30.1362309,-97.6290671,176.1,5.68,5.67
1984.1,30.1362100,-97.6290211,176.5,6.03,5.62
1989.1,30.1361961,-97.6289718,176.8,5.54,5.82
1994.1,30.1361888,-97.6289205,177.2,5.84,5.78
1999.1,30.1361873,-97.6288686,177.5,6.09,5.68
2004.1,30.1361908,-97.6288168,177.9,6.03,5.84
2009.1,30.1361982,-97.6287656,178.2,6.07,5.93
2014.1,30.1362082,-97.6287149,178.6,6.00,6.05
2019.1,30.1362193,-97.6286645,178.9,5.93,6.16
2024.1,30.1362303,-97.6286141,179.2,5.92,6.19
2029.1,30.1362406,-97.6285635,179.5,5.92,6.18
2034.1,30.1362502,-97.6285128,179.7,5.93,6.18
2039.1,30.1362594,-97.6284619,179.9,5.93,6.17
2044.1,30.1362685,-97.6284110,180.1,5.94,6.17
2049.1,30.1362776,-97.6283601,180.3,5.95,6.16
2054.1,30.1362869,-97.6283093,180.4,5.95,6.16
2059.1,30.1362963,-97.6282585,180.4,5.96,6.16
2064.1,30.1363058,-97.6282077,180.4,5.96,6.15
2069.1,30.1363154,-97.6281569,180.4,5.97,6.15
2074.1,30.1363250,-97.6281061,180.4,5.98,6.14
2079.1,30.1363346,-97.6280553,180.3,5.98,6.14
2084.1,30.1363441,-97.6280046,180.1,5.99,6.14
2089.1,30.1363537,-97.6279538,180.0,5.99,6.13
2094.1,30.1363632,-97.6279030,179.8,6.00,6.13
2099.1,30.1363727,-97.6278522,179.6,6.01,6.12
2104.1,30.1363822,-97.6278014,179.3,6.01,6.12
2109.1,30.1363916,-97.6277506,179.0,6.02,6.11
2114.1,30.1364010,-97.6276998,178.7,6.02,6.11
2119.1,30.1364104,-97.6276490,178.4,6.03,6.11
2124.1,30.1364198,-97.6275981,178.0,6.04,6.10
2129.0,30.1364293,-97.6275473,177.6,6.04,6.10
2134.0,30.1364387,-97.6274965,177.2,6.05,6.09
2139.0,30.1364481,-97.6274457,176.8,6.05,6.09
2144.0,30.1364576,-97.6273949,176.3,6.06,6.08
2149.0,30.1364671,-97.6273441,175.9,6.07,6.08
2154.0,30.1364767,-97.6272933,175.4,6.07,6.08
2159.0,30.1364863,-97.6272426,175.0,6.09,6.05
2164.0,30.1364959,-97.6271918,174.5,6.11,5.99
2169.0,30.1365057,-97.6271411,174.0,6.13,5.93
2174.0,30.1365155,-97.6270904,173.5,6.01,6.07
2179.0,30.1365268,-97.6270401,173.0,5.85,6.08
2184.0,30.1365429,-97.6269916,172.6,6.00,5.84
2189.0,30.1365665,-97.6269474,172.1,6.09,5.74
2194.0,30.1365955,-97.6269077,171.6,6.05,5.87
2199.0,30.1366272,-97.6268709,171.2,6.34,5.73
2204.0,30.1366606,-97.6268361,170.7,6.16,5.93
2209.0,30.1366951,-97.6268028,170.3,5.95,6.16
2214.0,30.1367301,-97.6267703,169.9,5.85,6.30
2219.0,30.1367653,-97.6267379,169.5,5.88,6.34
2224.0,30.1368003,-97.6267054,169.1,5.92,6.37
2229.0,30.1368353,-97.6266727,168.7,5.96,6.40
2234.0,30.1368701,-97.6266399,168.4,6.00,6.43
2239.0,30.1369049,-97.6266069,168.0,6.04,6.46
2244.0,30.1369396,-97.6265739,167.7,6.08,6.49
2249.0,30.1369742,-97.6265408,167.4,6.12,6.52
2254.0,30.1370088,-97.6265076,167.1,6.16,6.55
2259.0,30.1370434,-97.6264745,166.8,6.20,6.58
2264.0,30.1370780,-97.6264413,166.5,6.25,6.61
2269.0,30.1371126,-97.6264081,166.3,6.29,6.64
2274.0,30.1371473,-97.6263750,166.0,6.33,6.67
2279.0,30.1371819,-97.6263418,165.8,6.37,6.70
2284.0,30.1372165,-97.6263087,165.6,6.41,6.73
2289.0,30.1372511,-97.6262756,165.4,6.45,6.76
2294.0,30.1372858,-97.6262424,165.3,6.49,6.79
2299.0,30.1373204,-97.6262093,165.1,6.53,6.82
2304.0,30.1373550,-97.6261762,165.0,6.57,6.85
2309.0,30.1373897,-97.6261431,164.9,6.61,6.88
2314.0,30.1374243,-97.6261100,164.9,6.65,6.91
2319.0,30.1374590,-97.6260769,164.8,6.69,6.94
2324.0,30.1374936,-97.6260438,164.8,6.73,6.97
2329.0,30.1375282,-97.6260107,164.8,6.78,7.00
2334.0,30.1375629,-97.6259776,164.9,6.82,7.03
2339.0,30.1375976,-97.6259445,164.9,6.86,7.06
2344.0,30.1376322,-97.6259114,165.0,6.90,7.09
2348.9,30.1376669,-97.6258783,165.0,6.94,7.12
2353.9,30.1377015,-97.6258452,165.1,6.98,7.15
2358.9,30.1377362,-97.6258121,165.2,7.02,7.18
2363.9,30.1377709,-97.6257791,165.3,7.06,7.21
2368.9,30.1378055,-97.6257460,165.4,7.10,7.24
2373.9,30.1378402,-97.6257129,165.5,7.14,7.27
2378.9,30.1378749,-97.6256798,165.6,7.18,7.30
2383.9,30.1379095,-97.6256468,165.7,7.23,7.33
2388.9,30.1379442,-97.6256137,165.8,7.27,7.36
2393.9,30.1379789,-97.6255806,166.0,7.31,7.39
2398.9,30.1380135,-97.6255475,166.1,7.35,7.42
2403.9,30.1380482,-97.6255145,166.3,7.39,7.45
2408.9,30.1380829,-97.6254814,166.5,7.43,7.48
2413.9,30.1381176,-97.6254483,166.7,7.47,7.51
2418.9,30.1381522,-97.6254153,166.9,7.51,7.54
2423.9,30.1381869,-97.6253822,167.2,7.55,7.57
2428.9,30.1382216,-97.6253491,167.4,7.59,7.60
2433.9,30.1382562,-97.6253160,167.7,7.63,7.63
2438.9,30.1382909,-97.6252830,167.9,7.67,7.67
2443.9,30.1383256,-97.6252499,168.2,7.72,7.70
2448.9,30.1383603,-97.6252168,168.5,7.76,7.73
2453.9,30.1383949,-97.6251838,168.8,7.80,7.76
2458.9,30.1384296,-97.6251507,169.1,7.84,7.79
2463.9,30.1384643,-97.6251176,169.4,7.88,7.82
2468.9,30.1384990,-97.6250846,169.6,7.92,7.85
2473.9,30.1385336,-97.6250515,169.9,7.96,7.88
2478.9,30.1385683,-97.6250185,170.2,8.00,7.91
2483.9,30.1386030,-97.6249855,170.4,8.14,8.02
2488.9,30.1386377,-97.6249524,170.6,8.35,8.19
2493.9,30.1386725,-97.6249194,170.8,8.57,8.38
2498.9,30.1387072,-97.6248864,171.0,8.79,8.56
2503.9,30.1387419,-97.6248534,171.2,9.00,8.74
2508.9,30.1387766,-97.6248205,171.3,9.22,8.93
2513.9,30.1388114,-97.6247875,171.4,9.44,9.11
2518.9,30.1388462,-97.6247545,171.5,9.66,9.29
2523.9,30.1388810,-97.6247217,171.6,9.88,9.48
2528.9,30.1389159,-97.6246890,171.6,10.10,9.66
2533.9,30.1389512,-97.6246568,171.7,10.32,9.84
2538.9,30.1389869,-97.6246253,171.7,10.54,10.03
2543.9,30.1390232,-97.6245946,171.6,10.79,10.35
2548.9,30.1390600,-97.6245648,171.6,11.05,10.75
2553.9,30.1390973,-97.6245357,171.5,11.32,11.17
2558.9,30.1391349,-97.6245072,171.5,11.59,11.62
2563.9,30.1391727,-97.6244792,171.3,11.87,12.26
2568.9,30.1392115,-97.6244530,171.2,12.86,12.43
2573.8,30.1392530,-97.6244330,171.1,12.89,12.26
2578.8,30.1392972,-97.6244244,171.0,12.28,11.82
2583.8,30.1393417,-97.6244303,170.9,10.25,10.19
2588.8,30.1393827,-97.6244512,170.7,8.98,8.52
2593.8,30.1394156,-97.6244862,170.6,8.27,7.94
2598.8,30.1394332,-97.6245335,170.5,8.23,7.80
2603.8,30.1394378,-97.6245851,170.3,8.36,7.95
2608.8,30.1394369,-97.6246370,170.2,8.48,7.98
2613.8,30.1394324,-97.6246887,170.1,8.50,7.74
2618.8,30.1394249,-97.6247399,170.0,8.12,7.73
2623.8,30.1394149,-97.6247906,169.9,7.86,7.65
2628.8,30.1394029,-97.6248407,169.8,7.70,7.53
2633.8,30.1393895,-97.6248903,169.6,7.54,7.40
2638.8,30.1393752,-97.6249395,169.5,7.39,7.27
2643.8,30.1393604,-97.6249886,169.3,7.24,7.14
2648.8,30.1393457,-97.6250377,169.2,7.08,7.02
2653.8,30.1393313,-97.6250870,169.0,7.03,6.98
2658.8,30.1393172,-97.6251363,168.8,6.98,6.95
2663.8,30.1393034,-97.6251858,168.5,6.94,6.93
2668.8,30.1392899,-97.6252353,168.3,6.89,6.90
2673.8,30.1392765,-97.6252849,168.0,6.85,6.88
2678.8,30.1392632,-97.6253346,167.7,6.80,6.85
2683.8,30.1392499,-97.6253842,167.4,6.76,6.83
2688.8,30.1392366,-97.6254339,167.1,6.71,6.80
2693.8,30.1392233,-97.6254835,166.8,6.67,6.78
2698.8,30.1392099,-97.6255331,166.5,6.62,6.75
2703.8,30.1391964,-97.6255827,166.2,6.58,6.73
2708.8,30.1391828,-97.6256322,165.9,6.53,6.70
2713.8,30.1391692,-97.6256817,165.6,6.49,6.68
2718.8,30.1391556,-97.6257313,165.3,6.45,6.65
2723.8,30.1391419,-97.6257808,165.1,6.41,6.64
2728.8,30.1391282,-97.6258303,164.8,6.40,6.64
2733.8,30.1391146,-97.6258798,164.6,6.40,6.65
2738.8,30.1391009,-97.6259293,164.4,6.39,6.66
2743.8,30.1390873,-97.6259788,164.2,6.39,6.67
2748.8,30.1390736,-97.6260283,164.1,6.38,6.68
2753.8,30.1390601,-97.6260779,163.9,6.38,6.68
2758.8,30.1390466,-97.6261275,163.8,6.38,6.69
2763.8,30.1390332,-97.6261771,163.6,6.37,6.70
2768.8,30.1390198,-97.6262267,163.5,6.37,6.71
2773.8,30.1390066,-97.6262763,163.4,6.36,6.72
2778.8,30.1389934,-97.6263260,163.3,6.36,6.73
2783.8,30.1389804,-97.6263758,163.2,6.35,6.74
2788.8,30.1389674,-97.6264255,163.1,6.35,6.75
2793.8,30.1389546,-97.6264753,163.0,6.34,6.75
2798.7,30.1389418,-97.6265252,162.9,6.34,6.76
2803.7,30.1389291,-97.6265750,162.8,6.34,6.77
2808.7,30.1389166,-97.6266249,162.8,6.33,6.77
2813.7,30.1389040,-97.6266748,162.7,6.33,6.77
2818.7,30.1388916,-97.6267248,162.6,6.33,6.76
2823.7,30.1388792,-97.6267747,162.5,6.33,6.76
2828.7,30.1388669,-97.6268247,162.5,6.32,6.76
2833.7,30.1388546,-97.6268747,162.4,6.32,6.75
2838.7,30.1388423,-97.6269247,162.4,6.32,6.75
2843.7,30.1388301,-97.6269747,162.4,6.32,6.74
2848.7,30.1388179,-97.6270247,162.3,6.32,6.74
2853.7,30.1388058,-97.6270748,162.4,6.31,6.73
2858.7,30.1387937,-97.6271248,162.4,6.31,6.73
2863.7,30.1387815,-97.6271748,162.4,6.31,6.73
2868.7,30.1387694,-97.6272249,162.5,6.31,6.72
2873.7,30.1387573,-97.6272749,162.5,6.30,6.72
2878.7,30.1387453,-97.6273250,162.6,6.30,6.71
2883.7,30.1387332,-97.6273751,162.7,6.30,6.71
2888.7,30.1387212,-97.6274251,162.9,6.30,6.70
2893.7,30.1387092,-97.6274752,163.0,6.30,6.70
2898.7,30.1386972,-97.6275253,163.2,6.29,6.70
2903.7,30.1386852,-97.6275754,163.3,6.29,6.69
2908.7,30.1386733,-97.6276255,163.5,6.29,6.69
2913.7,30.1386614,-97.6276756,163.7,6.29,6.68
2918.7,30.1386496,-97.6277258,163.9,6.28,6.68
2923.7,30.1386378,-97.6277759,164.1,6.28,6.68
2928.7,30.1386261,-97.6278261,164.4,6.28,6.67
2933.7,30.1386145,-97.6278763,164.6,6.28,6.67
2938.7,30.1386030,-97.6279265,164.8,6.28,6.66
2943.7,30.1385916,-97.6279768,165.1,6.28,6.66
2948.7,30.1385803,-97.6280271,165.3,6.28,6.65
2953.7,30.1385691,-97.6280774,165.6,6.28,6.65
2958.7,30.1385581,-97.6281278,165.9,6.28,6.64
2963.7,30.1385472,-97.6281782,166.1,6.28,6.64
2968.7,30.1385363,-97.6282287,166.4,6.28,6.63
2973.7,30.1385256,-97.6282791,166.6,6.28,6.63
2978.7,30.1385149,-97.6283296,166.9,6.28,6.62
2983.7,30.1385043,-97.6283801,167.1,6.28,6.62
2988.7,30.1384938,-97.6284306,167.3,6.28,6.61
2993.7,30.1384834,-97.6284812,167.4,6.29,6.61
2998.7,30.1384729,-97.6285317,167.6,6.29,6.60
3003.7,30.1384626,-97.6285823,167.7,6.29,6.60
3008.7,30.1384522,-97.6286329,167.8,6.29,6.59
3013.7,30.1384419,-97.6286834,167.8,6.29,6.59
3018.7,30.1384315,-97.6287340,167.7,6.29,6.60
3023.6,30.1384212,-97.6287846,167.6,6.29,6.60
3028.6,30.1384109,-97.6288352,167.5,6.29,6.61
3033.6,30.1384005,-97.6288857,167.3,6.29,6.61
3038.6,30.1383901,-97.6289363,167.1,6.29,6.62
3043.6,30.1383797,-97.6289869,166.9,6.29,6.62
3048.6,30.1383693,-97.6290374,166.6,6.29,6.63
3053.6,30.1383589,-97.6290880,166.3,6.29,6.63
3058.6,30.1383484,-97.6291385,166.0,6.29,6.64
3063.6,30.1383380,-97.6291891,165.7,6.29,6.65
3068.6,30.1383276,-97.6292396,165.4,6.29,6.65
3073.6,30.1383173,-97.6292902,165.2,6.29,6.66
3078.6,30.1383070,-97.6293408,164.9,6.29,6.66
3083.6,30.1382968,-97.6293914,164.7,6.29,6.67
3088.6,30.1382866,-97.6294420,164.4,6.29,6.67
3093.6,30.1382765,-97.6294927,164.3,6.29,6.68
3098.6,30.1382665,-97.6295433,164.1,6.29,6.69
3103.6,30.1382566,-97.6295940,164.0,6.29,6.69
3108.6,30.1382468,-97.6296447,163.9,6.29,6.70
3113.6,30.1382371,-97.6296955,163.8,6.29,6.70
3118.6,30.1382276,-97.6297463,163.7,6.29,6.71
3123.6,30.1382182,-97.6297971,163.7,6.29,6.71
3128.6,30.1382089,-97.6298479,163.6,6.28,6.71
3133.6,30.1381998,-97.6298988,163.5,6.28,6.71
3138.6,30.1381908,-97.6299497,163.4,6.27,6.71
3143.6,30.1381818,-97.6300007,163.3,6.26,6.72
3148.6,30.1381729,-97.6300516,163.2,6.26,6.72
3153.6,30.1381640,-97.6301025,163.0,6.25,6.72
3158.6,30.1381551,-97.6301535,162.9,6.25,6.72
3163.6,30.1381463,-97.6302044,162.8,6.24,6.72
3168.6,30.1381373,-97.6302554,162.6,6.24,6.72
3173.6,30.1381284,-97.6303063,162.5,6.23,6.72
3178.6,30.1381194,-97.6303572,162.4,6.22,6.72
3183.6,30.1381105,-97.6304081,162.3,6.22,6.72
3188.6,30.1381015,-97.6304591,162.2,6.21,6.72
3193.6,30.1380926,-97.6305100,162.1,6.21,6.72
3198.6,30.1380837,-97.6305610,162.1,6.20,6.72
3203.6,30.1380749,-97.6306119,162.1,6.20,6.72
3208.6,30.1380661,-97.6306629,162.1,6.19,6.72
3213.6,30.1380575,-97.6307139,162.2,6.18,6.72
3218.6,30.1380489,-97.6307649,162.3,6.18,6.72
3223.6,30.1380405,-97.6308159,162.4,6.17,6.72
3228.6,30.1380321,-97.6308670,162.5,6.17,6.72
3233.6,30.1380238,-97.6309181,162.6,6.16,6.72
3238.6,30.1380156,-97.6309692,162.7,6.16,6.73
3243.5,30.1380074,-97.6310203,162.8,6.15,6.73
3248.5,30.1379994,-97.6310714,162.9,6.14,6.73
3253.5,30.1379914,-97.6311225,162.9,6.15,6.74
3258.5,30.1379835,-97.6311737,163.0,6.16,6.76
3263.5,30.1379756,-97.6312249,163.0,6.17,6.77
3268.5,30.1379679,-97.6312761,163.1,6.18,6.79
3273.5,30.1379602,-97.6313273,163.1,6.19,6.81
3278.5,30.1379525,-97.6313785,163.1,6.21,6.82
3283.5,30.1379449,-97.6314297,163.1,6.22,6.84
3288.5,30.1379374,-97.6314809,163.1,6.23,6.86
3293.5,30.1379299,-97.6315322,163.1,6.24,6.88
3298.5,30.1379225,-97.6315834,163.1,6.25,6.89
3303.5,30.1379151,-97.6316347,163.1,6.26,6.91
3308.5,30.1379078,-97.6316860,163.0,6.27,6.93
3313.5,30.1379005,-97.6317372,163.0,6.28,6.95
3318.5,30.1378933,-97.6317885,163.0,6.29,6.96
3323.5,30.1378861,-97.6318398,163.0,6.30,6.98
3328.5,30.1378790,-97.6318912,163.0,6.32,7.00
3333.5,30.1378719,-97.6319425,163.0,6.33,7.02
3338.5,30.1378649,-97.6319938,163.0,6.34,7.03
3343.5,30.1378580,-97.6320452,163.0,6.35,7.05
3348.5,30.1378511,-97.6320965,163.0,6.36,7.07
3353.5,30.1378442,-97.6321479,163.0,6.37,7.08
3358.5,30.1378374,-97.6321992,163.0,6.38,7.10
3363.5,30.1378307,-97.6322506,163.0,6.39,7.12
3368.5,30.1378240,-97.6323020,163.0,6.40,7.14
3373.5,30.1378174,-97.6323534,163.0,6.43,7.14
3378.5,30.1378108,-97.6324048,163.0,6.53,7.08
3383.5,30.1378043,-97.6324562,162.9,6.66,7.00
3388.5,30.1377978,-97.6325077,162.9,6.78,6.93
3393.5,30.1377915,-97.6325591,162.9,6.90,6.85
3398.5,30.1377851,-97.6326106,162.8,7.02,6.78
3403.5,30.1377788,-97.6326620,162.8,7.14,6.70
3408.5,30.1377726,-97.6327135,162.7,7.16,6.71
3413.5,30.1377665,-97.6327650,162.6,7.13,6.76
3418.5,30.1377604,-97.6328165,162.6,7.10,6.81
3423.5,30.1377544,-97.6328680,162.4,7.07,6.86
3428.5,30.1377484,-97.6329195,162.3,7.04,6.92
3433.5,30.1377425,-97.6329710,162.2,7.01,6.97
3438.5,30.1377367,-97.6330225,162.1,6.97,7.02
3443.5,30.1377309,-97.6330741,161.9,6.99,7.08
3448.5,30.1377252,-97.6331256,161.8,7.01,7.13
3453.5,30.1377196,-97.6331772,161.6,7.03,7.19
3458.5,30.1377140,-97.6332287,161.5,7.06,7.24
3463.5,30.1377085,-97.6332803,161.3,7.08,7.30
3468.4,30.1377031,-97.6333319,161.2,7.10,7.36
3473.4,30.1376978,-97.6333835,161.1,7.13,7.41
3478.4,30.1376925,-97.6334351,161.0,7.15,7.47
3483.4,30.1376873,-97.6334867,160.9,7.18,7.53
3488.4,30.1376821,-97.6335384,160.8,7.20,7.58
3493.4,30.1376770,-97.6335900,160.7,7.22,7.64
3498.4,30.1376719,-97.6336416,160.7,7.25,7.70
3503.4,30.1376668,-97.6336933,160.7,7.27,7.75
3508.4,30.1376618,-97.6337449,160.7,7.30,7.81
3513.4,30.1376568,-97.6337965,160.7,7.32,7.85
3518.4,30.1376518,-97.6338482,160.7,7.38,7.78
3523.4,30.1376468,-97.6338998,160.8,7.43,7.70
3528.4,30.1376418,-97.6339515,160.8,7.49,7.62
3533.4,30.1376368,-97.6340031,160.9,7.55,7.54
3538.4,30.1376318,-97.6340548,160.9,7.61,7.46
3543.4,30.1376268,-97.6341064,161.0,7.66,7.37
3548.4,30.1376217,-97.6341581,161.0,7.68,7.34
3553.4,30.1376167,-97.6342097,161.1,7.66,7.35
3558.4,30.1376116,-97.6342613,161.2,7.64,7.37
3563.4,30.1376064,-97.6343130,161.2,7.62,7.38
3568.4,30.1376013,-97.6343646,161.3,7.60,7.40
3573.4,30.1375961,-97.6344162,161.4,7.58,7.41
3578.4,30.1375909,-97.6344678,161.4,7.56,7.42
3583.4,30.1375857,-97.6345195,161.5,7.54,7.44
3588.4,30.1375805,-97.6345711,161.5,7.52,7.45
3593.4,30.1375754,-97.6346227,161.5,7.50,7.47
3598.4,30.1375702,-97.6346743,161.5,7.48,7.48
3603.4,30.1375650,-97.6347259,161.4,7.46,7.50
3608.4,30.1375599,-97.6347776,161.3,7.44,7.51
3613.4,30.1375547,-97.6348292,161.2,7.42,7.53
3618.4,30.1375496,-97.6348808,161.1,7.40,7.54
3623.4,30.1375445,-97.6349325,161.0,7.38,7.56
3628.4,30.1375395,-97.6349841,160.8,7.42,7.61
3633.4,30.1375345,-97.6350358,160.6,7.48,7.67
3638.4,30.1375296,-97.6350874,160.5,7.53,7.73
3643.4,30.1375247,-97.6351391,160.3,7.59,7.79
3648.4,30.1375198,-97.6351907,160.1,7.64,7.85
3653.4,30.1375150,-97.6352424,159.9,7.70,7.91
3658.4,30.1375102,-97.6352941,159.8,7.75,7.96
3663.4,30.1375054,-97.6353458,159.6,7.80,8.02
3668.4,30.1375007,-97.6353974,159.5,7.86,8.08
3673.4,30.1374959,-97.6354491,159.4,7.91,8.14
3678.4,30.1374912,-97.6355008,159.3,7.97,8.20
3683.4,30.1374865,-97.6355525,159.2,8.02,8.26
3688.4,30.1374818,-97.6356042,159.1,8.08,8.32
3693.3,30.1374770,-97.6356558,159.0,8.13,8.38
3698.3,30.1374723,-97.6357075,159.0,8.19,8.44
3703.3,30.1374675,-97.6357592,158.9,8.24,8.50
3708.3,30.1374627,-97.6358109,158.8,8.30,8.56
3713.3,30.1374578,-97.6358625,158.8,8.35,8.62
3718.3,30.1374529,-97.6359142,158.7,8.41,8.67
3723.3,30.1374480,-97.6359658,158.6,8.46,8.73
3728.3,30.1374430,-97.6360175,158.6,8.51,8.79
3733.3,30.1374381,-97.6360691,158.5,8.57,8.85
3738.3,30.1374333,-97.6361208,158.5,8.62,8.91
3743.3,30.1374288,-97.6361725,158.4,8.68,8.97
3748.3,30.1374249,-97.6362243,158.3,8.73,9.03
3753.3,30.1374212,-97.6362761,158.3,8.87,9.03
3758.3,30.1374172,-97.6363278,158.3,9.13,8.96
3763.3,30.1374120,-97.6363795,158.2,9.43,8.86
3768.3,30.1374047,-97.6364307,158.2,9.72,8.76
3773.3,30.1373938,-97.6364811,158.2,10.07,8.79
3778.3,30.1373739,-97.6365274,158.2,10.46,8.90
3783.3,30.1373412,-97.6365621,158.2,10.51,8.74
3788.3,30.1372997,-97.6365812,158.2,9.99,8.12
3793.3,30.1372553,-97.6365869,158.2,9.36,7.41
3798.3,30.1372116,-97.6365762,158.2,8.89,7.09
3803.3,30.1371721,-97.6365518,158.2,8.59,7.16
3808.3,30.1371349,-97.6365227,158.2,8.32,7.27
3813.3,30.1370986,-97.6364920,158.2,8.05,7.37
3818.3,30.1370626,-97.6364608,158.2,7.78,7.48
3823.3,30.1370269,-97.6364293,158.3,7.74,7.49
3828.3,30.1369913,-97.6363975,158.3,7.71,7.50
3833.3,30.1369559,-97.6363655,158.4,7.69,7.50
3838.3,30.1369206,-97.6363333,158.4,7.67,7.50
3843.3,30.1368854,-97.6363011,158.5,7.65,7.51
3848.3,30.1368501,-97.6362688,158.6,7.62,7.51
3853.3,30.1368149,-97.6362366,158.8,7.60,7.52
3858.3,30.1367796,-97.6362044,158.9,7.56,7.55
3863.3,30.1367442,-97.6361724,159.0,7.52,7.59
3868.3,30.1367087,-97.6361405,159.2,7.48,7.63
3873.3,30.1366730,-97.6361089,159.4,7.43,7.68
3878.3,30.1366373,-97.6360774,159.5,7.39,7.72
3883.3,30.1366013,-97.6360462,159.7,7.36,7.75
3888.3,30.1365653,-97.6360152,159.9,7.35,7.76
3893.3,30.1365290,-97.6359845,160.2,7.34,7.75
3898.3,30.1364925,-97.6359541,160.4,7.33,7.75
3903.3,30.1364559,-97.6359240,160.6,7.33,7.75
3908.3,30.1364190,-97.6358942,160.8,7.32,7.75
3913.3,30.1363820,-97.6358648,161.1,7.32,7.75
3918.2,30.1363448,-97.6358356,161.3,7.31,7.75
3923.2,30.1363075,-97.6358066,161.5,7.30,7.75
3928.2,30.1362700,-97.6357779,161.7,7.30,7.74
3933.2,30.1362324,-97.6357495,161.9,7.31,7.73
3938.2,30.1361947,-97.6357212,162.1,7.32,7.71
3943.2,30.1361569,-97.6356932,162.3,7.33,7.69
3948.2,30.1361189,-97.6356653,162.4,7.33,7.68
3953.2,30.1360809,-97.6356377,162.5,7.34,7.66
3958.2,30.1360427,-97.6356102,162.6,7.35,7.65
3963.2,30.1360044,-97.6355830,162.7,7.36,7.63
3968.2,30.1359660,-97.6355560,162.8,7.37,7.62
3973.2,30.1359275,-97.6355293,162.8,7.36,7.59
3978.2,30.1358888,-97.6355027,162.9,7.30,7.47
3983.2,30.1358501,-97.6354764,162.9,7.22,7.34
3988.2,30.1358106,-97.6354516,162.9,7.13,7.20
3993.2,30.1357688,-97.6354324,162.9,7.04,7.18
3998.2,30.1357246,-97.6354241,162.9,7.06,7.19
4003.2,30.1356798,-97.6354268,162.9,7.03,7.08
4008.2,30.1356361,-97.6354389,162.9,7.08,7.00
4013.2,30.1355953,-97.6354605,162.8,6.84,7.16
4018.2,30.1355604,-97.6354929,162.8,6.94,7.23
4023.2,30.1355339,-97.6355348,162.8,6.80,7.50
4028.2,30.1355170,-97.6355828,162.7,6.70,7.30
4033.2,30.1355098,-97.6356341,162.7,7.32,7.20
4038.2,30.1355096,-97.6356860,162.6,7.85,7.36
4043.2,30.1355134,-97.6357378,162.6,7.82,7.47
4048.2,30.1355185,-97.6357894,162.5,7.74,7.57
4053.2,30.1355228,-97.6358412,162.5,7.65,7.67
4058.2,30.1355261,-97.6358930,162.5,7.56,7.77
4063.2,30.1355286,-97.6359449,162.5,7.52,7.68
4068.2,30.1355305,-97.6359968,162.5,7.50,7.51
4073.2,30.1355320,-97.6360487,162.5,7.48,7.33
4078.2,30.1355340,-97.6361006,162.6,7.45,7.21
4083.2,30.1355374,-97.6361525,162.7,7.42,7.13
4088.2,30.1355430,-97.6362040,162.8,7.16,7.12
4093.2,30.1355516,-97.6362550,162.9,6.93,7.10
4098.2,30.1355640,-97.6363050,163.0,6.76,7.28
4103.2,30.1355813,-97.6363529,163.2,7.04,7.24
4108.2,30.1356049,-97.6363971,163.3,6.87,7.29
4113.2,30.1356357,-97.6364349,163.5,6.67,7.06
4118.2,30.1356728,-97.6364640,163.7,6.65,6.81
4123.2,30.1357134,-97.6364864,163.8,6.79,6.48
4128.2,30.1357555,-97.6365045,164.0,6.86,6.48
4133.2,30.1357982,-97.6365208,164.1,6.68,6.58
4138.1,30.1358409,-97.6365372,164.2,6.49,6.69
4143.1,30.1358833,-97.6365543,164.3,6.43,6.72
4148.1,30.1359254,-97.6365725,164.4,6.51,6.64
4153.1,30.1359672,-97.6365917,164.5,6.64,6.57
4158.1,30.1360085,-97.6366120,164.5,6.80,6.51
4163.1,30.1360493,-97.6366340,164.5,6.73,6.43
4168.1,30.1360890,-97.6366583,164.5,6.58,6.32
4173.1,30.1361273,-97.6366856,164.5,6.54,6.06
4178.1,30.1361634,-97.6367164,164.4,6.13,6.26
4183.1,30.1361975,-97.6367503,164.3,5.96,6.32
4188.1,30.1362300,-97.6367862,164.3,6.07,6.15
4193.1,30.1362619,-97.6368227,164.2,6.17,6.00
4198.1,30.1362943,-97.6368588,164.1,6.10,6.01
4203.1,30.1363276,-97.6368937,164.0,6.02,6.04
4208.1,30.1363615,-97.6369279,163.9,5.94,6.06
4213.1,30.1363951,-97.6369623,163.8,5.86,6.08
4218.1,30.1364279,-97.6369979,163.7,5.79,6.09
4223.1,30.1364591,-97.6370353,163.7,5.93,5.85
4228.1,30.1364879,-97.6370752,163.6,6.07,5.77
4233.1,30.1365135,-97.6371179,163.6,6.43,5.91
4238.1,30.1365351,-97.6371634,163.6,6.97,6.41
4243.1,30.1365518,-97.6372117,163.6,7.41,7.50
4248.1,30.1365640,-97.6372617,163.7,7.82,8.25
4253.1,30.1365731,-97.6373126,163.8,8.18,8.54
4258.1,30.1365802,-97.6373639,163.9,8.49,8.45
4263.1,30.1365868,-97.6374153,164.0,8.77,8.21
4268.1,30.1365932,-97.6374667,164.2,8.66,8.12
4273.1,30.1365988,-97.6375183,164.4,8.30,8.13
4278.1,30.1366027,-97.6375701,164.7,7.93,8.15
4283.1,30.1366042,-97.6376220,164.9,7.88,7.76
4288.1,30.1366019,-97.6376739,165.2,7.79,7.25
4293.1,30.1365906,-97.6377241,165.5,7.19,6.66
4298.1,30.1365616,-97.6377634,165.8,6.59,6.33
4303.1,30.1365197,-97.6377821,166.1,6.29,5.89
4308.1,30.1364749,-97.6377857,166.3,6.21,5.66
4313.1,30.1364307,-97.6377762,166.6,5.87,5.73
4318.1,30.1363887,-97.6377577,166.8,5.91,6.02
4323.1,30.1363486,-97.6377343,167.0,5.98,6.08
4328.1,30.1363092,-97.6377093,167.2,6.02,6.05
4333.1,30.1362699,-97.6376840,167.3,6.07,6.03
4338.1,30.1362307,-97.6376586,167.4,6.12,6.01
4343.1,30.1361916,-97.6376331,167.5,6.17,5.99
4348.1,30.1361525,-97.6376074,167.5,6.22,5.97
4353.1,30.1361135,-97.6375815,167.6,6.22,5.97
4358.1,30.1360745,-97.6375556,167.6,6.21,5.96
4363.0,30.1360356,-97.6375296,167.6,6.21,5.96
4368.0,30.1359967,-97.6375036,167.6,6.21,5.96
4373.0,30.1359579,-97.6374774,167.5,6.21,5.96
4378.0,30.1359191,-97.6374512,167.5,6.21,5.96
4383.0,30.1358803,-97.6374250,167.5,6.20,5.96
4388.0,30.1358414,-97.6373988,167.5,6.20,5.96
4393.0,30.1358026,-97.6373726,167.4,6.20,5.95
4398.0,30.1357638,-97.6373464,167.4,6.20,5.95
4403.0,30.1357250,-97.6373202,167.3,6.20,5.95
4408.0,30.1356862,-97.6372940,167.3,6.19,5.95
4413.0,30.1356473,-97.6372679,167.3,6.19,5.95
4418.0,30.1356084,-97.6372419,167.2,6.19,5.95
4423.0,30.1355695,-97.6372158,167.2,6.19,5.95
4428.0,30.1355306,-97.6371898,167.2,6.19,5.94
4433.0,30.1354917,-97.6371637,167.1,6.18,5.94
4438.0,30.1354529,-97.6371376,167.1,6.18,5.94
4443.0,30.1354141,-97.6371114,167.1,6.18,5.94
4448.0,30.1353754,-97.6370850,167.1,6.18,5.94
4453.0,30.1353367,-97.6370585,167.1,6.18,5.94
4458.0,30.1352981,-97.6370318,167.1,6.18,5.94
4463.0,30.1352596,-97.6370051,167.1,6.17,5.93
4468.0,30.1352209,-97.6369785,167.2,6.13,6.01
4473.0,30.1351821,-97.6369525,167.2,6.07,6.12
4478.0,30.1351428,-97.6369271,167.2,6.01,6.24
4483.0,30.1351031,-97.6369028,167.3,5.95,6.35
4488.0,30.1350628,-97.6368797,167.4,6.08,6.53
4493.0,30.1350219,-97.6368583,167.5,6.38,6.76
4498.0,30.1349802,-97.6368387,167.6,6.68,6.99
4503.0,30.1349379,-97.6368214,167.7,6.96,7.06
4508.0,30.1348947,-97.6368068,167.8,7.21,7.22
4513.0,30.1348508,-97.6367957,168.0,7.42,7.61
4518.0,30.1348063,-97.6367887,168.1,7.54,7.62
4523.0,30.1347614,-97.6367864,168.3,7.48,7.61
4528.0,30.1347165,-97.6367886,168.4,7.31,7.54
4533.0,30.1346719,-97.6367947,168.6,7.15,7.18
4538.0,30.1346276,-97.6368040,168.8,6.86,6.91
4543.0,30.1345839,-97.6368159,168.9,6.55,6.67
4548.0,30.1345406,-97.6368299,169.1,6.31,6.43
4553.0,30.1344977,-97.6368454,169.2,6.08,6.21
4558.0,30.1344551,-97.6368621,169.3,6.03,6.14
4563.0,30.1344127,-97.6368794,169.4,5.98,6.08
4568.0,30.1343704,-97.6368970,169.5,5.94,6.02
4573.0,30.1343283,-97.6369149,169.6,5.90,5.98
4578.0,30.1342863,-97.6369335,169.7,5.87,5.94
4583.0,30.1342446,-97.6369529,169.7,5.84,5.91
4587.9,30.1342033,-97.6369735,169.8,5.74,6.00
4592.9,30.1341627,-97.6369958,169.8,5.75,6.06
4597.9,30.1341232,-97.6370205,169.8,5.89,6.06
4602.9,30.1340852,-97.6370483,169.8,6.18,5.74
4607.9,30.1340494,-97.6370797,169.8,6.03,5.89
4612.9,30.1340163,-97.6371149,169.8,5.69,6.23
4617.9,30.1339861,-97.6371533,169.8,5.75,6.06
4622.9,30.1339589,-97.6371947,169.7,5.65,6.36
4627.9,30.1339349,-97.6372387,169.7,5.86,6.37
4632.9,30.1339141,-97.6372847,169.7,5.88,6.34
4637.9,30.1338957,-97.6373321,169.7,5.89,6.31
4642.9,30.1338787,-97.6373802,169.7,5.90,6.28
4647.9,30.1338622,-97.6374286,169.8,5.91,6.25
4652.9,30.1338453,-97.6374768,169.8,5.92,6.22
4657.9,30.1338278,-97.6375246,169.8,5.94,6.19
4662.9,30.1338095,-97.6375721,169.8,5.95,6.16
4667.9,30.1337905,-97.6376192,169.8,5.97,6.13
4672.9,30.1337707,-97.6376658,169.8,6.10,5.97
4677.9,30.1337506,-97.6377123,169.8,6.24,5.81
4682.9,30.1337305,-97.6377588,169.8,6.37,5.65
4687.9,30.1337111,-97.6378057,169.7,6.06,5.82
4692.9,30.1336929,-97.6378532,169.7,5.71,6.02
4697.9,30.1336764,-97.6379015,169.6,5.56,6.03
4702.9,30.1336623,-97.6379509,169.5,5.38,6.20
4707.9,30.1336512,-97.6380012,169.4,5.54,6.14
4712.9,30.1336439,-97.6380525,169.2,5.95,5.79
4717.9,30.1336408,-97.6381043,169.1,6.17,5.61
4722.9,30.1336409,-97.6381563,168.9,6.08,5.75
4727.9,30.1336433,-97.6382082,168.7,5.91,6.01
4732.9,30.1336470,-97.6382600,168.5,5.87,6.10
4737.9,30.1336509,-97.6383118,168.3,5.91,6.11
4742.9,30.1336551,-97.6383635,168.0,5.91,6.13
4747.9,30.1336604,-97.6384151,167.8,5.84,6.17
4752.9,30.1336676,-97.6384664,167.5,5.76,6.21
4757.9,30.1336773,-97.6385171,167.3,5.93,6.04
4762.9,30.1336895,-97.6385672,167.0,6.18,5.80
4767.9,30.1337033,-97.6386166,166.8,6.06,5.93
4772.9,30.1337178,-97.6386658,166.5,5.88,6.12
4777.9,30.1337324,-97.6387150,166.3,5.76,6.22
4782.9,30.1337466,-97.6387643,166.0,5.84,6.05
4787.9,30.1337609,-97.6388135,165.7,5.91,5.88
4792.9,30.1337761,-97.6388624,165.5,5.82,5.91
4797.9,30.1337928,-97.6389107,165.2,5.67,6.03
4802.9,30.1338115,-97.6389579,164.9,5.51,6.14
4807.9,30.1338324,-97.6390039,164.6,5.36,6.26
4812.8,30.1338554,-97.6390486,164.4,5.67,6.09
4817.8,30.1338804,-97.6390918,164.1,5.88,5.99
4822.8,30.1339072,-97.6391335,163.8,5.91,6.03
4827.8,30.1339359,-97.6391735,163.5,6.01,5.93
4832.8,30.1339663,-97.6392118,163.2,6.15,5.77
4837.8,30.1339983,-97.6392483,162.9,5.84,6.01
4842.8,30.1340319,-97.6392828,162.7,5.72,6.12
4847.8,30.1340670,-97.6393153,162.4,5.81,6.09
4852.8,30.1341031,-97.6393463,162.2,5.96,6.06
4857.8,30.1341400,-97.6393760,161.9,6.08,6.03
4862.8,30.1341774,-97.6394048,161.7,6.11,6.03
4867.8,30.1342151,-97.6394330,161.5,6.14,6.03
4872.8,30.1342529,-97.6394612,161.3,6.17,6.03
4877.8,30.1342905,-97.6394896,161.2,6.20,6.03
4882.8,30.1343278,-97.6395186,161.0,6.23,6.03
4887.8,30.1343644,-97.6395487,160.9,6.20,6.05
4892.8,30.1344005,-97.6395797,160.8,6.13,6.09
4897.8,30.1344362,-97.6396113,160.8,6.05,6.12
4902.8,30.1344718,-97.6396431,160.7,5.98,6.16
4907.8,30.1345075,-97.6396747,160.7,6.02,6.14
4912.8,30.1345434,-97.6397058,160.7,6.05,6.11
4917.8,30.1345796,-97.6397366,160.7,6.08,6.09
4922.8,30.1346159,-97.6397673,160.7,6.11,6.04
4927.8,30.1346523,-97.6397978,160.7,6.14,5.96
4932.8,30.1346886,-97.6398285,160.7,6.17,5.89
4937.8,30.1347248,-97.6398592,160.7,6.17,5.83
4942.8,30.1347611,-97.6398900,160.8,6.06,5.91
4947.8,30.1347972,-97.6399208,160.8,5.94,5.99
4952.8,30.1348333,-97.6399518,160.8,5.83,6.07
4957.8,30.1348693,-97.6399829,160.8,5.74,6.13
4962.8,30.1349052,-97.6400141,160.8,5.83,6.07
4967.8,30.1349411,-97.6400455,160.7,5.92,6.00
4972.8,30.1349768,-97.6400770,160.7,6.01,5.94
4977.8,30.1350125,-97.6401086,160.6,6.10,5.87
4982.8,30.1350481,-97.6401404,160.5,6.15,5.87
4987.8,30.1350835,-97.6401723,160.4,6.17,5.90
4992.8,30.1351188,-97.6402045,160.2,6.19,5.93
4997.8,30.1351540,-97.6402368,160.1,6.22,5.97
5002.8,30.1351891,-97.6402693,159.9,6.24,6.00
5007.8,30.1352241,-97.6403020,159.7,6.26,6.03
5012.8,30.1352588,-97.6403349,159.5,6.28,6.07
5017.8,30.1352934,-97.6403680,159.3,6.24,6.03
5022.8,30.1353277,-97.6404017,159.1,6.19,6.00
5027.8,30.1353614,-97.6404361,158.8,6.15,5.96
5032.7,30.1353943,-97.6404715,158.6,6.11,5.93
5037.7,30.1354261,-97.6405081,158.4,5.98,5.88
5042.7,30.1354555,-97.6405475,158.1,5.94,5.67
5047.7,30.1354796,-97.6405914,157.9,5.74,5.80
5052.7,30.1354963,-97.6406396,157.7,5.81,5.79
5057.7,30.1355070,-97.6406901,157.4,6.13,5.96
5062.7,30.1355130,-97.6407416,157.2,6.29,6.22
5067.7,30.1355148,-97.6407935,156.9,6.47,6.41
5072.7,30.1355127,-97.6408454,156.7,6.60,6.48
5077.7,30.1355068,-97.6408969,156.5,6.56,6.49
5082.7,30.1354975,-97.6409478,156.2,6.26,6.64
5087.7,30.1354853,-97.6409978,156.0,6.44,6.48
5092.7,30.1354709,-97.6410470,155.7,6.60,6.32
5097.7,30.1354549,-97.6410956,155.4,6.75,6.18
5102.7,30.1354381,-97.6411437,155.2,6.78,6.19
5107.7,30.1354207,-97.6411917,154.9,6.63,6.45
5112.7,30.1354030,-97.6412394,154.7,6.52,6.61
5117.7,30.1353850,-97.6412870,154.4,6.47,6.63
5122.7,30.1353667,-97.6413345,154.2,6.43,6.64
5127.7,30.1353482,-97.6413819,154.0,6.38,6.66
5132.7,30.1353296,-97.6414292,153.8,6.35,6.67
5137.7,30.1353110,-97.6414765,153.7,6.35,6.67
5142.7,30.1352925,-97.6415239,153.5,6.36,6.67
5147.7,30.1352740,-97.6415712,153.4,6.36,6.67
5152.7,30.1352557,-97.6416187,153.3,6.36,6.67
5157.7,30.1352375,-97.6416662,153.2,6.37,6.67
5162.7,30.1352194,-97.6417138,153.2,6.37,6.67
5167.7,30.1352014,-97.6417614,153.1,6.37,6.67
5172.7,30.1351835,-97.6418091,153.1,6.37,6.67
5177.7,30.1351655,-97.6418567,153.0,6.38,6.67
5182.7,30.1351476,-97.6419044,153.0,6.38,6.67
5187.7,30.1351297,-97.6419520,153.0,6.38,6.66
5192.7,30.1351118,-97.6419997,153.0,6.39,6.66
5197.7,30.1350938,-97.6420473,153.0,6.39,6.66
5202.7,30.1350758,-97.6420950,152.9,6.39,6.66
5207.7,30.1350578,-97.6421426,152.9,6.39,6.66
5212.7,30.1350398,-97.6421902,152.9,6.40,6.66
5217.7,30.1350218,-97.6422378,152.8,6.40,6.66
5222.7,30.1350037,-97.6422854,152.8,6.40,6.66
5227.7,30.1349857,-97.6423330,152.7,6.41,6.66
5232.7,30.1349676,-97.6423805,152.6,6.41,6.66
5237.7,30.1349495,-97.6424281,152.5,6.41,6.66
5242.7,30.1349314,-97.6424757,152.4,6.42,6.66
5247.7,30.1349132,-97.6425232,152.3,6.42,6.66
5252.7,30.1348951,-97.6425708,152.2,6.42,6.66
5257.6,30.1348770,-97.6426183,152.0,6.42,6.66
5262.6,30.1348588,-97.6426659,151.8,6.43,6.66
5267.6,30.1348406,-97.6427134,151.7,6.43,6.66
5272.6,30.1348225,-97.6427609,151.5,6.43,6.66
5277.6,30.1348043,-97.6428085,151.3,6.44,6.66
5282.6,30.1347861,-97.6428560,151.2,6.44,6.66
5287.6,30.1347680,-97.6429036,151.0,6.44,6.65
5292.6,30.1347500,-97.6429512,150.8,6.45,6.65
5297.6,30.1347320,-97.6429988,150.7,6.45,6.65
5302.6,30.1347142,-97.6430465,150.6,6.45,6.65
5307.6,30.1346965,-97.6430943,150.4,6.45,6.65
5312.6,30.1346789,-97.6431421,150.3,6.46,6.65
5317.6,30.1346616,-97.6431901,150.3,6.52,6.48
5322.6,30.1346440,-97.6432379,150.2,6.59,6.27
5327.6,30.1346249,-97.6432849,150.1,6.67,6.06
5332.6,30.1346026,-97.6433301,150.1,6.76,5.91
5337.6,30.1345758,-97.6433718,150.0,7.14,6.73
5342.6,30.1345439,-97.6434083,150.0,7.72,7.80
5347.6,30.1345085,-97.6434403,150.0,8.71,8.80
5352.6,30.1344710,-97.6434690,150.0,9.54,9.37
5357.6,30.1344296,-97.6434892,150.0,9.88,9.56
5362.6,30.1343848,-97.6434900,150.0,10.05,9.40
5367.6,30.1343452,-97.6434657,150.1,9.24,8.54
5372.6,30.1343135,-97.6434289,150.2,7.84,7.88
5377.6,30.1342853,-97.6433884,150.2,7.13,7.55
5382.6,30.1342582,-97.6433470,150.4,7.13,7.31
5387.6,30.1342307,-97.6433059,150.5,7.13,7.07
5392.6,30.1342029,-97.6432650,150.6,7.13,6.88
5397.6,30.1341750,-97.6432243,150.8,7.15,6.90
5402.6,30.1341470,-97.6431836,151.0,7.17,6.92
5407.6,30.1341191,-97.6431428,151.2,7.19,6.94
5412.6,30.1340913,-97.6431020,151.4,7.21,6.97
5417.6,30.1340635,-97.6430612,151.6,7.23,6.99
5422.6,30.1340358,-97.6430202,151.8,7.24,7.01
5427.6,30.1340082,-97.6429793,152.0,7.26,7.03
5432.6,30.1339805,-97.6429383,152.2,7.28,7.05
5437.6,30.1339529,-97.6428973,152.4,7.30,7.07
5442.6,30.1339253,-97.6428563,152.6,7.32,7.09
5447.6,30.1338977,-97.6428153,152.8,7.34,7.11
5452.6,30.1338701,-97.6427743,153.0,7.36,7.13
5457.6,30.1338424,-97.6427333,153.2,7.38,7.15
5462.6,30.1338148,-97.6426923,153.3,7.40,7.17
5467.6,30.1337872,-97.6426513,153.5,7.41,7.19
5472.6,30.1337595,-97.6426103,153.6,7.43,7.22
5477.6,30.1337319,-97.6425694,153.8,7.45,7.24
5482.5,30.1337042,-97.6425284,153.9,7.47,7.26
5487.5,30.1336765,-97.6424875,154.1,7.49,7.28
5492.5,30.1336489,-97.6424465,154.2,7.51,7.30
5497.5,30.1336212,-97.6424055,154.4,7.53,7.32
5502.5,30.1335936,-97.6423646,154.6,7.55,7.34
