# hungaroring: centreline in race direction, 5 m spacing. Source: TUMFTM racetrack-database (LGPL-3.0) geo-referenced onto OpenStreetMap (ODbL); elevation eudem25m via OpenTopoData
# widths are metres from the centreline to the track edge (TUMFTM only, blank for OSM)
s_m,lat,lon,elev_m,w_right_m,w_left_m
0.0,47.5787095,19.2487075,242.4,6.19,6.48
5.0,47.5787374,19.2486552,242.7,6.19,6.47
10.0,47.5787653,19.2486029,242.7,6.19,6.46
15.0,47.5787932,19.2485506,242.8,6.20,6.46
20.0,47.5788211,19.2484982,242.9,6.20,6.45
25.0,47.5788490,19.2484459,243.0,6.20,6.45
30.0,47.5788768,19.2483936,243.1,6.20,6.44
35.0,47.5789047,19.2483412,243.2,6.21,6.44
40.0,47.5789326,19.2482889,243.2,6.21,6.43
45.0,47.5789605,19.2482365,243.3,6.21,6.43
50.0,47.5789884,19.2481842,243.4,6.21,6.42
55.0,47.5790162,19.2481319,243.4,6.22,6.42
60.0,47.5790441,19.2480795,243.5,6.22,6.41
65.0,47.5790720,19.2480272,243.5,6.22,6.41
70.0,47.5790999,19.2479748,243.6,6.22,6.40
75.0,47.5791278,19.2479225,243.7,6.23,6.40
80.0,47.5791557,19.2478702,243.7,6.23,6.39
85.0,47.5791836,19.2478179,243.8,6.23,6.39
90.0,47.5792115,19.2477656,243.9,6.24,6.38
95.0,47.5792394,19.2477132,244.0,6.24,6.38
100.0,47.5792673,19.2476609,244.0,6.24,6.37
105.0,47.5792952,19.2476086,244.1,6.24,6.37
110.0,47.5793231,19.2475564,244.2,6.25,6.36
115.0,47.5793510,19.2475041,244.3,6.25,6.36
120.1,47.5793790,19.2474518,244.4,6.25,6.35
125.1,47.5794069,19.2473995,244.4,6.25,6.35
130.1,47.5794348,19.2473472,244.5,6.26,6.34
135.1,47.5794628,19.2472950,244.6,6.26,6.34
140.1,47.5794907,19.2472427,244.6,6.26,6.33
145.1,47.5795186,19.2471904,244.7,6.26,6.32
150.1,47.5795466,19.2471382,244.7,6.27,6.32
155.1,47.5795745,19.2470859,244.8,6.27,6.31
160.1,47.5796025,19.2470336,244.8,6.27,6.31
165.1,47.5796304,19.2469813,244.8,6.28,6.30
170.1,47.5796583,19.2469291,244.8,6.28,6.30
175.1,47.5796863,19.2468768,244.8,6.28,6.29
180.1,47.5797142,19.2468245,244.7,6.28,6.29
185.1,47.5797421,19.2467722,244.7,6.29,6.28
190.1,47.5797701,19.2467200,244.6,6.29,6.28
195.1,47.5797980,19.2466677,244.5,6.29,6.27
200.1,47.5798259,19.2466154,244.4,6.29,6.27
205.1,47.5798538,19.2465631,244.3,6.30,6.26
210.1,47.5798817,19.2465108,244.1,6.30,6.26
215.1,47.5799096,19.2464584,243.9,6.30,6.25
220.1,47.5799375,19.2464061,243.7,6.30,6.25
225.1,47.5799654,19.2463538,243.5,6.31,6.24
230.1,47.5799933,19.2463015,243.2,6.31,6.24
235.1,47.5800211,19.2462491,243.0,6.31,6.23
240.1,47.5800490,19.2461967,242.7,6.32,6.23
245.1,47.5800769,19.2461444,242.4,6.32,6.22
250.1,47.5801047,19.2460920,242.1,6.32,6.22
255.1,47.5801326,19.2460396,241.8,6.32,6.21
260.1,47.5801604,19.2459872,241.5,6.33,6.21
265.1,47.5801882,19.2459348,241.2,6.33,6.20
270.1,47.5802160,19.2458824,240.9,6.33,6.20
275.1,47.5802439,19.2458300,240.5,6.33,6.19
280.1,47.5802717,19.2457776,240.2,6.34,6.18
285.1,47.5802995,19.2457252,239.9,6.34,6.18
290.1,47.5803273,19.2456727,239.6,6.33,6.18
295.1,47.5803551,19.2456203,239.3,6.31,6.18
300.1,47.5803829,19.2455679,238.9,6.30,6.18
305.1,47.5804107,19.2455154,238.6,6.28,6.18
310.1,47.5804385,19.2454630,238.3,6.27,6.18
315.1,47.5804663,19.2454106,238.0,6.25,6.18
320.1,47.5804941,19.2453581,237.7,6.24,6.18
325.1,47.5805218,19.2453057,237.5,6.23,6.18
330.1,47.5805496,19.2452532,237.2,6.21,6.18
335.1,47.5805774,19.2452008,236.9,6.20,6.18
340.1,47.5806052,19.2451483,236.7,6.18,6.18
345.1,47.5806330,19.2450959,236.5,6.17,6.18
350.1,47.5806608,19.2450434,236.3,6.15,6.18
355.2,47.5806886,19.2449910,236.1,6.14,6.18
360.2,47.5807164,19.2449385,235.9,6.12,6.18
365.2,47.5807441,19.2448861,235.7,6.11,6.18
370.2,47.5807719,19.2448337,235.6,6.09,6.18
375.2,47.5807997,19.2447812,235.4,6.08,6.18
380.2,47.5808275,19.2447288,235.3,6.06,6.18
385.2,47.5808553,19.2446764,235.2,6.05,6.18
390.2,47.5808831,19.2446240,235.1,6.04,6.18
395.2,47.5809110,19.2445715,235.0,6.02,6.18
400.2,47.5809388,19.2445191,235.0,6.01,6.18
405.2,47.5809666,19.2444667,234.9,5.99,6.18
410.2,47.5809944,19.2444143,234.8,5.98,6.18
415.2,47.5810223,19.2443619,234.8,5.96,6.19
420.2,47.5810501,19.2443096,234.8,5.95,6.20
425.2,47.5810780,19.2442572,234.7,5.94,6.20
430.2,47.5811058,19.2442048,234.7,5.92,6.21
435.2,47.5811337,19.2441525,234.7,5.91,6.21
440.2,47.5811616,19.2441001,234.6,5.90,6.22
445.2,47.5811895,19.2440478,234.6,5.88,6.22
450.2,47.5812174,19.2439955,234.6,5.87,6.23
455.2,47.5812453,19.2439432,234.7,5.85,6.24
460.2,47.5812732,19.2438909,234.7,5.84,6.24
465.2,47.5813012,19.2438386,234.7,5.83,6.25
470.2,47.5813291,19.2437864,234.7,5.81,6.25
475.2,47.5813571,19.2437341,234.7,5.80,6.26
480.2,47.5813850,19.2436819,234.8,5.78,6.27
485.2,47.5814130,19.2436297,234.8,5.77,6.27
490.2,47.5814410,19.2435775,234.8,5.76,6.28
495.2,47.5814691,19.2435253,234.8,5.74,6.28
500.2,47.5814971,19.2434732,234.8,5.73,6.29
505.2,47.5815251,19.2434211,234.8,5.72,6.29
510.2,47.5815532,19.2433689,234.7,5.70,6.30
515.2,47.5815813,19.2433168,234.7,5.69,6.31
520.2,47.5816094,19.2432647,234.6,5.67,6.31
525.2,47.5816374,19.2432126,234.5,5.66,6.32
530.2,47.5816655,19.2431605,234.4,5.65,6.32
535.2,47.5816935,19.2431083,234.3,5.63,6.33
540.2,47.5817215,19.2430561,234.1,5.62,6.34
545.2,47.5817495,19.2430038,233.9,5.61,6.34
550.2,47.5817774,19.2429515,233.7,5.59,6.35
555.2,47.5818052,19.2428991,233.5,5.58,6.35
560.2,47.5818330,19.2428467,233.3,5.56,6.36
565.2,47.5818607,19.2427941,233.1,5.55,6.36
570.2,47.5818883,19.2427415,232.8,5.54,6.37
575.2,47.5819158,19.2426887,232.5,5.52,6.38
580.2,47.5819433,19.2426359,232.3,5.51,6.38
585.2,47.5819711,19.2425835,232.0,5.50,6.39
590.3,47.5819995,19.2425317,231.7,5.48,6.39
595.3,47.5820287,19.2424810,231.3,5.47,6.40
600.3,47.5820590,19.2424318,231.0,5.46,6.44
605.3,47.5820908,19.2423845,230.7,5.56,6.87
610.3,47.5821241,19.2423397,230.4,6.46,6.56
615.3,47.5821596,19.2422989,230.0,7.22,6.42
620.3,47.5821982,19.2422648,229.7,7.28,7.08
625.3,47.5822401,19.2422410,229.4,7.30,7.85
630.3,47.5822845,19.2422300,229.1,7.52,8.17
635.3,47.5823293,19.2422332,228.8,7.79,8.19
640.3,47.5823722,19.2422528,228.6,7.93,8.16
645.3,47.5824087,19.2422913,228.3,7.80,8.24
650.3,47.5824364,19.2423435,228.1,7.68,7.90
655.3,47.5824568,19.2424029,227.9,7.09,7.95
660.3,47.5824717,19.2424658,227.8,6.94,7.15
665.3,47.5824826,19.2425304,227.7,6.83,6.26
670.3,47.5824902,19.2425962,227.6,6.42,5.92
675.3,47.5824954,19.2426624,227.5,6.04,6.09
680.3,47.5824990,19.2427289,227.5,5.87,6.41
685.3,47.5825016,19.2427955,227.4,5.86,6.43
690.3,47.5825032,19.2428621,227.4,5.88,6.28
695.3,47.5825039,19.2429288,227.4,5.91,6.13
700.3,47.5825038,19.2429955,227.4,5.96,5.95
705.3,47.5825030,19.2430622,227.5,6.00,5.78
710.3,47.5825015,19.2431288,227.5,6.00,5.68
715.3,47.5824994,19.2431954,227.5,5.99,5.60
720.3,47.5824968,19.2432620,227.5,5.96,5.54
725.3,47.5824935,19.2433285,227.5,5.79,5.64
730.3,47.5824896,19.2433950,227.5,5.63,5.74
735.3,47.5824852,19.2434613,227.5,5.48,5.84
740.3,47.5824801,19.2435276,227.5,5.39,5.94
745.3,47.5824744,19.2435937,227.5,5.32,5.95
750.3,47.5824681,19.2436598,227.5,5.29,5.92
755.3,47.5824611,19.2437257,227.5,5.43,5.78
760.3,47.5824536,19.2437914,227.5,5.66,5.59
765.3,47.5824453,19.2438570,227.4,5.83,5.44
770.3,47.5824365,19.2439223,227.4,5.71,5.52
775.3,47.5824270,19.2439875,227.3,5.56,5.62
780.3,47.5824168,19.2440525,227.3,5.47,5.68
785.3,47.5824060,19.2441172,227.2,5.51,5.65
790.3,47.5823944,19.2441817,227.2,5.57,5.61
795.3,47.5823821,19.2442458,227.1,5.66,5.57
800.3,47.5823688,19.2443095,227.0,5.78,5.50
805.3,47.5823545,19.2443728,227.0,5.95,5.35
810.3,47.5823392,19.2444355,226.9,5.88,5.44
815.3,47.5823228,19.2444975,226.8,5.53,5.82
820.3,47.5823052,19.2445589,226.8,5.60,5.82
825.4,47.5822865,19.2446196,226.7,5.75,5.73
830.4,47.5822668,19.2446796,226.7,5.59,5.88
835.4,47.5822461,19.2447388,226.6,5.35,6.09
840.4,47.5822245,19.2447972,226.6,5.21,6.20
845.4,47.5822019,19.2448549,226.6,5.35,6.03
850.4,47.5821785,19.2449119,226.6,5.49,5.87
855.4,47.5821543,19.2449681,226.6,5.59,5.78
860.4,47.5821294,19.2450236,226.6,5.68,5.69
865.4,47.5821039,19.2450785,226.6,5.76,5.64
870.4,47.5820778,19.2451328,226.6,5.80,5.68
875.4,47.5820512,19.2451866,226.6,5.84,5.72
880.4,47.5820241,19.2452399,226.6,5.85,5.73
885.4,47.5819967,19.2452928,226.6,5.79,5.69
890.4,47.5819690,19.2453453,226.7,5.74,5.65
895.4,47.5819410,19.2453976,226.7,5.68,5.61
900.4,47.5819129,19.2454496,226.7,5.63,5.58
905.4,47.5818847,19.2455016,226.7,5.58,5.54
910.4,47.5818564,19.2455534,226.8,5.52,5.50
915.4,47.5818281,19.2456053,226.8,5.47,5.47
920.4,47.5817999,19.2456572,226.8,5.46,5.46
925.4,47.5817718,19.2457092,226.8,5.44,5.45
930.4,47.5817437,19.2457613,226.8,5.43,5.44
935.4,47.5817156,19.2458134,226.8,5.42,5.43
940.4,47.5816876,19.2458656,226.7,5.40,5.42
945.4,47.5816596,19.2459179,226.7,5.39,5.41
950.4,47.5816317,19.2459702,226.7,5.38,5.40
955.4,47.5816038,19.2460225,226.7,5.36,5.39
960.4,47.5815759,19.2460748,226.6,5.35,5.39
965.4,47.5815481,19.2461272,226.6,5.34,5.38
970.4,47.5815203,19.2461796,226.5,5.32,5.37
975.4,47.5814924,19.2462320,226.4,5.31,5.36
980.4,47.5814646,19.2462844,226.4,5.30,5.35
985.4,47.5814368,19.2463368,226.3,5.28,5.34
990.4,47.5814090,19.2463892,226.3,5.27,5.33
995.4,47.5813812,19.2464416,226.2,5.26,5.33
1000.4,47.5813533,19.2464940,226.2,5.24,5.32
1005.4,47.5813255,19.2465464,226.1,5.23,5.31
1010.4,47.5812976,19.2465987,226.1,5.22,5.30
1015.4,47.5812697,19.2466510,226.0,5.20,5.29
1020.4,47.5812417,19.2467033,226.0,5.19,5.28
1025.4,47.5812138,19.2467555,226.0,5.18,5.27
1030.4,47.5811857,19.2468077,225.9,5.16,5.27
1035.4,47.5811577,19.2468598,225.9,5.15,5.26
1040.4,47.5811295,19.2469119,225.9,5.14,5.25
1045.4,47.5811014,19.2469638,225.9,5.12,5.24
1050.4,47.5810731,19.2470157,225.8,5.11,5.23
1055.4,47.5810448,19.2470676,225.8,5.10,5.22
1060.5,47.5810165,19.2471194,225.8,5.08,5.21
1065.5,47.5809883,19.2471714,225.7,5.07,5.20
1070.5,47.5809604,19.2472237,225.6,5.06,5.20
1075.5,47.5809330,19.2472765,225.6,5.08,5.17
1080.5,47.5809060,19.2473300,225.5,5.29,5.04
1085.5,47.5808798,19.2473842,225.4,5.57,4.90
1090.5,47.5808546,19.2474394,225.2,5.54,5.00
1095.5,47.5808313,19.2474964,225.1,5.19,5.36
1100.5,47.5808113,19.2475561,224.9,5.02,5.46
1105.5,47.5807966,19.2476189,224.7,5.10,5.27
1110.5,47.5807883,19.2476844,224.4,5.45,4.92
1115.5,47.5807863,19.2477509,224.2,5.59,4.91
1120.5,47.5807900,19.2478173,223.8,5.26,5.10
1125.5,47.5807990,19.2478825,223.5,5.02,5.52
1130.5,47.5808125,19.2479461,223.2,5.13,5.41
1135.5,47.5808296,19.2480077,222.8,5.34,5.06
1140.5,47.5808495,19.2480675,222.4,5.23,5.08
1145.5,47.5808723,19.2481250,222.0,5.33,5.12
1150.5,47.5808989,19.2481786,221.6,5.30,5.19
1155.5,47.5809305,19.2482259,221.2,5.57,5.06
1160.5,47.5809668,19.2482651,220.8,5.41,5.27
1165.5,47.5810062,19.2482969,220.4,5.22,5.30
1170.5,47.5810476,19.2483229,220.0,5.22,5.21
1175.5,47.5810901,19.2483447,219.6,5.30,5.10
1180.5,47.5811335,19.2483626,219.2,5.24,5.11
1185.5,47.5811775,19.2483759,218.8,5.38,5.07
1190.5,47.5812221,19.2483841,218.5,5.29,5.17
1195.5,47.5812670,19.2483868,218.1,5.18,5.24
1200.5,47.5813119,19.2483834,217.8,5.13,5.17
1205.5,47.5813563,19.2483732,217.5,5.09,5.06
1210.5,47.5813997,19.2483557,217.2,5.16,5.04
1215.5,47.5814416,19.2483318,217.0,5.22,4.80
1220.5,47.5814824,19.2483036,216.7,5.25,4.65
1225.5,47.5815224,19.2482731,216.5,5.23,4.68
1230.5,47.5815621,19.2482416,216.3,5.22,4.70
1235.5,47.5816015,19.2482096,216.1,5.21,4.73
1240.5,47.5816408,19.2481772,215.9,5.19,4.76
1245.5,47.5816800,19.2481444,215.7,5.18,4.78
1250.5,47.5817192,19.2481116,215.6,5.17,4.81
1255.5,47.5817583,19.2480787,215.4,5.15,4.84
1260.5,47.5817975,19.2480460,215.3,5.14,4.86
1265.5,47.5818368,19.2480135,215.2,5.12,4.89
1270.5,47.5818761,19.2479811,215.0,5.11,4.92
1275.5,47.5819155,19.2479489,214.9,5.10,4.94
1280.5,47.5819549,19.2479166,214.8,5.08,4.97
1285.5,47.5819943,19.2478844,214.7,5.07,5.00
1290.5,47.5820336,19.2478521,214.6,5.06,5.02
1295.6,47.5820729,19.2478197,214.5,5.04,5.05
1300.6,47.5821123,19.2477873,214.4,5.03,5.08
1305.6,47.5821516,19.2477549,214.4,5.01,5.10
1310.6,47.5821911,19.2477229,214.2,4.99,5.10
1315.6,47.5822308,19.2476917,214.1,4.99,4.97
1320.6,47.5822711,19.2476621,214.0,5.09,4.77
1325.6,47.5823123,19.2476354,213.9,5.07,4.95
1330.6,47.5823546,19.2476129,213.7,5.09,5.43
1335.6,47.5823981,19.2475960,213.5,5.49,5.67
1340.6,47.5824426,19.2475871,213.3,5.91,5.97
1345.6,47.5824874,19.2475883,213.1,6.30,6.26
1350.6,47.5825316,19.2476005,212.9,6.52,6.46
1355.6,47.5825744,19.2476206,212.6,6.36,6.42
1360.6,47.5826163,19.2476451,212.3,5.88,6.28
1365.6,47.5826576,19.2476714,212.0,5.55,5.82
1370.6,47.5826986,19.2476988,211.6,5.36,5.65
1375.6,47.5827394,19.2477270,211.3,5.34,5.62
1380.6,47.5827799,19.2477559,210.9,5.32,5.59
1385.6,47.5828203,19.2477853,210.6,5.30,5.57
1390.6,47.5828606,19.2478149,210.2,5.28,5.54
1395.6,47.5829009,19.2478446,209.9,5.27,5.51
1400.6,47.5829412,19.2478742,209.5,5.25,5.49
1405.6,47.5829815,19.2479038,209.2,5.23,5.46
1410.6,47.5830219,19.2479333,208.9,5.21,5.43
1415.6,47.5830622,19.2479627,208.6,5.19,5.41
1420.6,47.5831026,19.2479921,208.3,5.17,5.38
1425.6,47.5831430,19.2480215,208.0,5.15,5.35
1430.6,47.5831834,19.2480508,207.8,5.14,5.33
1435.6,47.5832238,19.2480802,207.6,5.12,5.30
1440.6,47.5832642,19.2481095,207.4,5.10,5.27
1445.6,47.5833046,19.2481388,207.2,5.08,5.25
1450.6,47.5833450,19.2481681,207.1,5.06,5.22
1455.6,47.5833854,19.2481975,206.9,5.04,5.19
1460.6,47.5834258,19.2482268,206.8,5.02,5.17
1465.6,47.5834662,19.2482562,206.7,5.01,5.14
1470.6,47.5835065,19.2482857,206.6,4.99,5.11
1475.6,47.5835469,19.2483151,206.5,4.97,5.09
1480.6,47.5835872,19.2483446,206.4,4.96,5.07
1485.6,47.5836276,19.2483742,206.3,4.97,5.07
1490.6,47.5836679,19.2484038,206.2,4.98,5.07
1495.6,47.5837082,19.2484334,206.2,4.99,5.07
1500.6,47.5837485,19.2484630,206.1,5.00,5.07
1505.6,47.5837888,19.2484926,206.0,5.02,5.07
1510.6,47.5838291,19.2485223,205.9,5.03,5.07
1515.6,47.5838694,19.2485520,205.8,5.04,5.07
1520.6,47.5839096,19.2485817,205.8,5.05,5.07
1525.6,47.5839499,19.2486115,205.7,5.06,5.07
1530.7,47.5839901,19.2486413,205.6,5.08,5.07
1535.7,47.5840304,19.2486710,205.6,5.09,5.07
1540.7,47.5840706,19.2487008,205.5,5.10,5.07
1545.7,47.5841109,19.2487306,205.5,5.11,5.07
1550.7,47.5841511,19.2487605,205.4,5.12,5.07
1555.7,47.5841913,19.2487903,205.4,5.13,5.08
1560.7,47.5842316,19.2488201,205.4,5.15,5.08
1565.7,47.5842718,19.2488500,205.4,5.16,5.08
1570.7,47.5843120,19.2488799,205.4,5.17,5.08
1575.7,47.5843523,19.2489097,205.4,5.18,5.08
1580.7,47.5843925,19.2489396,205.4,5.19,5.08
1585.7,47.5844327,19.2489694,205.4,5.21,5.08
1590.7,47.5844729,19.2489993,205.5,5.22,5.08
1595.7,47.5845131,19.2490292,205.5,5.23,5.08
1600.7,47.5845534,19.2490590,205.6,5.24,5.08
1605.7,47.5845936,19.2490889,205.6,5.25,5.08
1610.7,47.5846338,19.2491187,205.7,5.26,5.08
1615.7,47.5846741,19.2491486,205.8,5.28,5.08
1620.7,47.5847143,19.2491784,205.9,5.29,5.08
1625.7,47.5847546,19.2492081,206.0,5.30,5.08
1630.7,47.5847948,19.2492379,206.2,5.31,5.09
1635.7,47.5848351,19.2492676,206.3,5.32,5.09
1640.7,47.5848754,19.2492972,206.4,5.34,5.09
1645.7,47.5849157,19.2493268,206.6,5.35,5.09
1650.7,47.5849561,19.2493563,206.8,5.36,5.09
1655.7,47.5849964,19.2493857,206.9,5.37,5.09
1660.7,47.5850368,19.2494150,207.1,5.38,5.09
1665.7,47.5850773,19.2494443,207.3,5.39,5.09
1670.7,47.5851177,19.2494735,207.6,5.38,5.10
1675.7,47.5851582,19.2495027,207.8,5.32,5.15
1680.7,47.5851985,19.2495320,208.0,5.23,5.20
1685.7,47.5852388,19.2495618,208.3,5.15,5.25
1690.7,47.5852789,19.2495921,208.6,5.08,5.31
1695.7,47.5853187,19.2496231,208.8,5.00,5.37
1700.7,47.5853582,19.2496550,209.1,4.97,5.38
1705.7,47.5853973,19.2496881,209.4,5.07,5.29
1710.7,47.5854359,19.2497222,209.7,5.17,5.18
1715.7,47.5854742,19.2497572,210.0,5.24,5.13
1720.7,47.5855121,19.2497931,210.3,5.26,5.18
1725.7,47.5855498,19.2498296,210.7,5.27,5.23
1730.7,47.5855871,19.2498667,211.0,5.25,5.28
1735.7,47.5856243,19.2499043,211.3,5.20,5.34
1740.7,47.5856613,19.2499423,211.5,5.16,5.38
1745.7,47.5856980,19.2499807,211.8,5.14,5.37
1750.7,47.5857345,19.2500197,212.1,5.16,5.31
1755.7,47.5857707,19.2500594,212.4,5.17,5.25
1760.7,47.5858064,19.2500999,212.6,5.15,5.21
1765.8,47.5858417,19.2501413,212.8,5.06,5.23
1770.8,47.5858764,19.2501838,213.0,4.96,5.26
1775.8,47.5859104,19.2502274,213.2,4.88,5.27
1780.8,47.5859436,19.2502723,213.4,4.96,5.20
1785.8,47.5859761,19.2503185,213.6,5.19,5.04
1790.8,47.5860077,19.2503660,213.7,5.22,5.01
1795.8,47.5860392,19.2504136,213.8,5.25,4.97
1800.8,47.5860721,19.2504590,213.9,5.26,4.93
1805.8,47.5861078,19.2504994,214.0,5.18,4.91
1810.8,47.5861466,19.2505327,214.1,5.05,4.99
1815.8,47.5861882,19.2505580,214.1,5.00,5.08
1820.8,47.5862316,19.2505747,214.2,5.01,4.96
1825.8,47.5862762,19.2505823,214.2,5.03,4.85
1830.8,47.5863211,19.2505815,214.2,5.02,4.87
1835.8,47.5863658,19.2505741,214.2,4.90,4.84
1840.8,47.5864100,19.2505618,214.2,4.76,4.79
1845.8,47.5864538,19.2505463,214.2,4.83,4.88
1850.8,47.5864972,19.2505289,214.2,4.84,4.91
1855.8,47.5865405,19.2505108,214.2,4.83,4.88
1860.8,47.5865838,19.2504930,214.2,4.82,4.85
1865.8,47.5866273,19.2504756,214.2,4.81,4.83
1870.8,47.5866707,19.2504585,214.2,4.79,4.80
1875.8,47.5867142,19.2504413,214.2,4.78,4.77
1880.8,47.5867576,19.2504240,214.2,4.77,4.75
1885.8,47.5868011,19.2504066,214.2,4.76,4.72
1890.8,47.5868445,19.2503890,214.3,4.75,4.69
1895.8,47.5868879,19.2503714,214.3,4.74,4.67
1900.8,47.5869312,19.2503538,214.3,4.72,4.64
1905.8,47.5869746,19.2503361,214.3,4.71,4.61
1910.8,47.5870180,19.2503184,214.3,4.70,4.59
1915.8,47.5870614,19.2503008,214.3,4.69,4.56
1920.8,47.5871048,19.2502832,214.3,4.68,4.53
1925.8,47.5871482,19.2502656,214.3,4.66,4.50
1930.8,47.5871916,19.2502482,214.4,4.65,4.48
1935.8,47.5872350,19.2502308,214.4,4.64,4.45
1940.8,47.5872785,19.2502136,214.4,4.63,4.42
1945.8,47.5873220,19.2501965,214.4,4.62,4.40
1950.8,47.5873655,19.2501795,214.4,4.61,4.37
1955.8,47.5874089,19.2501624,214.4,4.59,4.34
1960.8,47.5874524,19.2501452,214.4,4.58,4.32
1965.8,47.5874958,19.2501276,214.4,4.57,4.29
1970.8,47.5875391,19.2501097,214.4,4.56,4.26
1975.8,47.5875824,19.2500913,214.4,4.55,4.24
1980.8,47.5876255,19.2500726,214.4,4.53,4.21
1985.8,47.5876688,19.2500542,214.4,4.52,4.18
1990.8,47.5877122,19.2500368,214.5,4.46,4.18
1995.8,47.5877559,19.2500210,214.5,4.28,4.25
2000.9,47.5877999,19.2500075,214.5,4.06,4.34
2005.9,47.5878443,19.2499969,214.6,3.94,4.44
2010.9,47.5878891,19.2499901,214.6,3.97,4.51
2015.9,47.5879340,19.2499879,214.7,4.19,4.34
2020.9,47.5879789,19.2499916,214.8,4.62,4.04
2025.9,47.5880232,19.2500026,214.9,4.72,4.05
2030.9,47.5880662,19.2500217,215.1,4.31,4.66
2035.9,47.5881073,19.2500484,215.2,4.08,4.96
2040.9,47.5881465,19.2500811,215.4,4.22,4.75
2045.9,47.5881835,19.2501188,215.6,4.37,4.27
2050.9,47.5882185,19.2501607,215.8,4.34,4.08
2055.9,47.5882512,19.2502064,216.1,4.27,3.99
2060.9,47.5882817,19.2502555,216.3,4.15,3.96
2065.9,47.5883097,19.2503075,216.6,4.03,4.20
2070.9,47.5883354,19.2503623,216.9,3.97,4.28
2075.9,47.5883586,19.2504194,217.2,4.13,4.20
2080.9,47.5883793,19.2504786,217.5,4.30,4.05
2085.9,47.5883973,19.2505396,217.8,4.25,4.08
2090.9,47.5884125,19.2506023,218.1,4.06,4.25
2095.9,47.5884246,19.2506665,218.4,4.02,4.39
2100.9,47.5884331,19.2507319,218.7,4.11,4.32
2105.9,47.5884378,19.2507982,219.1,4.27,4.11
2110.9,47.5884383,19.2508648,219.4,4.28,3.99
2115.9,47.5884344,19.2509312,219.7,4.18,4.00
2120.9,47.5884263,19.2509967,220.0,3.93,4.26
2125.9,47.5884143,19.2510609,220.3,3.74,4.45
2130.9,47.5883987,19.2511235,220.6,3.96,4.34
2135.9,47.5883802,19.2511842,220.9,4.10,4.46
2140.9,47.5883594,19.2512433,221.1,4.11,4.55
2145.9,47.5883373,19.2513014,221.4,4.11,4.53
2150.9,47.5883144,19.2513588,221.7,4.11,4.52
2155.9,47.5882910,19.2514157,222.0,4.11,4.50
2160.9,47.5882670,19.2514722,222.2,4.11,4.49
2165.9,47.5882425,19.2515281,222.5,4.11,4.47
2170.9,47.5882175,19.2515835,222.7,4.10,4.47
2175.9,47.5881919,19.2516384,223.0,4.06,4.48
2180.9,47.5881657,19.2516926,223.2,4.01,4.50
2185.9,47.5881390,19.2517463,223.5,3.97,4.51
2190.9,47.5881118,19.2517993,223.7,3.97,4.53
2195.9,47.5880839,19.2518517,223.9,4.00,4.54
2200.9,47.5880555,19.2519035,224.2,4.05,4.54
2205.9,47.5880266,19.2519545,224.4,4.12,4.49
2210.9,47.5879970,19.2520047,224.6,4.22,4.39
2215.9,47.5879669,19.2520543,224.8,4.29,4.30
2220.9,47.5879362,19.2521031,225.0,4.28,4.24
2225.9,47.5879051,19.2521512,225.2,4.22,4.19
2230.9,47.5878735,19.2521986,225.5,4.15,4.14
2236.0,47.5878415,19.2522455,225.7,4.10,4.10
2241.0,47.5878092,19.2522919,225.9,4.07,4.10
2246.0,47.5877766,19.2523379,226.1,4.05,4.11
2251.0,47.5877437,19.2523834,226.3,4.03,4.12
2256.0,47.5877107,19.2524287,226.5,4.01,4.13
2261.0,47.5876775,19.2524738,226.7,4.00,4.14
2266.0,47.5876443,19.2525187,226.9,3.98,4.15
2271.0,47.5876110,19.2525636,227.1,3.96,4.16
2276.0,47.5875777,19.2526084,227.3,3.94,4.17
2281.0,47.5875444,19.2526533,227.6,3.92,4.18
2286.0,47.5875113,19.2526983,227.8,3.91,4.19
2291.0,47.5874782,19.2527435,228.0,3.89,4.20
2296.0,47.5874451,19.2527888,228.2,3.87,4.21
2301.0,47.5874122,19.2528342,228.5,3.85,4.22
2306.0,47.5873793,19.2528797,228.7,3.84,4.23
2311.0,47.5873464,19.2529253,228.9,3.82,4.24
2316.0,47.5873136,19.2529709,229.1,3.80,4.25
2321.0,47.5872809,19.2530166,229.3,3.78,4.26
2326.0,47.5872481,19.2530623,229.5,3.76,4.27
2331.0,47.5872154,19.2531080,229.7,3.75,4.28
2336.0,47.5871826,19.2531538,229.9,3.73,4.29
2341.0,47.5871499,19.2531995,230.1,3.71,4.30
2346.0,47.5871171,19.2532452,230.2,3.69,4.31
2351.0,47.5870843,19.2532908,230.4,3.67,4.32
2356.0,47.5870515,19.2533364,230.5,3.66,4.33
2361.0,47.5870183,19.2533815,230.6,3.64,4.34
2366.0,47.5869848,19.2534259,230.6,3.62,4.35
2371.0,47.5869504,19.2534689,230.6,3.60,4.36
2376.0,47.5869145,19.2535089,230.6,3.47,4.44
2381.0,47.5868753,19.2535412,230.6,3.55,4.31
2386.0,47.5868324,19.2535591,230.5,4.08,4.00
2391.0,47.5867878,19.2535594,230.4,4.19,3.87
2396.0,47.5867441,19.2535450,230.2,4.10,3.91
2401.0,47.5867028,19.2535193,230.0,4.03,4.03
2406.0,47.5866647,19.2534840,229.8,3.86,4.13
2411.0,47.5866301,19.2534415,229.6,3.73,4.13
2416.0,47.5865973,19.2533959,229.4,3.82,4.00
2421.0,47.5865637,19.2533517,229.1,4.01,3.89
2426.0,47.5865265,19.2533147,228.9,4.27,3.78
2431.0,47.5864844,19.2532944,228.7,4.45,3.81
2436.0,47.5864397,19.2532938,228.4,4.15,4.00
2441.0,47.5863954,19.2533044,228.2,3.81,4.05
2446.0,47.5863517,19.2533204,228.1,3.65,4.05
2451.0,47.5863085,19.2533388,227.9,3.62,4.06
2456.0,47.5862653,19.2533576,227.7,3.65,4.04
2461.0,47.5862220,19.2533758,227.6,3.67,4.02
2466.0,47.5861786,19.2533933,227.5,3.70,4.00
2471.1,47.5861352,19.2534104,227.4,3.73,3.99
2476.1,47.5860916,19.2534272,227.3,3.75,3.97
2481.1,47.5860481,19.2534438,227.3,3.78,3.95
2486.1,47.5860045,19.2534605,227.2,3.80,3.93
2491.1,47.5859610,19.2534774,227.1,3.83,3.91
2496.1,47.5859175,19.2534945,227.1,3.86,3.89
2501.1,47.5858741,19.2535118,227.0,3.88,3.88
2506.1,47.5858306,19.2535292,227.0,3.91,3.86
2511.1,47.5857872,19.2535467,227.0,3.93,3.84
2516.1,47.5857438,19.2535643,226.9,3.96,3.82
2521.1,47.5857004,19.2535819,226.9,3.98,3.80
2526.1,47.5856570,19.2535994,226.9,4.01,3.78
2531.1,47.5856136,19.2536168,226.9,4.04,3.77
2536.1,47.5855702,19.2536341,226.9,4.06,3.75
2541.1,47.5855267,19.2536512,226.9,4.09,3.73
2546.1,47.5854832,19.2536681,226.9,4.11,3.71
2551.1,47.5854396,19.2536847,226.9,4.14,3.69
2556.1,47.5853960,19.2537011,226.9,4.16,3.67
2561.1,47.5853524,19.2537174,227.0,4.19,3.66
2566.1,47.5853089,19.2537344,227.0,4.22,3.64
2571.1,47.5852657,19.2537529,227.1,4.24,3.62
2576.1,47.5852230,19.2537739,227.1,4.27,3.62
2581.1,47.5851811,19.2537982,227.2,4.29,3.73
2586.1,47.5851406,19.2538271,227.3,4.10,3.90
2591.1,47.5851020,19.2538613,227.4,4.07,4.17
2596.1,47.5850661,19.2539012,227.5,4.19,4.27
2601.1,47.5850329,19.2539461,227.7,4.04,4.33
2606.1,47.5850025,19.2539952,227.8,3.96,4.34
2611.1,47.5849750,19.2540479,228.0,4.18,4.14
2616.1,47.5849508,19.2541040,228.2,4.44,3.89
2621.1,47.5849312,19.2541639,228.4,4.28,3.84
2626.1,47.5849176,19.2542273,228.6,4.03,4.03
2631.1,47.5849099,19.2542929,228.8,3.98,4.13
2636.1,47.5849060,19.2543593,229.1,3.98,4.15
2641.1,47.5849032,19.2544259,229.3,3.98,4.16
2646.1,47.5848994,19.2544923,229.5,3.99,4.17
2651.1,47.5848941,19.2545585,229.8,3.99,4.18
2656.1,47.5848883,19.2546247,230.0,3.99,4.20
2661.1,47.5848829,19.2546909,230.2,4.00,4.21
2666.1,47.5848783,19.2547572,230.4,4.00,4.22
2671.1,47.5848743,19.2548236,230.7,4.00,4.24
2676.1,47.5848706,19.2548901,230.9,4.01,4.25
2681.1,47.5848666,19.2549565,231.0,4.01,4.26
2686.1,47.5848622,19.2550229,231.2,4.02,4.28
2691.1,47.5848569,19.2550891,231.4,4.02,4.29
2696.1,47.5848503,19.2551551,231.5,4.08,4.18
2701.1,47.5848421,19.2552206,231.7,4.28,4.10
2706.2,47.5848317,19.2552855,231.8,4.13,4.23
2711.2,47.5848185,19.2553492,231.9,3.77,4.48
2716.2,47.5848018,19.2554111,232.0,3.93,4.40
2721.2,47.5847811,19.2554702,232.0,4.34,4.17
2726.2,47.5847557,19.2555251,232.1,4.41,4.12
2731.2,47.5847258,19.2555746,232.1,4.50,4.09
2736.2,47.5846918,19.2556181,232.1,4.22,4.20
2741.2,47.5846546,19.2556555,232.0,3.93,4.37
2746.2,47.5846149,19.2556868,232.0,3.90,4.34
2751.2,47.5845733,19.2557120,231.9,4.02,4.15
2756.2,47.5845303,19.2557311,231.9,4.09,4.05
2761.2,47.5844861,19.2557437,231.8,4.17,4.07
2766.2,47.5844414,19.2557500,231.7,4.24,4.12
2771.2,47.5843965,19.2557506,231.6,4.09,4.08
2776.2,47.5843516,19.2557466,231.5,4.09,4.05
2781.2,47.5843069,19.2557393,231.4,4.13,4.05
2786.2,47.5842623,19.2557298,231.3,4.14,4.05
2791.2,47.5842179,19.2557192,231.2,4.15,4.04
2796.2,47.5841735,19.2557085,231.1,4.16,4.04
2801.2,47.5841291,19.2556984,231.0,4.17,4.04
2806.2,47.5840845,19.2556888,230.9,4.19,4.03
2811.2,47.5840400,19.2556796,230.8,4.20,4.03
2816.2,47.5839954,19.2556707,230.8,4.21,4.02
2821.2,47.5839508,19.2556619,230.7,4.22,4.02
2826.2,47.5839062,19.2556530,230.7,4.23,4.02
2831.2,47.5838617,19.2556439,230.7,4.24,4.01
2836.2,47.5838171,19.2556345,230.7,4.26,4.01
2841.2,47.5837726,19.2556250,230.7,4.27,4.01
2846.2,47.5837281,19.2556153,230.7,4.28,4.00
2851.2,47.5836836,19.2556055,230.7,4.29,4.00
2856.2,47.5836391,19.2555956,230.8,4.30,4.00
2861.2,47.5835946,19.2555857,230.8,4.31,3.99
2866.2,47.5835501,19.2555758,230.9,4.32,3.99
2871.2,47.5835056,19.2555659,230.9,4.34,3.98
2876.2,47.5834611,19.2555562,231.0,4.35,3.98
2881.2,47.5834166,19.2555467,231.1,4.36,3.98
2886.2,47.5833721,19.2555374,231.2,4.37,3.97
2891.2,47.5833275,19.2555283,231.2,4.38,3.97
2896.2,47.5832829,19.2555196,231.3,4.39,3.97
2901.2,47.5832383,19.2555112,231.4,4.40,3.96
2906.2,47.5831936,19.2555035,231.5,4.39,3.97
2911.2,47.5831488,19.2554971,231.6,4.34,4.03
2916.2,47.5831039,19.2554926,231.7,4.33,4.11
2921.2,47.5830590,19.2554904,231.8,4.30,4.21
2926.2,47.5830140,19.2554913,231.9,4.17,4.28
2931.2,47.5829692,19.2554959,232.1,4.07,4.22
2936.2,47.5829246,19.2555046,232.2,3.99,4.25
2941.3,47.5828805,19.2555174,232.3,4.19,4.16
2946.3,47.5828369,19.2555341,232.5,4.27,4.16
2951.3,47.5827940,19.2555542,232.6,4.22,4.29
2956.3,47.5827519,19.2555775,232.7,4.27,4.27
2961.3,47.5827106,19.2556038,232.9,4.48,4.09
2966.3,47.5826700,19.2556327,233.0,4.32,4.16
2971.3,47.5826304,19.2556641,233.2,4.21,4.25
2976.3,47.5825915,19.2556976,233.3,4.12,4.26
2981.3,47.5825532,19.2557326,233.5,4.09,4.23
2986.3,47.5825154,19.2557688,233.6,4.07,4.22
2991.3,47.5824780,19.2558058,233.8,4.06,4.23
2996.3,47.5824406,19.2558430,233.9,4.05,4.25
3001.3,47.5824033,19.2558802,234.1,4.04,4.26
3006.3,47.5823658,19.2559170,234.2,4.03,4.27
3011.3,47.5823281,19.2559534,234.4,4.02,4.28
3016.3,47.5822903,19.2559897,234.5,4.01,4.29
3021.3,47.5822526,19.2560259,234.6,4.00,4.30
3026.3,47.5822148,19.2560621,234.8,3.99,4.31
3031.3,47.5821771,19.2560985,234.9,3.97,4.33
3036.3,47.5821395,19.2561352,235.0,3.96,4.34
3041.3,47.5821021,19.2561722,235.1,3.95,4.35
3046.3,47.5820647,19.2562093,235.3,3.94,4.36
3051.3,47.5820274,19.2562466,235.4,3.93,4.37
3056.3,47.5819901,19.2562837,235.5,3.92,4.38
3061.3,47.5819526,19.2563207,235.6,3.91,4.39
3066.3,47.5819150,19.2563573,235.7,3.90,4.41
3071.3,47.5818772,19.2563934,235.8,3.89,4.42
3076.3,47.5818390,19.2564286,235.9,3.88,4.43
3081.3,47.5818000,19.2564620,236.0,3.86,4.35
3086.3,47.5817602,19.2564928,236.1,3.68,4.28
3091.3,47.5817192,19.2565201,236.2,3.75,4.19
3096.3,47.5816769,19.2565429,236.3,4.12,3.90
3101.3,47.5816335,19.2565600,236.4,4.24,3.82
3106.3,47.5815891,19.2565708,236.4,4.21,3.86
3111.3,47.5815443,19.2565759,236.5,4.14,4.01
3116.3,47.5814993,19.2565763,236.5,4.02,4.20
3121.3,47.5814544,19.2565732,236.5,3.93,4.23
3126.3,47.5814096,19.2565667,236.6,3.98,4.09
3131.3,47.5813652,19.2565566,236.6,4.02,4.01
3136.3,47.5813213,19.2565423,236.6,4.01,4.03
3141.3,47.5812782,19.2565234,236.6,4.09,4.03
3146.3,47.5812361,19.2564999,236.5,4.10,4.11
3151.3,47.5811952,19.2564722,236.5,4.01,4.24
3156.3,47.5811557,19.2564403,236.5,3.98,4.23
3161.3,47.5811177,19.2564046,236.5,4.22,4.05
3166.3,47.5810811,19.2563659,236.4,4.29,4.17
3171.3,47.5810455,19.2563252,236.4,4.23,4.32
3176.4,47.5810105,19.2562832,236.4,4.17,4.38
3181.4,47.5809761,19.2562403,236.3,4.14,4.35
3186.4,47.5809420,19.2561968,236.3,4.13,4.28
3191.4,47.5809082,19.2561527,236.3,4.11,4.22
3196.4,47.5808747,19.2561083,236.2,4.09,4.16
3201.4,47.5808413,19.2560636,236.2,4.09,4.15
3206.4,47.5808079,19.2560189,236.2,4.09,4.14
3211.4,47.5807745,19.2559742,236.2,4.09,4.14
3216.4,47.5807411,19.2559295,236.1,4.09,4.14
3221.4,47.5807077,19.2558849,236.1,4.09,4.14
3226.4,47.5806743,19.2558402,236.1,4.09,4.14
3231.4,47.5806408,19.2557956,236.1,4.09,4.13
3236.4,47.5806074,19.2557510,236.0,4.09,4.13
3241.4,47.5805740,19.2557064,236.0,4.09,4.13
3246.4,47.5805406,19.2556617,236.0,4.09,4.13
3251.4,47.5805072,19.2556170,236.0,4.09,4.12
3256.4,47.5804738,19.2555723,235.9,4.09,4.12
3261.4,47.5804404,19.2555276,235.9,4.09,4.12
3266.4,47.5804071,19.2554829,235.9,4.09,4.12
3271.4,47.5803737,19.2554381,235.8,4.09,4.11
3276.4,47.5803404,19.2553933,235.8,4.09,4.11
3281.4,47.5803070,19.2553486,235.7,4.09,4.11
3286.4,47.5802737,19.2553038,235.7,4.09,4.11
3291.4,47.5802404,19.2552590,235.6,4.09,4.10
3296.4,47.5802070,19.2552142,235.6,4.09,4.10
3301.4,47.5801737,19.2551694,235.5,4.09,4.10
3306.4,47.5801404,19.2551246,235.5,4.09,4.10
3311.4,47.5801071,19.2550798,235.4,4.09,4.09
3316.4,47.5800737,19.2550350,235.4,4.09,4.09
3321.4,47.5800404,19.2549902,235.3,4.09,4.09
3326.4,47.5800070,19.2549455,235.3,4.09,4.09
3331.4,47.5799737,19.2549007,235.2,4.09,4.08
3336.4,47.5799403,19.2548560,235.2,4.09,4.08
3341.4,47.5799070,19.2548113,235.1,4.09,4.08
3346.4,47.5798736,19.2547666,235.1,4.09,4.08
3351.4,47.5798402,19.2547219,235.1,4.09,4.07
3356.4,47.5798068,19.2546772,235.0,4.09,4.07
3361.4,47.5797733,19.2546326,235.0,4.09,4.07
3366.4,47.5797399,19.2545880,235.0,4.09,4.07
3371.4,47.5797064,19.2545434,234.9,4.09,4.07
3376.4,47.5796729,19.2544989,234.9,4.10,4.10
3381.4,47.5796394,19.2544544,234.8,4.12,4.14
3386.4,47.5796059,19.2544099,234.8,4.14,4.18
3391.4,47.5795724,19.2543655,234.8,4.16,4.22
3396.4,47.5795388,19.2543211,234.7,4.18,4.26
3401.4,47.5795053,19.2542767,234.7,4.20,4.31
3406.4,47.5794717,19.2542323,234.6,4.22,4.35
3411.5,47.5794381,19.2541879,234.5,4.24,4.39
3416.5,47.5794045,19.2541435,234.5,4.26,4.43
3421.5,47.5793709,19.2540992,234.4,4.28,4.47
3426.5,47.5793373,19.2540548,234.4,4.30,4.51
3431.5,47.5793037,19.2540105,234.3,4.31,4.55
3436.5,47.5792702,19.2539661,234.3,4.33,4.60
3441.5,47.5792366,19.2539217,234.2,4.35,4.64
3446.5,47.5792030,19.2538773,234.1,4.37,4.68
3451.5,47.5791695,19.2538328,234.1,4.39,4.72
3456.5,47.5791359,19.2537884,234.0,4.41,4.76
3461.5,47.5791024,19.2537439,234.0,4.43,4.80
3466.5,47.5790689,19.2536994,233.9,4.45,4.85
3471.5,47.5790355,19.2536548,233.9,4.47,4.89
3476.5,47.5790020,19.2536102,233.8,4.49,4.93
3481.5,47.5789686,19.2535656,233.8,4.51,4.97
3486.5,47.5789352,19.2535209,233.7,4.53,5.01
3491.5,47.5789018,19.2534762,233.7,4.55,5.05
3496.5,47.5788685,19.2534314,233.6,4.56,5.09
3501.5,47.5788352,19.2533865,233.6,4.58,5.13
3506.5,47.5788020,19.2533416,233.5,4.60,5.18
3511.5,47.5787688,19.2532966,233.4,4.62,5.22
3516.5,47.5787357,19.2532514,233.3,4.71,5.05
3521.5,47.5787039,19.2532043,233.2,5.09,4.88
3526.5,47.5786758,19.2531524,233.1,5.00,4.83
3531.5,47.5786551,19.2530934,233.0,5.21,4.90
3536.5,47.5786451,19.2530287,232.9,4.91,5.45
3541.5,47.5786450,19.2529622,232.7,4.91,5.51
3546.5,47.5786535,19.2528969,232.6,5.41,5.12
3551.5,47.5786702,19.2528353,232.4,5.30,5.01
3556.5,47.5786940,19.2527789,232.2,5.01,5.22
3561.5,47.5787226,19.2527275,232.0,4.80,5.34
3566.5,47.5787538,19.2526795,231.8,4.73,5.31
3571.5,47.5787862,19.2526332,231.6,4.71,5.24
3576.5,47.5788192,19.2525880,231.4,4.70,5.17
3581.5,47.5788526,19.2525433,231.2,4.69,5.10
3586.5,47.5788861,19.2524987,231.0,4.67,5.02
3591.5,47.5789197,19.2524543,230.8,4.66,4.95
3596.5,47.5789532,19.2524099,230.6,4.64,4.87
3601.5,47.5789868,19.2523656,230.4,4.63,4.80
3606.5,47.5790204,19.2523212,230.2,4.61,4.72
3611.5,47.5790540,19.2522768,230.0,4.60,4.65
3616.5,47.5790876,19.2522324,229.8,4.59,4.58
3621.5,47.5791211,19.2521880,229.7,4.57,4.50
3626.5,47.5791546,19.2521435,229.5,4.56,4.43
3631.5,47.5791880,19.2520989,229.3,4.54,4.35
3636.5,47.5792214,19.2520541,229.2,4.53,4.28
3641.5,47.5792547,19.2520093,229.0,4.52,4.20
3646.6,47.5792879,19.2519643,228.8,4.50,4.13
3651.6,47.5793210,19.2519192,228.7,4.49,4.06
3656.6,47.5793540,19.2518737,228.5,4.47,3.98
3661.6,47.5793867,19.2518279,228.4,4.46,3.91
3666.6,47.5794190,19.2517815,228.2,4.32,4.06
3671.6,47.5794508,19.2517343,228.1,4.23,4.08
3676.6,47.5794819,19.2516862,227.9,4.23,3.93
3681.6,47.5795123,19.2516371,227.8,4.22,3.86
3686.6,47.5795417,19.2515867,227.7,4.22,3.87
3691.6,47.5795703,19.2515351,227.6,4.21,3.89
3696.6,47.5795980,19.2514826,227.4,4.20,3.90
3701.6,47.5796254,19.2514296,227.3,4.19,3.92
3706.6,47.5796526,19.2513765,227.2,4.18,3.94
3711.6,47.5796800,19.2513236,227.2,4.17,3.96
3716.6,47.5797078,19.2512713,227.1,4.16,3.97
3721.6,47.5797365,19.2512198,227.0,4.16,3.99
3726.6,47.5797656,19.2511691,227.0,4.15,4.01
3731.6,47.5797946,19.2511181,226.9,4.14,4.02
3736.6,47.5798225,19.2510657,226.9,4.13,4.04
3741.6,47.5798482,19.2510111,226.8,4.03,3.71
3746.6,47.5798705,19.2509532,226.8,4.14,3.63
3751.6,47.5798876,19.2508916,226.8,4.27,4.03
3756.6,47.5798975,19.2508267,226.8,4.14,4.31
3761.6,47.5799003,19.2507602,226.9,4.19,4.25
3766.6,47.5798980,19.2506937,226.9,4.20,4.47
3771.6,47.5798926,19.2506275,227.0,4.32,4.12
3776.6,47.5798851,19.2505618,227.1,4.18,3.81
3781.6,47.5798747,19.2504969,227.3,4.10,3.90
3786.6,47.5798598,19.2504340,227.4,4.01,4.21
3791.6,47.5798395,19.2503746,227.6,3.90,4.27
3796.6,47.5798140,19.2503198,227.8,4.01,4.34
3801.6,47.5797839,19.2502702,228.0,4.65,3.90
3806.6,47.5797500,19.2502265,228.3,4.31,4.25
3811.6,47.5797126,19.2501896,228.5,4.35,4.28
3816.6,47.5796722,19.2501606,228.8,4.29,4.34
3821.6,47.5796293,19.2501408,229.0,4.23,4.30
3826.6,47.5795848,19.2501315,229.3,4.36,4.28
3831.6,47.5795399,19.2501324,229.6,4.41,4.10
3836.6,47.5794955,19.2501426,229.8,4.18,4.12
3841.6,47.5794523,19.2501609,230.0,4.38,4.05
3846.6,47.5794108,19.2501866,230.3,4.20,4.29
3851.6,47.5793714,19.2502187,230.4,4.37,4.14
3856.6,47.5793345,19.2502568,230.6,4.60,3.96
3861.6,47.5793004,19.2503002,230.8,4.11,4.15
3866.6,47.5792689,19.2503477,230.9,4.34,4.30
3871.6,47.5792396,19.2503983,231.0,4.41,4.34
3876.6,47.5792118,19.2504508,231.1,4.43,4.38
3881.7,47.5791851,19.2505044,231.2,4.46,4.41
3886.7,47.5791587,19.2505584,231.3,4.49,4.44
3891.7,47.5791320,19.2506121,231.4,4.52,4.48
3896.7,47.5791048,19.2506652,231.4,4.55,4.51
3901.7,47.5790770,19.2507177,231.5,4.57,4.55
3906.7,47.5790490,19.2507698,231.5,4.60,4.58
3911.7,47.5790207,19.2508217,231.6,4.63,4.61
3916.7,47.5789924,19.2508736,231.7,4.66,4.65
3921.7,47.5789642,19.2509255,231.7,4.69,4.68
3926.7,47.5789362,19.2509777,231.8,4.72,4.71
3931.7,47.5789084,19.2510301,231.9,4.74,4.75
3936.7,47.5788808,19.2510828,232.0,4.77,4.78
3941.7,47.5788533,19.2511356,232.1,4.80,4.82
3946.7,47.5788259,19.2511884,232.2,4.83,4.85
3951.7,47.5787985,19.2512413,232.3,4.86,4.88
3956.7,47.5787710,19.2512941,232.4,4.89,4.92
3961.7,47.5787434,19.2513468,232.5,4.91,4.95
3966.7,47.5787157,19.2513993,232.6,4.94,4.98
3971.7,47.5786879,19.2514518,232.7,4.97,5.02
3976.7,47.5786600,19.2515041,232.9,5.00,5.05
3981.7,47.5786321,19.2515565,233.0,5.03,5.09
3986.7,47.5786043,19.2516088,233.2,5.06,5.12
3991.7,47.5785765,19.2516612,233.4,5.08,5.15
3996.7,47.5785486,19.2517136,233.5,5.09,5.18
4001.7,47.5785200,19.2517651,233.8,4.90,5.13
4006.7,47.5784894,19.2518139,234.0,4.65,5.21
4011.7,47.5784555,19.2518578,234.2,4.78,4.86
4016.7,47.5784182,19.2518949,234.5,4.96,4.95
4021.7,47.5783782,19.2519254,234.7,5.03,4.79
4026.7,47.5783365,19.2519502,235.0,4.94,4.87
4031.7,47.5782936,19.2519703,235.4,4.88,4.94
4036.7,47.5782499,19.2519859,235.7,4.77,5.03
4041.7,47.5782055,19.2519968,236.0,4.75,4.98
4046.7,47.5781607,19.2520031,236.4,5.13,5.12
4051.7,47.5781157,19.2520046,236.8,5.10,5.05
4056.7,47.5780708,19.2520012,237.2,4.94,4.93
4061.7,47.5780262,19.2519928,237.6,5.05,4.90
4066.7,47.5779822,19.2519793,238.0,5.25,4.88
4071.7,47.5779389,19.2519609,238.4,4.99,5.02
4076.7,47.5778968,19.2519376,238.8,4.91,5.12
4081.7,47.5778560,19.2519096,239.2,4.70,5.54
4086.7,47.5778168,19.2518770,239.5,4.89,5.24
4091.7,47.5777794,19.2518398,239.9,5.06,5.20
4096.7,47.5777442,19.2517983,240.3,5.03,5.38
4101.7,47.5777113,19.2517528,240.6,5.57,5.01
4106.7,47.5776811,19.2517034,241.0,5.44,4.95
4111.7,47.5776537,19.2516506,241.3,5.57,5.14
4116.8,47.5776293,19.2515945,241.6,5.28,5.53
4121.8,47.5776083,19.2515356,241.9,5.22,5.61
4126.8,47.5775909,19.2514741,242.1,5.51,5.90
4131.8,47.5775775,19.2514105,242.3,5.90,5.68
4136.8,47.5775680,19.2513453,242.5,5.88,5.99
4141.8,47.5775624,19.2512791,242.7,5.82,6.14
4146.8,47.5775606,19.2512125,242.9,5.92,6.27
4151.8,47.5775622,19.2511458,243.0,6.32,6.08
4156.8,47.5775673,19.2510796,243.1,6.41,5.65
4161.8,47.5775756,19.2510140,243.1,6.18,5.77
4166.8,47.5775871,19.2509496,243.2,6.10,6.27
4171.8,47.5776015,19.2508864,243.1,6.04,6.41
4176.8,47.5776185,19.2508247,243.1,6.00,6.52
4181.8,47.5776379,19.2507645,243.1,5.99,6.59
4186.8,47.5776592,19.2507058,243.0,6.17,6.44
4191.8,47.5776823,19.2506485,242.9,6.31,6.35
4196.8,47.5777068,19.2505926,242.8,6.09,6.66
4201.8,47.5777326,19.2505379,242.6,6.09,6.66
4206.8,47.5777593,19.2504842,242.5,6.10,6.65
4211.8,47.5777867,19.2504314,242.3,6.10,6.65
4216.8,47.5778148,19.2503793,242.1,6.10,6.64
4221.8,47.5778432,19.2503275,241.9,6.10,6.64
4226.8,47.5778717,19.2502760,241.8,6.11,6.63
4231.8,47.5779002,19.2502244,241.6,6.11,6.63
4236.8,47.5779286,19.2501727,241.4,6.11,6.62
4241.8,47.5779567,19.2501206,241.3,6.11,6.62
4246.8,47.5779847,19.2500683,241.1,6.12,6.61
4251.8,47.5780125,19.2500159,241.0,6.12,6.61
4256.8,47.5780402,19.2499634,240.9,6.12,6.60
4261.8,47.5780679,19.2499108,240.8,6.13,6.60
4266.8,47.5780956,19.2498583,240.7,6.13,6.59
4271.8,47.5781233,19.2498057,240.6,6.13,6.58
4276.8,47.5781510,19.2497533,240.6,6.13,6.58
4281.8,47.5781788,19.2497008,240.5,6.14,6.57
4286.8,47.5782067,19.2496485,240.5,6.14,6.57
4291.8,47.5782346,19.2495961,240.5,6.14,6.56
4296.8,47.5782625,19.2495438,240.6,6.14,6.56
4301.8,47.5782904,19.2494915,240.6,6.15,6.55
4306.8,47.5783183,19.2494392,240.7,6.15,6.55
4311.8,47.5783463,19.2493870,240.8,6.15,6.54
4316.8,47.5783742,19.2493348,240.9,6.15,6.54
4321.8,47.5784022,19.2492825,241.0,6.16,6.53
4326.8,47.5784302,19.2492303,241.1,6.16,6.53
4331.8,47.5784582,19.2491781,241.2,6.16,6.52
4336.8,47.5784861,19.2491258,241.4,6.17,6.52
4341.8,47.5785141,19.2490736,241.5,6.17,6.51
4346.8,47.5785420,19.2490213,241.6,6.17,6.51
4351.9,47.5785699,19.2489690,241.8,6.17,6.50
4356.9,47.5785979,19.2489167,241.9,6.18,6.50
4361.9,47.5786258,19.2488644,242.1,6.18,6.49
4366.9,47.5786537,19.2488121,242.2,6.18,6.49
4371.9,47.5786816,19.2487598,242.3,6.18,6.48
