# interlagos: centreline in race direction, 5 m spacing. Source: TUMFTM racetrack-database (LGPL-3.0) geo-referenced onto OpenStreetMap (ODbL); elevation srtm30m via OpenTopoData
# widths are metres from the centreline to the track edge (TUMFTM only, blank for OSM)
s_m,lat,lon,elev_m,w_right_m,w_left_m
0.0,-23.7034791,-46.7000502,754.0,7.24,7.51
5.0,-23.7035227,-46.7000382,753.6,7.16,7.33
10.0,-23.7035663,-46.7000263,753.1,7.07,7.14
15.0,-23.7036100,-46.7000146,752.6,6.98,6.95
20.0,-23.7036537,-46.7000029,752.2,6.90,6.76
25.0,-23.7036974,-46.6999914,751.7,6.81,6.57
30.0,-23.7037411,-46.6999800,751.3,6.73,6.38
35.0,-23.7037848,-46.6999686,750.9,6.86,6.52
40.0,-23.7038286,-46.6999572,750.5,6.96,6.62
45.0,-23.7038723,-46.6999457,750.1,6.94,6.61
50.0,-23.7039160,-46.6999341,749.8,6.93,6.60
55.0,-23.7039596,-46.6999222,749.5,6.92,6.59
60.0,-23.7040032,-46.6999101,749.2,6.90,6.58
65.0,-23.7040467,-46.6998978,748.9,6.89,6.57
70.0,-23.7040902,-46.6998852,748.7,6.88,6.56
75.0,-23.7041336,-46.6998726,748.5,6.86,6.55
80.0,-23.7041770,-46.6998599,748.3,6.85,6.53
85.0,-23.7042205,-46.6998471,748.2,6.83,6.52
90.0,-23.7042639,-46.6998344,748.1,6.82,6.51
95.0,-23.7043073,-46.6998217,748.1,6.81,6.50
100.0,-23.7043508,-46.6998091,748.0,6.79,6.49
105.0,-23.7043943,-46.6997966,748.1,6.78,6.48
110.0,-23.7044377,-46.6997841,748.2,6.77,6.47
115.0,-23.7044812,-46.6997717,748.3,6.75,6.46
120.0,-23.7045248,-46.6997593,748.5,6.74,6.45
125.0,-23.7045683,-46.6997470,748.8,6.73,6.44
130.0,-23.7046118,-46.6997346,749.0,6.71,6.43
135.0,-23.7046553,-46.6997223,749.3,6.70,6.42
140.0,-23.7046988,-46.6997100,749.7,6.68,6.41
145.0,-23.7047424,-46.6996977,750.0,6.67,6.40
150.0,-23.7047859,-46.6996854,750.4,6.66,6.39
155.0,-23.7048294,-46.6996730,750.8,6.64,6.38
160.0,-23.7048729,-46.6996607,751.2,6.63,6.37
165.0,-23.7049164,-46.6996483,751.6,6.62,6.36
170.0,-23.7049599,-46.6996359,752.0,6.60,6.35
175.0,-23.7050034,-46.6996234,752.4,6.59,6.34
180.0,-23.7050469,-46.6996110,752.7,6.57,6.33
185.0,-23.7050904,-46.6995985,753.0,6.56,6.32
190.0,-23.7051339,-46.6995861,753.3,6.55,6.31
195.0,-23.7051774,-46.6995736,753.4,6.53,6.30
200.0,-23.7052209,-46.6995611,753.6,6.52,6.29
205.0,-23.7052644,-46.6995486,753.6,6.51,6.28
210.0,-23.7053078,-46.6995361,753.7,6.49,6.27
215.0,-23.7053513,-46.6995236,753.6,6.48,6.26
220.0,-23.7053948,-46.6995112,753.5,6.46,6.25
225.0,-23.7054383,-46.6994987,753.3,6.45,6.24
230.0,-23.7054818,-46.6994862,753.1,6.44,6.23
235.0,-23.7055253,-46.6994738,752.8,6.42,6.22
240.0,-23.7055688,-46.6994614,752.5,6.41,6.21
245.0,-23.7056123,-46.6994491,752.1,6.40,6.20
250.0,-23.7056558,-46.6994367,751.8,6.38,6.19
255.0,-23.7056994,-46.6994245,751.4,6.37,6.18
260.0,-23.7057429,-46.6994123,751.0,6.36,6.17
265.0,-23.7057865,-46.6994000,750.6,6.34,6.16
270.0,-23.7058299,-46.6993874,750.2,6.33,6.15
275.0,-23.7058732,-46.6993742,749.8,6.31,6.14
280.0,-23.7059163,-46.6993600,749.5,6.00,5.88
285.0,-23.7059590,-46.6993446,749.1,5.60,5.55
290.0,-23.7060012,-46.6993277,748.8,5.20,5.21
295.0,-23.7060427,-46.6993089,748.6,5.26,4.57
300.0,-23.7060829,-46.6992869,748.3,4.88,4.84
305.0,-23.7061214,-46.6992616,748.2,4.82,4.89
310.0,-23.7061594,-46.6992354,748.0,4.88,4.83
315.0,-23.7061976,-46.6992093,748.0,4.91,4.91
320.0,-23.7062350,-46.6991822,747.9,4.92,5.07
325.0,-23.7062707,-46.6991523,748.0,5.23,5.18
330.0,-23.7063035,-46.6991187,748.0,5.67,5.26
335.0,-23.7063327,-46.6990814,748.1,6.33,5.32
340.0,-23.7063573,-46.6990404,748.2,6.46,6.02
345.0,-23.7063768,-46.6989961,748.4,6.43,6.79
350.0,-23.7063912,-46.6989496,748.6,6.70,6.95
355.0,-23.7064017,-46.6989019,748.9,7.05,6.97
360.0,-23.7064094,-46.6988535,749.1,7.29,6.95
365.0,-23.7064137,-46.6988046,749.4,7.20,7.04
370.0,-23.7064122,-46.6987556,749.7,7.19,6.65
375.0,-23.7064013,-46.6987081,750.1,6.91,6.15
380.0,-23.7063795,-46.6986652,750.4,6.34,6.04
385.0,-23.7063507,-46.6986276,750.8,6.09,6.17
390.0,-23.7063186,-46.6985932,751.2,6.13,6.17
395.0,-23.7062856,-46.6985598,751.5,6.16,6.17
400.0,-23.7062527,-46.6985263,751.9,6.19,6.17
405.0,-23.7062199,-46.6984928,752.2,6.23,6.17
410.0,-23.7061873,-46.6984589,752.5,6.26,6.17
415.0,-23.7061550,-46.6984249,752.8,6.29,6.17
420.0,-23.7061229,-46.6983904,753.1,6.22,6.21
425.0,-23.7060912,-46.6983556,753.3,6.09,6.26
430.0,-23.7060602,-46.6983201,753.5,6.03,6.37
435.0,-23.7060307,-46.6982830,753.6,6.20,6.73
440.0,-23.7060042,-46.6982434,753.7,6.38,7.03
445.0,-23.7059821,-46.6982007,753.7,6.56,6.86
450.0,-23.7059656,-46.6981551,753.7,6.70,6.69
455.0,-23.7059541,-46.6981076,753.6,6.67,6.53
460.0,-23.7059476,-46.6980590,753.4,6.28,6.46
465.0,-23.7059467,-46.6980100,753.2,5.43,6.49
470.0,-23.7059544,-46.6979618,753.0,5.44,6.26
475.0,-23.7059712,-46.6979163,752.8,5.78,5.97
480.0,-23.7059928,-46.6978732,752.5,5.87,5.99
485.0,-23.7060163,-46.6978313,752.3,5.96,6.01
490.0,-23.7060405,-46.6977900,752.0,6.05,6.03
495.0,-23.7060644,-46.6977484,751.7,6.14,6.04
500.0,-23.7060874,-46.6977062,751.5,6.23,6.06
505.0,-23.7061095,-46.6976634,751.3,6.31,6.07
510.0,-23.7061305,-46.6976200,751.1,6.35,6.06
515.0,-23.7061503,-46.6975760,750.9,6.37,6.04
520.0,-23.7061691,-46.6975314,750.8,6.39,6.01
525.0,-23.7061867,-46.6974862,750.7,6.41,5.99
530.0,-23.7062031,-46.6974405,750.7,6.46,5.99
535.0,-23.7062183,-46.6973942,750.7,6.54,6.00
540.0,-23.7062321,-46.6973475,750.7,6.59,6.05
545.0,-23.7062446,-46.6973003,750.8,6.48,6.31
550.0,-23.7062557,-46.6972528,750.9,6.36,6.58
555.0,-23.7062654,-46.6972048,751.0,6.30,6.70
560.0,-23.7062736,-46.6971565,751.2,6.31,6.56
564.9,-23.7062803,-46.6971080,751.4,6.35,6.42
569.9,-23.7062855,-46.6970592,751.6,6.47,6.26
574.9,-23.7062891,-46.6970103,751.7,6.63,6.08
579.9,-23.7062911,-46.6969612,751.9,6.69,5.98
584.9,-23.7062915,-46.6969121,752.1,6.56,6.00
589.9,-23.7062903,-46.6968630,752.2,6.45,6.03
594.9,-23.7062875,-46.6968140,752.3,6.41,6.05
599.9,-23.7062829,-46.6967652,752.4,6.40,6.08
604.9,-23.7062767,-46.6967166,752.4,6.38,6.11
609.9,-23.7062687,-46.6966683,752.3,6.30,6.22
614.9,-23.7062589,-46.6966203,752.2,6.16,6.37
619.9,-23.7062473,-46.6965729,752.1,6.10,6.45
624.9,-23.7062339,-46.6965260,751.8,6.35,6.17
629.9,-23.7062187,-46.6964798,751.6,6.60,5.87
634.9,-23.7062016,-46.6964344,751.2,6.79,5.65
639.9,-23.7061828,-46.6963898,750.9,6.63,5.75
644.9,-23.7061622,-46.6963462,750.5,6.30,5.99
649.9,-23.7061399,-46.6963035,750.0,6.01,6.21
654.9,-23.7061161,-46.6962619,749.6,5.97,6.25
659.9,-23.7060909,-46.6962212,749.1,6.15,6.12
664.9,-23.7060646,-46.6961814,748.6,6.31,6.00
669.9,-23.7060371,-46.6961426,748.1,6.36,5.92
674.9,-23.7060084,-46.6961048,747.5,6.36,5.87
679.9,-23.7059785,-46.6960682,747.0,6.36,5.84
684.9,-23.7059473,-46.6960328,746.4,6.36,5.88
689.9,-23.7059148,-46.6959988,745.9,6.37,5.93
694.9,-23.7058811,-46.6959664,745.3,6.38,5.99
699.9,-23.7058461,-46.6959355,744.8,6.36,6.06
704.9,-23.7058100,-46.6959063,744.2,6.32,6.15
709.9,-23.7057730,-46.6958784,743.7,6.28,6.24
714.9,-23.7057352,-46.6958518,743.1,6.29,6.28
719.9,-23.7056967,-46.6958264,742.6,6.37,6.21
724.9,-23.7056578,-46.6958019,742.1,6.45,6.13
729.9,-23.7056184,-46.6957782,741.7,6.52,6.08
734.9,-23.7055786,-46.6957554,741.3,6.55,6.11
739.9,-23.7055381,-46.6957340,740.9,6.56,6.15
744.9,-23.7054968,-46.6957145,740.6,6.55,6.18
749.9,-23.7054547,-46.6956974,740.4,6.40,6.16
754.9,-23.7054119,-46.6956824,740.2,6.20,6.12
759.9,-23.7053687,-46.6956687,740.1,5.99,6.04
764.9,-23.7053254,-46.6956554,740.2,5.73,5.80
769.9,-23.7052822,-46.6956419,740.2,5.44,5.47
774.9,-23.7052391,-46.6956281,740.4,5.16,5.15
779.9,-23.7051960,-46.6956140,740.5,4.94,4.89
784.9,-23.7051530,-46.6955995,740.8,4.90,4.81
789.9,-23.7051101,-46.6955848,741.1,4.87,4.73
794.9,-23.7050674,-46.6955696,741.4,4.84,4.64
799.9,-23.7050247,-46.6955541,741.8,4.80,4.56
804.9,-23.7049821,-46.6955385,742.2,4.77,4.48
809.9,-23.7049393,-46.6955235,742.6,4.73,4.40
814.9,-23.7048962,-46.6955096,743.1,4.70,4.32
819.9,-23.7048527,-46.6954969,743.5,4.69,4.28
824.9,-23.7048091,-46.6954851,744.0,4.82,4.45
829.9,-23.7047654,-46.6954735,744.4,5.04,4.79
834.9,-23.7047217,-46.6954619,744.9,5.27,5.14
839.9,-23.7046780,-46.6954501,745.5,5.50,5.48
844.9,-23.7046344,-46.6954383,746.0,5.72,5.82
849.9,-23.7045908,-46.6954263,746.5,5.95,6.16
854.9,-23.7045472,-46.6954143,747.1,6.15,6.47
859.9,-23.7045036,-46.6954022,747.7,6.23,6.58
864.9,-23.7044601,-46.6953900,748.2,6.12,6.44
869.9,-23.7044166,-46.6953777,748.8,6.02,6.30
874.9,-23.7043730,-46.6953653,749.4,5.92,6.16
879.9,-23.7043295,-46.6953529,750.0,5.81,6.02
884.9,-23.7042861,-46.6953404,750.5,5.71,5.88
889.9,-23.7042426,-46.6953279,751.0,5.60,5.74
894.9,-23.7041991,-46.6953153,751.5,5.50,5.60
899.9,-23.7041557,-46.6953026,752.0,5.40,5.46
904.9,-23.7041123,-46.6952899,752.3,5.29,5.32
909.9,-23.7040688,-46.6952772,752.7,5.19,5.18
914.9,-23.7040254,-46.6952644,753.0,5.10,5.05
919.9,-23.7039820,-46.6952516,753.2,5.04,4.99
924.9,-23.7039386,-46.6952388,753.4,5.01,4.96
929.9,-23.7038952,-46.6952259,753.6,4.99,4.94
934.9,-23.7038518,-46.6952130,753.6,4.96,4.91
939.9,-23.7038084,-46.6952002,753.7,4.93,4.89
944.9,-23.7037651,-46.6951873,753.7,4.91,4.87
949.9,-23.7037217,-46.6951744,753.7,4.88,4.84
954.9,-23.7036783,-46.6951615,753.7,4.85,4.82
959.9,-23.7036349,-46.6951486,753.7,4.83,4.80
964.9,-23.7035915,-46.6951358,753.8,4.80,4.77
969.9,-23.7035481,-46.6951229,753.8,4.77,4.75
974.9,-23.7035047,-46.6951101,753.9,4.74,4.73
979.9,-23.7034613,-46.6950973,754.0,4.72,4.70
984.9,-23.7034179,-46.6950845,754.2,4.69,4.68
989.9,-23.7033745,-46.6950717,754.3,4.66,4.66
994.9,-23.7033311,-46.6950590,754.6,4.64,4.63
999.9,-23.7032876,-46.6950462,754.8,4.61,4.61
1004.9,-23.7032442,-46.6950335,755.1,4.59,4.59
1009.9,-23.7032008,-46.6950208,755.4,4.58,4.59
1014.9,-23.7031574,-46.6950081,755.8,4.58,4.59
1019.9,-23.7031139,-46.6949954,756.2,4.57,4.59
1024.9,-23.7030705,-46.6949827,756.6,4.57,4.59
1029.9,-23.7030271,-46.6949700,757.0,4.57,4.59
1034.9,-23.7029836,-46.6949573,757.4,4.56,4.60
1039.9,-23.7029402,-46.6949446,757.8,4.56,4.60
1044.9,-23.7028968,-46.6949319,758.2,4.56,4.60
1049.9,-23.7028533,-46.6949192,758.6,4.55,4.60
1054.9,-23.7028099,-46.6949066,758.9,4.55,4.60
1059.9,-23.7027664,-46.6948939,759.3,4.54,4.60
1064.9,-23.7027230,-46.6948812,759.7,4.54,4.60
1069.9,-23.7026796,-46.6948685,760.0,4.54,4.60
1074.9,-23.7026361,-46.6948559,760.4,4.53,4.60
1079.9,-23.7025927,-46.6948432,760.8,4.53,4.60
1084.9,-23.7025492,-46.6948305,761.1,4.53,4.60
1089.9,-23.7025058,-46.6948178,761.5,4.52,4.61
1094.9,-23.7024624,-46.6948051,761.9,4.52,4.61
1099.9,-23.7024189,-46.6947924,762.3,4.52,4.61
1104.9,-23.7023755,-46.6947797,762.7,4.51,4.61
1109.9,-23.7023321,-46.6947670,763.1,4.51,4.61
1114.9,-23.7022887,-46.6947542,763.6,4.51,4.61
1119.9,-23.7022452,-46.6947415,764.1,4.50,4.61
1124.9,-23.7022018,-46.6947288,764.6,4.50,4.61
1129.9,-23.7021584,-46.6947160,765.1,4.49,4.61
1134.9,-23.7021150,-46.6947033,765.7,4.49,4.61
1139.9,-23.7020716,-46.6946905,766.3,4.49,4.62
1144.9,-23.7020282,-46.6946777,766.8,4.48,4.62
1149.9,-23.7019847,-46.6946649,767.4,4.48,4.62
1154.9,-23.7019413,-46.6946521,768.0,4.48,4.62
1159.9,-23.7018979,-46.6946393,768.6,4.47,4.62
1164.9,-23.7018545,-46.6946265,769.2,4.47,4.62
1169.9,-23.7018111,-46.6946137,769.7,4.47,4.62
1174.9,-23.7017677,-46.6946009,770.3,4.46,4.62
1179.9,-23.7017243,-46.6945881,770.9,4.47,4.63
1184.9,-23.7016809,-46.6945752,771.4,4.49,4.64
1189.9,-23.7016375,-46.6945624,772.0,4.54,4.67
1194.9,-23.7015941,-46.6945496,772.6,4.58,4.70
1199.9,-23.7015507,-46.6945367,773.2,4.63,4.73
1204.9,-23.7015073,-46.6945238,773.9,4.67,4.76
1209.9,-23.7014639,-46.6945110,774.5,4.71,4.79
1214.9,-23.7014206,-46.6944981,775.2,4.76,4.82
1219.9,-23.7013772,-46.6944852,775.9,4.80,4.84
1224.9,-23.7013338,-46.6944723,776.6,4.85,4.87
1229.9,-23.7012904,-46.6944594,777.3,4.89,4.90
1234.9,-23.7012470,-46.6944465,778.1,4.94,4.93
1239.9,-23.7012036,-46.6944336,778.8,4.98,4.96
1244.9,-23.7011603,-46.6944207,779.5,5.02,4.99
1249.9,-23.7011169,-46.6944078,780.1,5.07,5.02
1254.9,-23.7010735,-46.6943948,780.8,5.11,5.04
1259.9,-23.7010301,-46.6943819,781.4,5.16,5.07
1264.9,-23.7009867,-46.6943690,781.9,5.20,5.10
1269.9,-23.7009434,-46.6943561,782.4,5.24,5.13
1274.9,-23.7009000,-46.6943432,782.8,5.28,5.15
1279.9,-23.7008566,-46.6943302,783.3,5.29,5.17
1284.9,-23.7008132,-46.6943173,783.6,5.29,5.18
1289.9,-23.7007699,-46.6943044,783.9,5.30,5.20
1294.9,-23.7007265,-46.6942915,784.1,5.31,5.21
1299.9,-23.7006831,-46.6942786,784.3,5.32,5.23
1304.9,-23.7006397,-46.6942658,784.5,5.33,5.24
1309.9,-23.7005963,-46.6942529,784.7,5.34,5.26
1314.9,-23.7005529,-46.6942401,784.8,5.34,5.27
1319.9,-23.7005095,-46.6942272,784.9,5.35,5.29
1324.9,-23.7004661,-46.6942144,785.0,5.36,5.30
1329.9,-23.7004227,-46.6942016,785.1,5.37,5.32
1334.9,-23.7003793,-46.6941888,785.2,5.38,5.33
1339.9,-23.7003359,-46.6941760,785.2,5.39,5.35
1344.9,-23.7002925,-46.6941633,785.4,5.40,5.36
1349.9,-23.7002490,-46.6941505,785.5,5.40,5.38
1354.9,-23.7002056,-46.6941378,785.6,5.41,5.39
1359.9,-23.7001622,-46.6941252,785.7,5.42,5.40
1364.9,-23.7001187,-46.6941125,785.9,5.43,5.40
1369.9,-23.7000752,-46.6941000,786.0,5.44,5.35
1374.9,-23.7000316,-46.6940884,786.1,5.45,5.30
1379.9,-23.6999875,-46.6940789,786.3,5.53,5.30
1384.9,-23.6999429,-46.6940729,786.4,5.78,5.45
1389.9,-23.6998980,-46.6940712,786.6,5.98,5.56
1394.9,-23.6998531,-46.6940735,786.7,6.11,5.70
1399.9,-23.6998084,-46.6940787,786.8,6.24,6.06
1404.9,-23.6997640,-46.6940864,786.8,6.41,6.45
1409.9,-23.6997202,-46.6940973,786.9,6.59,6.89
1414.9,-23.6996777,-46.6941132,786.9,6.86,7.32
1419.9,-23.6996378,-46.6941354,786.9,7.41,7.09
1424.9,-23.6996017,-46.6941646,786.8,7.81,6.97
1429.9,-23.6995701,-46.6941994,786.8,7.85,7.06
1434.9,-23.6995428,-46.6942383,786.7,7.54,7.00
1439.9,-23.6995197,-46.6942804,786.7,6.87,6.80
1444.9,-23.6995004,-46.6943247,786.6,6.34,6.46
1449.9,-23.6994844,-46.6943706,786.5,5.97,6.04
1454.9,-23.6994712,-46.6944175,786.5,5.85,5.80
1459.9,-23.6994599,-46.6944650,786.4,6.09,5.83
1464.9,-23.6994500,-46.6945129,786.4,6.30,5.86
1469.9,-23.6994409,-46.6945610,786.4,6.40,5.87
1474.9,-23.6994322,-46.6946092,786.4,6.38,5.86
1479.9,-23.6994238,-46.6946574,786.4,6.37,5.85
1484.9,-23.6994156,-46.6947057,786.5,6.35,5.84
1489.9,-23.6994077,-46.6947540,786.6,6.33,5.83
1494.9,-23.6994001,-46.6948024,786.7,6.32,5.82
1499.9,-23.6993928,-46.6948509,786.8,6.30,5.81
1504.9,-23.6993857,-46.6948994,787.0,6.28,5.80
1509.9,-23.6993789,-46.6949479,787.1,6.27,5.79
1514.9,-23.6993726,-46.6949965,787.3,6.25,5.77
1519.9,-23.6993668,-46.6950452,787.5,6.23,5.72
1524.9,-23.6993617,-46.6950940,787.7,6.21,5.67
1529.9,-23.6993574,-46.6951429,787.9,6.20,5.63
1534.9,-23.6993541,-46.6951919,788.1,6.18,5.58
1539.9,-23.6993519,-46.6952409,788.4,6.16,5.53
1544.9,-23.6993509,-46.6952900,788.6,6.15,5.47
1549.9,-23.6993511,-46.6953391,788.8,6.14,5.40
1554.9,-23.6993525,-46.6953882,788.9,6.13,5.32
1559.9,-23.6993553,-46.6954372,789.1,6.12,5.25
1564.9,-23.6993604,-46.6954859,789.3,6.11,5.18
1569.9,-23.6993689,-46.6955341,789.4,6.08,5.19
1574.9,-23.6993810,-46.6955814,789.6,6.02,5.33
1579.9,-23.6993959,-46.6956277,789.7,5.95,5.47
1584.9,-23.6994121,-46.6956735,789.8,5.89,5.61
1589.9,-23.6994280,-46.6957194,789.8,5.82,5.70
1594.9,-23.6994430,-46.6957657,789.9,5.76,5.66
1599.9,-23.6994574,-46.6958122,789.9,5.69,5.62
1604.9,-23.6994717,-46.6958588,789.9,5.63,5.58
1609.9,-23.6994866,-46.6959051,789.9,5.58,5.55
1614.9,-23.6995031,-46.6959507,789.8,5.66,5.63
1619.9,-23.6995224,-46.6959950,789.7,5.93,5.73
1624.9,-23.6995451,-46.6960374,789.5,6.09,5.69
1629.9,-23.6995703,-46.6960781,789.4,6.02,5.75
1634.9,-23.6995969,-46.6961177,789.1,5.85,5.86
1639.9,-23.6996238,-46.6961570,788.9,5.80,5.89
1644.9,-23.6996512,-46.6961960,788.6,5.94,5.79
1649.9,-23.6996796,-46.6962339,788.4,6.01,5.67
1654.9,-23.6997099,-46.6962702,788.0,5.91,5.51
1659.9,-23.6997423,-46.6963043,787.7,5.76,5.34
1664.9,-23.6997763,-46.6963364,787.3,5.64,5.21
1669.9,-23.6998113,-46.6963672,786.9,5.55,5.17
1674.9,-23.6998468,-46.6963973,786.5,5.48,5.16
1679.9,-23.6998828,-46.6964268,786.1,5.41,5.15
1684.9,-23.6999190,-46.6964559,785.6,5.35,5.15
1689.9,-23.6999555,-46.6964846,785.2,5.33,5.17
1694.8,-23.6999922,-46.6965130,784.6,5.34,5.21
1699.8,-23.7000290,-46.6965411,784.1,5.35,5.24
1704.8,-23.7000659,-46.6965692,783.5,5.35,5.28
1709.8,-23.7001029,-46.6965971,782.9,5.36,5.32
1714.8,-23.7001399,-46.6966250,782.2,5.37,5.36
1719.8,-23.7001769,-46.6966528,781.6,5.38,5.40
1724.8,-23.7002140,-46.6966806,780.8,5.38,5.44
1729.8,-23.7002511,-46.6967083,780.1,5.39,5.47
1734.8,-23.7002882,-46.6967360,779.3,5.39,5.49
1739.8,-23.7003253,-46.6967638,778.6,5.39,5.50
1744.8,-23.7003624,-46.6967915,777.7,5.39,5.51
1749.8,-23.7003995,-46.6968193,776.9,5.38,5.52
1754.8,-23.7004366,-46.6968471,776.1,5.38,5.53
1759.8,-23.7004736,-46.6968749,775.3,5.38,5.54
1764.8,-23.7005106,-46.6969028,774.6,5.38,5.56
1769.8,-23.7005476,-46.6969308,773.8,5.38,5.57
1774.8,-23.7005845,-46.6969588,773.1,5.38,5.58
1779.8,-23.7006213,-46.6969870,772.4,5.38,5.59
1784.8,-23.7006581,-46.6970152,771.8,5.38,5.60
1789.8,-23.7006949,-46.6970434,771.2,5.38,5.62
1794.8,-23.7007316,-46.6970718,770.6,5.37,5.63
1799.8,-23.7007683,-46.6971002,770.1,5.37,5.64
1804.8,-23.7008049,-46.6971287,769.7,5.38,5.65
1809.8,-23.7008415,-46.6971572,769.2,5.39,5.66
1814.8,-23.7008780,-46.6971858,768.8,5.40,5.66
1819.8,-23.7009145,-46.6972145,768.4,5.41,5.66
1824.8,-23.7009510,-46.6972432,768.1,5.43,5.67
1829.8,-23.7009874,-46.6972720,767.7,5.44,5.67
1834.8,-23.7010238,-46.6973008,767.4,5.46,5.68
1839.8,-23.7010602,-46.6973297,767.1,5.47,5.68
1844.8,-23.7010965,-46.6973586,766.7,5.48,5.68
1849.8,-23.7011329,-46.6973876,766.4,5.50,5.69
1854.8,-23.7011691,-46.6974165,766.1,5.51,5.69
1859.8,-23.7012054,-46.6974456,765.8,5.51,5.70
1864.8,-23.7012417,-46.6974746,765.5,5.51,5.72
1869.8,-23.7012779,-46.6975037,765.2,5.51,5.73
1874.8,-23.7013141,-46.6975328,764.9,5.51,5.75
1879.8,-23.7013503,-46.6975620,764.6,5.51,5.76
1884.8,-23.7013864,-46.6975911,764.3,5.51,5.78
1889.8,-23.7014226,-46.6976203,764.0,5.51,5.79
1894.8,-23.7014588,-46.6976495,763.6,5.51,5.81
1899.8,-23.7014949,-46.6976787,763.3,5.51,5.82
1904.8,-23.7015310,-46.6977080,762.9,5.50,5.84
1909.8,-23.7015672,-46.6977372,762.5,5.50,5.85
1914.8,-23.7016033,-46.6977664,762.1,5.50,5.87
1919.8,-23.7016394,-46.6977957,761.7,5.50,5.88
1924.8,-23.7016755,-46.6978250,761.3,5.50,5.90
1929.8,-23.7017116,-46.6978543,760.8,5.50,5.91
1934.8,-23.7017476,-46.6978836,760.4,5.50,5.93
1939.8,-23.7017837,-46.6979129,759.9,5.50,5.94
1944.8,-23.7018197,-46.6979423,759.4,5.50,5.96
1949.8,-23.7018558,-46.6979716,758.9,5.49,5.97
1954.8,-23.7018918,-46.6980011,758.4,5.49,5.99
1959.8,-23.7019277,-46.6980305,757.9,5.49,6.01
1964.8,-23.7019637,-46.6980600,757.4,5.49,6.02
1969.8,-23.7019996,-46.6980895,756.9,5.49,6.04
1974.8,-23.7020355,-46.6981191,756.4,5.49,6.05
1979.8,-23.7020712,-46.6981489,755.8,5.49,6.07
1984.8,-23.7021067,-46.6981792,755.3,5.50,6.02
1989.8,-23.7021416,-46.6982101,754.7,5.56,5.84
1994.8,-23.7021757,-46.6982420,754.2,5.63,5.62
1999.8,-23.7022089,-46.6982751,753.7,5.64,5.46
2004.8,-23.7022409,-46.6983096,753.1,5.60,5.48
2009.8,-23.7022714,-46.6983457,752.6,5.64,5.58
2014.8,-23.7023003,-46.6983833,752.1,5.67,5.57
2019.8,-23.7023273,-46.6984225,751.6,5.63,5.43
2024.8,-23.7023521,-46.6984635,751.1,5.44,5.66
2029.8,-23.7023729,-46.6985069,750.6,5.25,6.11
2034.8,-23.7023861,-46.6985535,750.2,5.35,6.03
2039.8,-23.7023925,-46.6986021,749.7,5.42,5.84
2044.8,-23.7023962,-46.6986510,749.3,5.48,5.66
2049.8,-23.7023988,-46.6987000,748.9,5.51,5.48
2054.8,-23.7024002,-46.6987491,748.6,5.57,5.45
2059.8,-23.7024005,-46.6987982,748.2,5.69,5.65
2064.8,-23.7023995,-46.6988473,748.0,5.78,5.85
2069.8,-23.7023971,-46.6988963,747.7,5.76,5.88
2074.8,-23.7023933,-46.6989453,747.6,5.72,5.85
2079.8,-23.7023880,-46.6989940,747.4,5.76,5.85
2084.8,-23.7023811,-46.6990425,747.3,5.79,5.93
2089.8,-23.7023722,-46.6990906,747.3,5.65,6.14
2094.8,-23.7023613,-46.6991383,747.4,5.59,6.24
2099.8,-23.7023482,-46.6991852,747.5,5.82,6.04
2104.8,-23.7023328,-46.6992313,747.7,6.01,5.84
2109.8,-23.7023149,-46.6992764,747.9,5.97,5.80
2114.8,-23.7022949,-46.6993203,748.2,5.77,5.87
2119.8,-23.7022734,-46.6993634,748.6,5.61,5.91
2124.8,-23.7022512,-46.6994061,749.0,5.58,5.89
2129.8,-23.7022286,-46.6994486,749.4,5.75,5.77
2134.8,-23.7022057,-46.6994909,749.9,5.96,5.74
2139.8,-23.7021820,-46.6995326,750.4,6.07,5.97
2144.8,-23.7021570,-46.6995734,750.9,6.09,6.34
2149.8,-23.7021302,-46.6996128,751.4,6.06,6.56
2154.8,-23.7021013,-46.6996503,751.9,6.04,6.59
2159.8,-23.7020699,-46.6996854,752.4,6.11,6.38
2164.8,-23.7020360,-46.6997177,752.8,6.14,6.04
2169.8,-23.7019999,-46.6997468,753.2,5.81,5.73
2174.8,-23.7019616,-46.6997725,753.6,5.18,5.46
2179.8,-23.7019216,-46.6997948,753.9,4.77,5.30
2184.8,-23.7018803,-46.6998143,754.1,4.73,5.29
2189.8,-23.7018384,-46.6998319,754.3,4.95,5.32
2194.8,-23.7017961,-46.6998485,754.5,5.18,5.39
2199.8,-23.7017535,-46.6998644,754.6,5.20,5.45
2204.8,-23.7017106,-46.6998790,754.7,5.18,5.51
2209.8,-23.7016672,-46.6998920,754.8,5.16,5.56
2214.8,-23.7016234,-46.6999031,754.9,5.15,5.62
2219.8,-23.7015793,-46.6999126,754.9,5.14,5.64
2224.8,-23.7015350,-46.6999210,755.0,5.15,5.58
2229.8,-23.7014906,-46.6999286,755.0,5.15,5.52
2234.8,-23.7014461,-46.6999357,755.0,5.16,5.46
2239.8,-23.7014017,-46.6999429,755.1,5.17,5.40
2244.8,-23.7013572,-46.6999505,755.1,5.18,5.34
2249.8,-23.7013129,-46.6999585,755.2,5.19,5.28
2254.8,-23.7012686,-46.6999667,755.2,5.19,5.22
2259.8,-23.7012242,-46.6999750,755.3,5.20,5.16
2264.8,-23.7011799,-46.6999832,755.4,5.21,5.10
2269.8,-23.7011355,-46.6999911,755.5,5.22,5.04
2274.8,-23.7010911,-46.6999984,755.6,5.23,4.98
2279.8,-23.7010465,-46.7000051,755.8,5.16,4.95
2284.8,-23.7010019,-46.7000108,755.9,4.97,4.99
2289.8,-23.7009571,-46.7000154,756.1,4.73,5.04
2294.8,-23.7009123,-46.7000188,756.3,4.61,5.11
2299.8,-23.7008673,-46.7000206,756.5,4.69,5.19
2304.8,-23.7008224,-46.7000208,756.8,4.82,5.28
2309.8,-23.7007775,-46.7000189,757.1,5.04,5.38
2314.8,-23.7007328,-46.7000136,757.4,5.35,5.53
2319.8,-23.7006893,-46.7000019,757.7,5.63,5.98
2324.8,-23.7006491,-46.6999806,758.1,5.95,6.46
2329.8,-23.7006147,-46.6999495,758.4,6.55,6.30
2334.8,-23.7005860,-46.6999119,758.8,6.49,6.37
2339.8,-23.7005619,-46.6998706,759.2,6.26,6.95
2344.8,-23.7005419,-46.6998266,759.7,6.69,7.13
2349.8,-23.7005266,-46.6997806,760.1,7.11,6.89
2354.8,-23.7005168,-46.6997328,760.5,7.15,6.79
2359.8,-23.7005143,-46.6996839,761.0,6.74,6.93
2364.8,-23.7005197,-46.6996354,761.4,6.21,6.90
2369.8,-23.7005321,-46.6995883,761.8,5.76,6.67
2374.8,-23.7005497,-46.6995432,762.1,5.69,6.23
2379.8,-23.7005714,-46.6995002,762.5,5.80,5.83
2384.8,-23.7005958,-46.6994590,762.8,5.71,5.72
2389.8,-23.7006222,-46.6994193,763.1,5.54,5.71
2394.8,-23.7006494,-46.6993802,763.3,5.38,5.70
2399.8,-23.7006767,-46.6993412,763.5,5.21,5.69
2404.8,-23.7007032,-46.6993015,763.7,5.30,5.58
2409.8,-23.7007280,-46.6992606,763.9,5.61,5.39
2414.8,-23.7007504,-46.6992180,764.1,5.71,5.30
2419.8,-23.7007698,-46.6991738,764.3,5.66,5.35
2424.8,-23.7007857,-46.6991279,764.5,5.65,5.50
2429.8,-23.7007976,-46.6990806,764.7,5.70,5.62
2434.8,-23.7008048,-46.6990322,764.9,5.80,5.59
2439.8,-23.7008066,-46.6989832,765.1,5.95,5.40
2444.8,-23.7008026,-46.6989344,765.4,5.96,5.40
2449.8,-23.7007926,-46.6988867,765.7,5.67,5.84
2454.8,-23.7007763,-46.6988410,766.0,5.77,5.78
2459.8,-23.7007536,-46.6987989,766.3,6.05,5.46
2464.8,-23.7007248,-46.6987614,766.6,5.94,5.59
2469.8,-23.7006913,-46.6987287,766.9,5.62,5.83
2474.8,-23.7006545,-46.6987007,767.2,5.64,5.81
2479.8,-23.7006153,-46.6986768,767.6,5.93,5.63
2484.8,-23.7005741,-46.6986572,767.9,6.00,5.62
2489.8,-23.7005314,-46.6986419,768.2,6.01,5.68
2494.8,-23.7004877,-46.6986309,768.5,6.11,5.72
2499.8,-23.7004432,-46.6986243,768.7,6.05,5.77
2504.8,-23.7003983,-46.6986222,769.0,5.86,5.79
2509.8,-23.7003534,-46.6986247,769.2,5.65,5.72
2514.8,-23.7003089,-46.6986315,769.4,5.59,5.48
2519.8,-23.7002652,-46.6986427,769.6,5.59,5.22
2524.8,-23.7002225,-46.6986579,769.7,5.45,5.19
2529.8,-23.7001811,-46.6986771,769.9,5.35,5.25
2534.8,-23.7001414,-46.6986999,770.0,5.35,5.24
2539.8,-23.7001036,-46.6987264,770.2,5.41,5.14
2544.8,-23.7000679,-46.6987562,770.3,5.48,5.01
2549.8,-23.7000343,-46.6987888,770.5,5.43,4.95
2554.8,-23.7000022,-46.6988232,770.6,5.32,4.94
2559.8,-23.6999708,-46.6988584,770.8,5.21,4.93
2564.8,-23.6999396,-46.6988937,771.0,5.09,4.92
2569.8,-23.6999082,-46.6989288,771.2,4.98,4.91
2574.8,-23.6998768,-46.6989639,771.4,4.88,4.91
2579.8,-23.6998452,-46.6989989,771.7,4.81,4.90
2584.8,-23.6998136,-46.6990339,772.0,4.77,4.90
2589.8,-23.6997819,-46.6990687,772.3,4.72,4.90
2594.8,-23.6997500,-46.6991033,772.8,4.68,4.90
2599.8,-23.6997178,-46.6991376,773.2,4.63,4.90
2604.8,-23.6996853,-46.6991715,773.7,4.69,4.96
2609.8,-23.6996524,-46.6992049,774.3,4.84,5.07
2614.8,-23.6996190,-46.6992378,774.9,5.01,5.18
2619.8,-23.6995851,-46.6992700,775.6,5.17,5.30
2624.8,-23.6995505,-46.6993015,776.4,5.33,5.35
2629.8,-23.6995154,-46.6993321,777.2,5.47,5.36
2634.8,-23.6994796,-46.6993617,778.1,5.53,5.42
2639.8,-23.6994430,-46.6993903,779.0,5.51,5.56
2644.8,-23.6994057,-46.6994177,780.1,5.45,5.78
2649.8,-23.6993676,-46.6994437,781.1,5.40,5.92
2654.8,-23.6993284,-46.6994679,782.1,5.41,5.79
2659.8,-23.6992882,-46.6994898,783.2,5.42,5.59
2664.8,-23.6992468,-46.6995088,784.2,5.41,5.44
2669.8,-23.6992044,-46.6995252,785.3,5.33,5.28
2674.8,-23.6991614,-46.6995393,786.3,5.13,5.08
2679.8,-23.6991179,-46.6995520,787.3,4.97,4.98
2684.8,-23.6990743,-46.6995638,788.1,4.98,5.09
2689.8,-23.6990305,-46.6995750,789.0,5.05,5.21
2694.8,-23.6989867,-46.6995859,789.6,5.12,5.25
2699.8,-23.6989429,-46.6995968,790.3,5.19,5.27
2704.8,-23.6988991,-46.6996080,790.7,5.26,5.29
2709.8,-23.6988554,-46.6996196,791.2,5.37,5.37
2714.8,-23.6988118,-46.6996317,791.4,5.51,5.48
2719.8,-23.6987680,-46.6996429,791.7,5.60,5.62
2724.8,-23.6987238,-46.6996516,791.8,5.57,5.80
2729.8,-23.6986791,-46.6996558,791.9,5.47,6.02
2734.8,-23.6986343,-46.6996535,791.9,5.42,6.31
2739.8,-23.6985908,-46.6996421,791.9,5.62,6.67
2744.8,-23.6985517,-46.6996187,791.8,6.39,6.65
2749.8,-23.6985204,-46.6995840,791.8,6.87,6.59
2754.8,-23.6984962,-46.6995428,791.7,6.83,6.75
2759.8,-23.6984761,-46.6994989,791.6,6.78,6.97
2764.8,-23.6984580,-46.6994540,791.6,6.85,7.21
2769.8,-23.6984419,-46.6994081,791.6,7.15,6.97
2774.8,-23.6984303,-46.6993608,791.5,6.97,6.90
2779.8,-23.6984282,-46.6993121,791.5,6.34,7.08
2784.8,-23.6984402,-46.6992654,791.5,5.54,6.36
2789.8,-23.6984655,-46.6992253,791.5,5.08,5.22
2794.8,-23.6984982,-46.6991917,791.5,5.05,4.94
2799.8,-23.6985326,-46.6991602,791.5,5.14,5.01
2804.8,-23.6985671,-46.6991287,791.5,5.23,5.11
2809.8,-23.6986015,-46.6990971,791.5,5.23,5.13
2814.8,-23.6986358,-46.6990653,791.4,5.13,5.06
2819.8,-23.6986699,-46.6990333,791.3,5.01,4.98
2824.7,-23.6987039,-46.6990012,791.3,4.89,4.90
2829.7,-23.6987379,-46.6989691,791.2,4.77,4.82
2834.7,-23.6987719,-46.6989370,791.0,4.65,4.74
2839.7,-23.6988060,-46.6989049,790.9,4.53,4.66
2844.7,-23.6988402,-46.6988730,790.8,4.53,4.58
2849.7,-23.6988745,-46.6988413,790.6,4.59,4.52
2854.7,-23.6989089,-46.6988096,790.4,4.65,4.45
2859.7,-23.6989431,-46.6987779,790.3,4.71,4.39
2864.7,-23.6989772,-46.6987459,790.1,4.76,4.32
2869.7,-23.6990110,-46.6987134,789.9,4.82,4.25
2874.7,-23.6990443,-46.6986804,789.7,4.82,4.43
2879.7,-23.6990769,-46.6986467,789.6,4.79,4.69
2884.7,-23.6991088,-46.6986121,789.4,4.76,4.95
2889.7,-23.6991398,-46.6985764,789.3,4.88,5.13
2894.7,-23.6991695,-46.6985396,789.2,5.06,5.27
2899.7,-23.6991979,-46.6985016,789.1,5.11,5.32
2904.7,-23.6992247,-46.6984622,789.1,5.05,5.31
2909.7,-23.6992497,-46.6984213,789.1,5.41,5.06
2914.7,-23.6992725,-46.6983790,789.2,5.75,4.87
2919.7,-23.6992932,-46.6983354,789.3,5.70,5.03
2924.7,-23.6993116,-46.6982907,789.5,5.59,5.21
2929.7,-23.6993279,-46.6982449,789.7,5.56,5.32
2934.7,-23.6993422,-46.6981984,789.9,5.58,5.47
2939.7,-23.6993545,-46.6981511,790.2,5.65,5.68
2944.7,-23.6993649,-46.6981034,790.5,5.73,5.85
2949.7,-23.6993735,-46.6980552,790.9,5.83,5.95
2954.7,-23.6993803,-46.6980067,791.2,5.91,5.95
2959.7,-23.6993853,-46.6979579,791.6,5.96,5.85
2964.7,-23.6993884,-46.6979089,792.0,6.03,5.83
2969.7,-23.6993897,-46.6978598,792.3,6.10,5.94
2974.7,-23.6993892,-46.6978107,792.6,6.18,5.98
2979.7,-23.6993869,-46.6977617,792.9,6.25,5.95
2984.7,-23.6993829,-46.6977128,793.1,6.21,5.98
2989.7,-23.6993771,-46.6976641,793.3,6.06,6.10
2994.7,-23.6993698,-46.6976157,793.4,5.98,6.04
2999.7,-23.6993608,-46.6975675,793.4,5.95,5.91
3004.7,-23.6993499,-46.6975199,793.4,5.99,5.73
3009.7,-23.6993365,-46.6974731,793.3,6.02,5.59
3014.7,-23.6993199,-46.6974274,793.1,5.93,5.80
3019.7,-23.6992999,-46.6973835,792.9,5.94,5.95
3024.7,-23.6992767,-46.6973415,792.5,6.17,5.82
3029.7,-23.6992507,-46.6973014,792.2,6.26,5.74
3034.7,-23.6992222,-46.6972635,791.8,6.13,5.75
3039.7,-23.6991915,-46.6972276,791.3,5.98,5.79
3044.7,-23.6991591,-46.6971936,790.8,5.89,5.68
3049.7,-23.6991254,-46.6971612,790.3,5.86,5.45
3054.7,-23.6990905,-46.6971301,789.7,5.70,5.28
3059.7,-23.6990548,-46.6971003,789.1,5.40,5.19
3064.7,-23.6990184,-46.6970714,788.4,5.06,5.11
3069.7,-23.6989815,-46.6970435,787.8,5.00,5.09
3074.7,-23.6989441,-46.6970162,787.2,5.07,5.09
3079.7,-23.6989064,-46.6969894,786.5,5.16,5.10
3084.7,-23.6988686,-46.6969628,785.9,5.25,5.11
3089.7,-23.6988307,-46.6969364,785.3,5.33,5.11
3094.7,-23.6987927,-46.6969102,784.8,5.35,5.11
3099.7,-23.6987546,-46.6968841,784.2,5.35,5.11
3104.7,-23.6987165,-46.6968580,783.8,5.35,5.10
3109.7,-23.6986784,-46.6968320,783.3,5.35,5.10
3114.7,-23.6986402,-46.6968061,782.9,5.34,5.09
3119.7,-23.6986020,-46.6967801,782.5,5.34,5.08
3124.7,-23.6985638,-46.6967542,782.2,5.34,5.08
3129.7,-23.6985257,-46.6967282,781.8,5.34,5.07
3134.7,-23.6984875,-46.6967023,781.6,5.34,5.07
3139.7,-23.6984493,-46.6966763,781.3,5.34,5.06
3144.7,-23.6984112,-46.6966504,781.2,5.34,5.06
3149.7,-23.6983730,-46.6966244,781.0,5.34,5.05
3154.7,-23.6983348,-46.6965985,780.9,5.34,5.05
3159.7,-23.6982966,-46.6965726,780.8,5.33,5.04
3164.7,-23.6982584,-46.6965468,780.8,5.33,5.03
3169.7,-23.6982201,-46.6965209,780.8,5.33,5.03
3174.7,-23.6981819,-46.6964951,780.8,5.33,5.02
3179.7,-23.6981436,-46.6964694,780.9,5.33,5.02
3184.7,-23.6981053,-46.6964436,781.0,5.33,5.01
3189.7,-23.6980670,-46.6964179,781.1,5.33,5.01
3194.7,-23.6980286,-46.6963923,781.3,5.33,5.00
3199.7,-23.6979902,-46.6963668,781.4,5.33,5.00
3204.7,-23.6979518,-46.6963414,781.6,5.32,5.00
3209.7,-23.6979132,-46.6963161,781.8,5.32,5.01
3214.7,-23.6978746,-46.6962910,781.9,5.31,5.03
3219.7,-23.6978358,-46.6962661,782.1,5.30,5.04
3224.7,-23.6977968,-46.6962417,782.2,5.30,5.06
3229.7,-23.6977571,-46.6962188,782.4,5.29,5.08
3234.7,-23.6977163,-46.6961980,782.4,5.50,5.11
3239.7,-23.6976743,-46.6961805,782.5,5.87,5.33
3244.7,-23.6976310,-46.6961674,782.5,6.24,5.92
3249.7,-23.6975867,-46.6961597,782.5,6.62,6.50
3254.7,-23.6975418,-46.6961583,782.4,6.75,6.72
3259.7,-23.6974971,-46.6961636,782.2,6.61,6.51
3264.7,-23.6974538,-46.6961764,782.0,6.95,6.34
3269.7,-23.6974135,-46.6961978,781.8,6.82,6.74
3274.7,-23.6973778,-46.6962275,781.5,6.53,6.93
3279.7,-23.6973481,-46.6962641,781.1,6.88,5.92
3284.7,-23.6973230,-46.6963048,780.8,6.46,5.76
3289.7,-23.6973009,-46.6963476,780.4,6.47,6.11
3294.7,-23.6972812,-46.6963917,779.9,6.57,6.52
3299.7,-23.6972634,-46.6964368,779.5,6.56,6.63
3304.7,-23.6972471,-46.6964825,779.1,6.48,6.57
3309.7,-23.6972317,-46.6965287,778.7,6.40,6.50
3314.7,-23.6972168,-46.6965750,778.4,6.32,6.43
3319.7,-23.6972018,-46.6966213,778.0,6.23,6.36
3324.7,-23.6971866,-46.6966675,777.7,6.15,6.29
3329.7,-23.6971711,-46.6967136,777.4,6.07,6.22
3334.7,-23.6971554,-46.6967596,777.3,5.99,6.15
3339.7,-23.6971395,-46.6968055,777.1,5.90,6.07
3344.7,-23.6971234,-46.6968514,777.1,5.82,6.00
3349.7,-23.6971071,-46.6968972,777.0,5.74,5.93
3354.7,-23.6970907,-46.6969429,777.1,5.66,5.86
3359.7,-23.6970745,-46.6969887,777.2,5.58,5.78
3364.7,-23.6970589,-46.6970347,777.4,5.56,5.65
3369.7,-23.6970444,-46.6970812,777.5,5.54,5.50
3374.7,-23.6970316,-46.6971283,777.8,5.53,5.35
3379.7,-23.6970209,-46.6971760,778.1,5.63,5.11
3384.7,-23.6970129,-46.6972243,778.4,5.78,4.91
3389.7,-23.6970080,-46.6972731,778.7,5.53,5.23
3394.7,-23.6970061,-46.6973221,779.1,5.48,5.34
3399.7,-23.6970071,-46.6973712,779.4,5.54,5.43
3404.7,-23.6970109,-46.6974201,779.7,5.66,5.67
3409.7,-23.6970168,-46.6974688,780.0,5.78,5.83
3414.7,-23.6970241,-46.6975172,780.3,5.87,5.88
3419.7,-23.6970321,-46.6975656,780.6,5.96,5.92
3424.7,-23.6970403,-46.6976138,780.8,6.05,5.96
3429.7,-23.6970485,-46.6976621,781.1,6.14,5.99
3434.7,-23.6970567,-46.6977104,781.2,6.23,6.03
3439.7,-23.6970648,-46.6977587,781.4,6.29,6.14
3444.7,-23.6970726,-46.6978071,781.5,6.34,6.26
3449.7,-23.6970800,-46.6978555,781.6,6.39,6.38
3454.7,-23.6970869,-46.6979040,781.7,6.45,6.50
3459.7,-23.6970935,-46.6979526,781.8,6.52,6.61
3464.7,-23.6971001,-46.6980012,781.8,6.67,6.74
3469.7,-23.6971071,-46.6980497,781.8,6.84,6.87
3474.7,-23.6971146,-46.6980981,781.8,7.00,6.99
3479.7,-23.6971232,-46.6981463,781.8,7.16,7.12
3484.7,-23.6971330,-46.6981942,781.7,7.37,7.20
3489.7,-23.6971442,-46.6982417,781.7,7.66,7.22
3494.7,-23.6971569,-46.6982889,781.6,7.96,7.24
3499.7,-23.6971707,-46.6983356,781.6,8.03,7.32
3504.7,-23.6971854,-46.6983820,781.5,7.97,7.44
3509.7,-23.6972009,-46.6984281,781.4,7.90,7.56
3514.7,-23.6972170,-46.6984739,781.3,7.83,7.68
3519.7,-23.6972334,-46.6985196,781.3,7.76,7.78
3524.7,-23.6972501,-46.6985652,781.2,7.73,7.66
3529.7,-23.6972671,-46.6986107,781.2,7.71,7.52
3534.7,-23.6972845,-46.6986560,781.2,7.68,7.37
3539.7,-23.6973022,-46.6987011,781.2,7.65,7.23
3544.7,-23.6973203,-46.6987461,781.2,7.62,7.09
3549.7,-23.6973388,-46.6987908,781.3,7.60,6.95
3554.7,-23.6973578,-46.6988353,781.4,7.57,6.81
3559.7,-23.6973773,-46.6988796,781.5,7.55,6.78
3564.7,-23.6973972,-46.6989236,781.7,7.52,6.82
3569.7,-23.6974176,-46.6989673,781.9,7.49,6.87
3574.7,-23.6974385,-46.6990108,782.1,7.47,6.92
3579.7,-23.6974599,-46.6990540,782.4,7.44,6.96
3584.7,-23.6974818,-46.6990969,782.6,7.42,7.01
3589.7,-23.6975041,-46.6991395,782.9,7.39,7.06
3594.7,-23.6975270,-46.6991818,783.1,7.37,7.11
3599.7,-23.6975504,-46.6992237,783.4,7.22,7.35
3604.7,-23.6975744,-46.6992652,783.6,7.37,7.30
3609.7,-23.6975990,-46.6993063,783.9,7.59,7.18
3614.7,-23.6976243,-46.6993469,784.1,7.67,7.21
3619.7,-23.6976503,-46.6993870,784.3,7.75,7.25
3624.7,-23.6976770,-46.6994265,784.5,7.82,7.29
3629.7,-23.6977044,-46.6994654,784.7,7.86,7.34
3634.7,-23.6977326,-46.6995037,784.9,7.84,7.39
3639.7,-23.6977616,-46.6995412,785.1,7.83,7.45
3644.7,-23.6977914,-46.6995780,785.2,7.81,7.51
3649.7,-23.6978221,-46.6996139,785.4,7.79,7.57
3654.7,-23.6978535,-46.6996490,785.5,7.78,7.55
3659.7,-23.6978860,-46.6996830,785.7,7.77,7.39
3664.7,-23.6979196,-46.6997155,785.9,7.77,7.22
3669.7,-23.6979547,-46.6997462,786.0,7.77,7.05
3674.7,-23.6979914,-46.6997746,786.2,7.63,7.12
3679.7,-23.6980293,-46.6998010,786.3,7.43,7.29
3684.7,-23.6980680,-46.6998259,786.5,7.32,7.36
3689.7,-23.6981072,-46.6998501,786.7,7.35,7.28
3694.7,-23.6981466,-46.6998737,786.9,7.39,7.19
3699.7,-23.6981863,-46.6998967,787.1,7.41,7.17
3704.7,-23.6982265,-46.6999188,787.3,7.41,7.22
3709.7,-23.6982671,-46.6999399,787.6,7.42,7.28
3714.7,-23.6983082,-46.6999598,787.9,7.49,7.25
3719.7,-23.6983499,-46.6999781,788.2,7.57,7.22
3724.7,-23.6983921,-46.6999949,788.6,7.65,7.19
3729.7,-23.6984349,-46.7000101,788.9,7.74,7.16
3734.7,-23.6984780,-46.7000241,789.3,7.72,7.11
3739.7,-23.6985213,-46.7000371,789.7,7.54,7.01
3744.7,-23.6985649,-46.7000495,790.2,7.35,6.92
3749.7,-23.6986085,-46.7000614,790.6,7.15,6.82
3754.7,-23.6986521,-46.7000732,790.9,6.96,6.72
3759.7,-23.6986957,-46.7000852,791.2,6.77,6.63
3764.7,-23.6987393,-46.7000973,791.4,6.58,6.53
3769.7,-23.6987829,-46.7001095,791.6,6.39,6.44
3774.7,-23.6988264,-46.7001217,791.6,6.19,6.34
3779.7,-23.6988700,-46.7001338,791.6,6.00,6.24
3784.7,-23.6989135,-46.7001459,791.4,5.85,6.16
3789.7,-23.6989572,-46.7001578,791.1,5.92,6.12
3794.7,-23.6990008,-46.7001696,790.6,6.00,6.09
3799.7,-23.6990445,-46.7001812,790.1,6.08,6.06
3804.7,-23.6990882,-46.7001927,789.4,6.16,6.03
3809.7,-23.6991320,-46.7002041,788.6,6.25,6.00
3814.7,-23.6991757,-46.7002153,787.6,6.29,6.03
3819.7,-23.6992195,-46.7002265,786.6,6.33,6.08
3824.7,-23.6992633,-46.7002375,785.5,6.36,6.14
3829.7,-23.6993071,-46.7002485,784.4,6.39,6.19
3834.7,-23.6993510,-46.7002594,783.2,6.42,6.25
3839.7,-23.6993948,-46.7002703,782.0,6.45,6.31
3844.7,-23.6994387,-46.7002811,780.8,6.48,6.36
3849.7,-23.6994825,-46.7002919,779.6,6.51,6.42
3854.7,-23.6995264,-46.7003027,778.5,6.52,6.47
3859.7,-23.6995703,-46.7003135,777.4,6.50,6.52
3864.7,-23.6996141,-46.7003243,776.3,6.48,6.57
3869.7,-23.6996580,-46.7003351,775.2,6.46,6.62
3874.7,-23.6997018,-46.7003459,774.3,6.44,6.67
3879.7,-23.6997457,-46.7003568,773.3,6.44,6.70
3884.7,-23.6997895,-46.7003677,772.5,6.45,6.72
3889.7,-23.6998333,-46.7003787,771.6,6.45,6.74
3894.7,-23.6998771,-46.7003898,770.9,6.45,6.76
3899.7,-23.6999209,-46.7004010,770.1,6.46,6.78
3904.7,-23.6999647,-46.7004123,769.5,6.46,6.80
3909.7,-23.7000084,-46.7004237,768.8,6.46,6.82
3914.7,-23.7000521,-46.7004353,768.2,6.47,6.85
3919.7,-23.7000958,-46.7004469,767.7,6.47,6.87
3924.7,-23.7001394,-46.7004588,767.2,6.47,6.89
3929.7,-23.7001830,-46.7004707,766.7,6.48,6.91
3934.7,-23.7002266,-46.7004827,766.2,6.48,6.93
3939.7,-23.7002702,-46.7004947,765.8,6.48,6.95
3944.7,-23.7003139,-46.7005065,765.4,6.49,6.97
3949.6,-23.7003576,-46.7005181,765.0,6.49,6.99
3954.6,-23.7004013,-46.7005295,764.7,6.62,6.81
3959.6,-23.7004451,-46.7005404,764.3,6.92,6.36
3964.6,-23.7004891,-46.7005509,764.0,7.08,6.26
3969.6,-23.7005331,-46.7005608,763.7,7.04,6.63
3974.6,-23.7005772,-46.7005702,763.3,7.06,6.99
3979.6,-23.7006215,-46.7005790,763.0,7.36,7.23
3984.6,-23.7006658,-46.7005872,762.6,7.67,7.46
3989.6,-23.7007102,-46.7005946,762.2,7.83,7.73
3994.6,-23.7007548,-46.7006013,761.8,7.99,8.00
3999.6,-23.7007994,-46.7006072,761.4,8.14,8.20
4004.6,-23.7008441,-46.7006123,761.0,8.28,8.39
4009.6,-23.7008889,-46.7006167,760.5,8.40,8.50
4014.6,-23.7009338,-46.7006202,760.1,8.51,8.59
4019.6,-23.7009787,-46.7006228,759.6,8.62,8.66
4024.6,-23.7010236,-46.7006246,759.2,8.73,8.72
4029.6,-23.7010686,-46.7006255,758.8,8.85,8.81
4034.6,-23.7011135,-46.7006255,758.4,8.97,8.91
4039.6,-23.7011585,-46.7006245,758.0,8.97,8.88
4044.6,-23.7012034,-46.7006227,757.7,8.91,8.79
4049.6,-23.7012483,-46.7006198,757.4,8.83,8.76
4054.6,-23.7012931,-46.7006160,757.2,8.70,8.84
4059.6,-23.7013379,-46.7006112,756.9,8.72,8.78
4064.6,-23.7013825,-46.7006054,756.8,8.88,8.59
4069.6,-23.7014270,-46.7005987,756.7,9.01,8.40
4074.6,-23.7014715,-46.7005911,756.8,8.79,8.27
4079.6,-23.7015158,-46.7005829,756.8,8.55,8.15
4084.6,-23.7015600,-46.7005740,756.9,8.08,8.21
4089.6,-23.7016041,-46.7005645,757.0,7.69,8.23
4094.6,-23.7016481,-46.7005544,757.1,7.76,7.97
4099.6,-23.7016921,-46.7005440,757.3,7.85,7.72
4104.6,-23.7017359,-46.7005332,757.5,7.80,7.62
4109.6,-23.7017797,-46.7005221,757.7,7.73,7.55
4114.6,-23.7018235,-46.7005107,758.0,7.67,7.47
4119.6,-23.7018672,-46.7004993,758.2,7.60,7.40
4124.6,-23.7019109,-46.7004878,758.4,7.53,7.33
4129.6,-23.7019546,-46.7004762,758.7,7.47,7.25
4134.6,-23.7019983,-46.7004647,758.9,7.40,7.18
4139.6,-23.7020420,-46.7004532,759.1,7.34,7.10
4144.6,-23.7020857,-46.7004416,759.2,7.27,7.03
4149.6,-23.7021294,-46.7004300,759.4,7.21,6.96
4154.6,-23.7021731,-46.7004184,759.5,7.14,6.88
4159.6,-23.7022168,-46.7004068,759.7,7.08,6.81
4164.6,-23.7022604,-46.7003951,759.7,7.01,6.73
4169.6,-23.7023041,-46.7003833,759.8,6.95,6.66
4174.6,-23.7023477,-46.7003716,759.9,6.88,6.59
4179.6,-23.7023914,-46.7003597,760.0,6.82,6.51
4184.6,-23.7024350,-46.7003478,760.0,6.79,6.49
4189.6,-23.7024786,-46.7003357,760.0,6.80,6.53
4194.6,-23.7025222,-46.7003236,760.0,6.82,6.57
4199.6,-23.7025657,-46.7003114,760.0,6.84,6.61
4204.6,-23.7026092,-46.7002992,760.0,6.86,6.66
4209.6,-23.7026528,-46.7002868,760.0,6.88,6.70
4214.6,-23.7026963,-46.7002744,759.9,6.90,6.74
4219.6,-23.7027398,-46.7002620,759.8,6.92,6.78
4224.6,-23.7027832,-46.7002495,759.7,6.94,6.83
4229.6,-23.7028267,-46.7002370,759.5,6.96,6.87
4234.6,-23.7028702,-46.7002244,759.3,6.97,6.91
4239.6,-23.7029136,-46.7002118,759.0,6.99,6.96
4244.6,-23.7029571,-46.7001992,758.7,7.01,7.00
4249.6,-23.7030006,-46.7001866,758.4,7.03,7.04
4254.6,-23.7030440,-46.7001740,758.1,7.05,7.08
4259.6,-23.7030875,-46.7001614,757.7,7.07,7.13
4264.6,-23.7031309,-46.7001489,757.3,7.09,7.17
4269.6,-23.7031744,-46.7001364,756.8,7.11,7.21
4274.6,-23.7032179,-46.7001239,756.4,7.13,7.26
4279.6,-23.7032614,-46.7001114,755.9,7.15,7.30
4284.6,-23.7033049,-46.7000990,755.5,7.16,7.34
4289.6,-23.7033484,-46.7000867,755.0,7.18,7.38
4294.6,-23.7033920,-46.7000745,754.7,7.20,7.43
4299.6,-23.7034355,-46.7000623,754.3,7.22,7.47
