# las_vegas: centreline in race direction, 5 m spacing. Source: OpenStreetMap contributors (ODbL); elevation srtm30m via OpenTopoData
# widths are metres from the centreline to the track edge (TUMFTM only, blank for OSM)
s_m,lat,lon,elev_m,w_right_m,w_left_m
0.0,36.1084118,-115.1628372,642.3,,
5.0,36.1084455,-115.1628004,642.5,,
10.0,36.1084792,-115.1627635,642.6,,
15.0,36.1085129,-115.1627267,642.7,,
20.0,36.1085466,-115.1626898,642.8,,
25.0,36.1085803,-115.1626529,642.9,,
30.0,36.1086139,-115.1626160,642.9,,
35.0,36.1086476,-115.1625791,642.9,,
40.0,36.1086812,-115.1625422,642.9,,
45.0,36.1087149,-115.1625053,642.9,,
50.0,36.1087486,-115.1624684,642.8,,
55.0,36.1087822,-115.1624315,642.7,,
60.0,36.1088159,-115.1623946,642.6,,
65.0,36.1088496,-115.1623577,642.5,,
70.0,36.1088832,-115.1623208,642.3,,
75.0,36.1089169,-115.1622838,642.1,,
80.0,36.1089505,-115.1622469,641.9,,
85.0,36.1089842,-115.1622100,641.6,,
90.0,36.1090179,-115.1621731,641.4,,
95.0,36.1090515,-115.1621362,641.1,,
100.0,36.1090852,-115.1620993,640.8,,
105.0,36.1091189,-115.1620624,640.4,,
110.0,36.1091525,-115.1620255,640.1,,
115.0,36.1091862,-115.1619886,639.7,,
120.0,36.1092198,-115.1619517,639.4,,
125.0,36.1092535,-115.1619148,639.0,,
130.0,36.1092872,-115.1618779,638.6,,
135.0,36.1093208,-115.1618410,638.1,,
140.0,36.1093545,-115.1618041,637.7,,
145.0,36.1093882,-115.1617672,637.3,,
150.0,36.1094218,-115.1617303,636.9,,
155.0,36.1094555,-115.1616934,636.5,,
160.0,36.1094892,-115.1616565,636.1,,
165.0,36.1095228,-115.1616196,635.8,,
170.0,36.1095565,-115.1615827,635.5,,
175.0,36.1095901,-115.1615458,635.2,,
180.0,36.1096238,-115.1615089,634.9,,
185.0,36.1096575,-115.1614720,634.8,,
190.0,36.1096911,-115.1614351,634.6,,
195.0,36.1097248,-115.1613982,634.5,,
200.0,36.1097585,-115.1613613,634.5,,
205.0,36.1097921,-115.1613244,634.5,,
210.0,36.1098258,-115.1612875,634.5,,
215.0,36.1098594,-115.1612506,634.6,,
220.0,36.1098931,-115.1612136,634.7,,
225.0,36.1099268,-115.1611767,634.9,,
230.0,36.1099604,-115.1611398,635.0,,
235.0,36.1099941,-115.1611029,635.2,,
240.0,36.1100278,-115.1610660,635.3,,
245.0,36.1100614,-115.1610291,635.4,,
250.0,36.1100951,-115.1609922,635.5,,
255.0,36.1101288,-115.1609553,635.6,,
260.0,36.1101624,-115.1609184,635.6,,
265.0,36.1101961,-115.1608815,635.5,,
270.0,36.1102297,-115.1608446,635.5,,
275.0,36.1102634,-115.1608077,635.3,,
280.0,36.1102971,-115.1607708,635.1,,
285.0,36.1103307,-115.1607339,634.9,,
290.0,36.1103644,-115.1606970,634.6,,
295.0,36.1103981,-115.1606601,634.2,,
300.0,36.1104317,-115.1606232,633.9,,
305.0,36.1104654,-115.1605863,633.4,,
310.0,36.1104991,-115.1605494,633.0,,
315.0,36.1105327,-115.1605125,632.6,,
320.0,36.1105664,-115.1604756,632.1,,
325.0,36.1106021,-115.1604420,631.7,,
330.0,36.1106399,-115.1604120,631.3,,
335.0,36.1106778,-115.1603819,631.0,,
340.0,36.1107181,-115.1603594,630.6,,
345.0,36.1107621,-115.1603480,630.4,,
350.0,36.1108064,-115.1603405,630.1,,
355.0,36.1108512,-115.1603443,630.0,,
360.0,36.1108937,-115.1603586,629.8,,
365.0,36.1109338,-115.1603839,629.8,,
370.0,36.1109739,-115.1604092,629.7,,
375.0,36.1110069,-115.1604460,629.8,,
380.0,36.1110374,-115.1604868,629.8,,
385.0,36.1110679,-115.1605277,630.0,,
390.0,36.1110885,-115.1605773,630.1,,
395.0,36.1111090,-115.1606268,630.3,,
400.0,36.1111248,-115.1606787,630.5,,
405.0,36.1111380,-115.1607319,630.7,,
410.0,36.1111512,-115.1607851,631.0,,
415.0,36.1111576,-115.1608402,631.3,,
420.0,36.1111639,-115.1608953,631.5,,
425.0,36.1111702,-115.1609504,631.8,,
430.0,36.1111754,-115.1610056,632.1,,
435.0,36.1111730,-115.1610611,632.4,,
440.0,36.1111707,-115.1611167,632.6,,
445.0,36.1111683,-115.1611723,632.9,,
450.0,36.1111620,-115.1612271,633.2,,
455.0,36.1111497,-115.1612806,633.4,,
460.0,36.1111374,-115.1613342,633.7,,
465.0,36.1111252,-115.1613877,633.9,,
470.0,36.1111046,-115.1614372,634.2,,
475.0,36.1110840,-115.1614867,634.4,,
480.0,36.1110634,-115.1615362,634.6,,
485.0,36.1110417,-115.1615848,634.8,,
490.0,36.1110166,-115.1616310,635.0,,
495.0,36.1109915,-115.1616772,635.1,,
500.0,36.1109664,-115.1617234,635.3,,
505.0,36.1109413,-115.1617695,635.5,,
510.0,36.1109162,-115.1618157,635.6,,
515.0,36.1108883,-115.1618591,635.7,,
520.0,36.1108572,-115.1618993,635.8,,
525.0,36.1108260,-115.1619395,636.0,,
530.0,36.1107949,-115.1619797,636.1,,
535.0,36.1107638,-115.1620199,636.2,,
540.0,36.1107327,-115.1620601,636.3,,
545.0,36.1107016,-115.1621002,636.4,,
550.0,36.1106705,-115.1621404,636.4,,
555.0,36.1106394,-115.1621806,636.5,,
560.0,36.1106083,-115.1622208,636.6,,
565.0,36.1105784,-115.1622622,636.7,,
570.0,36.1105530,-115.1623081,636.8,,
575.0,36.1105276,-115.1623541,636.9,,
580.0,36.1105051,-115.1624018,636.9,,
585.0,36.1104909,-115.1624546,637.0,,
590.0,36.1104767,-115.1625074,637.0,,
595.0,36.1104638,-115.1625606,637.0,,
600.0,36.1104572,-115.1626157,637.0,,
605.0,36.1104505,-115.1626707,637.0,,
610.0,36.1104439,-115.1627258,637.0,,
615.0,36.1104411,-115.1627811,637.0,,
620.0,36.1104418,-115.1628368,637.0,,
625.0,36.1104425,-115.1628924,637.0,,
630.0,36.1104493,-115.1629469,637.0,,
635.0,36.1104627,-115.1630000,637.0,,
640.0,36.1104762,-115.1630531,637.0,,
645.0,36.1104898,-115.1631062,637.0,,
650.0,36.1105061,-115.1631580,637.0,,
655.0,36.1105224,-115.1632099,637.1,,
660.0,36.1105387,-115.1632618,637.1,,
665.0,36.1105603,-115.1633106,637.2,,
670.0,36.1105822,-115.1633592,637.2,,
675.0,36.1106041,-115.1634078,637.3,,
680.0,36.1106299,-115.1634530,637.4,,
685.0,36.1106593,-115.1634951,637.5,,
690.0,36.1106887,-115.1635373,637.5,,
695.0,36.1107181,-115.1635794,637.6,,
700.0,36.1107491,-115.1636195,637.6,,
705.0,36.1107845,-115.1636538,637.6,,
710.0,36.1108199,-115.1636881,637.6,,
715.0,36.1108553,-115.1637224,637.6,,
720.0,36.1108907,-115.1637567,637.6,,
725.0,36.1109304,-115.1637829,637.5,,
730.0,36.1109702,-115.1638087,637.4,,
735.0,36.1110100,-115.1638346,637.3,,
740.0,36.1110498,-115.1638605,637.1,,
745.0,36.1110896,-115.1638863,637.0,,
750.0,36.1111294,-115.1639122,636.9,,
755.0,36.1111712,-115.1639286,636.8,,
760.0,36.1112162,-115.1639293,636.7,,
765.0,36.1112611,-115.1639300,636.7,,
770.0,36.1113061,-115.1639306,636.6,,
775.0,36.1113510,-115.1639313,636.6,,
780.0,36.1113960,-115.1639319,636.6,,
785.0,36.1114410,-115.1639326,636.7,,
790.0,36.1114859,-115.1639332,636.7,,
795.0,36.1115309,-115.1639340,636.8,,
800.0,36.1115759,-115.1639353,636.9,,
805.0,36.1116208,-115.1639366,637.1,,
810.0,36.1116658,-115.1639380,637.2,,
815.0,36.1117107,-115.1639393,637.3,,
820.0,36.1117557,-115.1639406,637.4,,
825.0,36.1118006,-115.1639411,637.4,,
830.0,36.1118456,-115.1639411,637.5,,
835.0,36.1118906,-115.1639411,637.4,,
840.0,36.1119355,-115.1639410,637.4,,
845.0,36.1119805,-115.1639410,637.3,,
850.0,36.1120255,-115.1639410,637.2,,
855.0,36.1120704,-115.1639410,637.1,,
860.0,36.1121154,-115.1639410,636.9,,
865.0,36.1121604,-115.1639410,636.8,,
870.0,36.1122053,-115.1639410,636.6,,
875.0,36.1122503,-115.1639409,636.5,,
880.0,36.1122953,-115.1639409,636.3,,
885.0,36.1123402,-115.1639409,636.2,,
890.0,36.1123852,-115.1639409,636.1,,
895.0,36.1124302,-115.1639409,636.0,,
900.0,36.1124751,-115.1639409,635.9,,
905.0,36.1125201,-115.1639408,635.9,,
910.0,36.1125651,-115.1639408,635.8,,
915.0,36.1126100,-115.1639408,635.8,,
920.0,36.1126550,-115.1639411,635.7,,
925.0,36.1126999,-115.1639435,635.7,,
930.0,36.1127449,-115.1639460,635.6,,
935.0,36.1127898,-115.1639474,635.5,,
940.0,36.1128348,-115.1639479,635.4,,
945.0,36.1128797,-115.1639485,635.3,,
950.0,36.1129247,-115.1639491,635.2,,
955.0,36.1129697,-115.1639497,635.0,,
960.0,36.1130146,-115.1639503,634.8,,
965.0,36.1130596,-115.1639509,634.6,,
970.0,36.1131046,-115.1639515,634.5,,
975.0,36.1131495,-115.1639521,634.3,,
980.0,36.1131945,-115.1639527,634.2,,
985.0,36.1132394,-115.1639533,634.2,,
990.0,36.1132844,-115.1639539,634.1,,
995.0,36.1133294,-115.1639545,634.2,,
1000.0,36.1133743,-115.1639551,634.3,,
1005.0,36.1134193,-115.1639556,634.5,,
1010.0,36.1134643,-115.1639562,634.6,,
1015.0,36.1135092,-115.1639568,634.9,,
1020.0,36.1135542,-115.1639574,635.1,,
1025.0,36.1135992,-115.1639580,635.4,,
1030.0,36.1136441,-115.1639586,635.7,,
1035.0,36.1136891,-115.1639592,636.0,,
1040.0,36.1137341,-115.1639597,636.3,,
1045.0,36.1137790,-115.1639603,636.6,,
1050.0,36.1138240,-115.1639609,636.8,,
1055.0,36.1138690,-115.1639615,637.0,,
1060.0,36.1139139,-115.1639621,637.3,,
1065.0,36.1139589,-115.1639627,637.4,,
1070.0,36.1140038,-115.1639633,637.6,,
1075.0,36.1140488,-115.1639639,637.7,,
1080.0,36.1140938,-115.1639645,637.8,,
1085.0,36.1141387,-115.1639651,637.9,,
1090.0,36.1141837,-115.1639657,637.9,,
1095.0,36.1142287,-115.1639666,638.0,,
1100.0,36.1142736,-115.1639676,638.0,,
1105.0,36.1143186,-115.1639687,638.1,,
1110.0,36.1143636,-115.1639689,638.1,,
1115.0,36.1144085,-115.1639685,638.1,,
1120.0,36.1144535,-115.1639685,638.2,,
1125.0,36.1144985,-115.1639690,638.2,,
1130.0,36.1145434,-115.1639695,638.2,,
1135.0,36.1145884,-115.1639700,638.2,,
1140.0,36.1146333,-115.1639706,638.3,,
1145.0,36.1146783,-115.1639713,638.3,,
1150.0,36.1147233,-115.1639708,638.3,,
1155.0,36.1147682,-115.1639703,638.2,,
1160.0,36.1148132,-115.1639698,638.2,,
1165.0,36.1148582,-115.1639693,638.2,,
1170.0,36.1149031,-115.1639688,638.2,,
1175.0,36.1149481,-115.1639683,638.2,,
1180.0,36.1149931,-115.1639678,638.1,,
1185.0,36.1150380,-115.1639673,638.1,,
1190.0,36.1150830,-115.1639668,638.1,,
1195.0,36.1151280,-115.1639663,638.1,,
1200.0,36.1151729,-115.1639658,638.1,,
1205.0,36.1152179,-115.1639653,638.1,,
1210.0,36.1152629,-115.1639648,638.1,,
1215.0,36.1153078,-115.1639643,638.1,,
1220.0,36.1153528,-115.1639638,638.1,,
1225.0,36.1153978,-115.1639636,638.1,,
1230.0,36.1154427,-115.1639636,638.2,,
1235.0,36.1154877,-115.1639635,638.2,,
1240.0,36.1155327,-115.1639634,638.3,,
1245.0,36.1155776,-115.1639633,638.4,,
1250.0,36.1156226,-115.1639633,638.5,,
1255.0,36.1156676,-115.1639634,638.6,,
1260.0,36.1157125,-115.1639635,638.7,,
1265.0,36.1157575,-115.1639637,638.9,,
1270.0,36.1158025,-115.1639641,639.0,,
1275.0,36.1158474,-115.1639645,639.2,,
1280.0,36.1158924,-115.1639649,639.4,,
1285.0,36.1159374,-115.1639655,639.6,,
1290.0,36.1159823,-115.1639661,639.8,,
1295.0,36.1160273,-115.1639667,640.0,,
1300.0,36.1160723,-115.1639674,640.3,,
1305.0,36.1161172,-115.1639680,640.5,,
1310.0,36.1161622,-115.1639686,640.7,,
1315.0,36.1162071,-115.1639693,640.9,,
1320.0,36.1162521,-115.1639699,641.1,,
1325.0,36.1162971,-115.1639704,641.3,,
1330.0,36.1163420,-115.1639709,641.5,,
1335.0,36.1163870,-115.1639713,641.6,,
1340.0,36.1164320,-115.1639718,641.8,,
1345.0,36.1164769,-115.1639723,641.9,,
1350.0,36.1165219,-115.1639728,642.0,,
1355.0,36.1165669,-115.1639733,642.0,,
1360.0,36.1166118,-115.1639737,642.0,,
1365.0,36.1166568,-115.1639742,641.9,,
1370.0,36.1167018,-115.1639747,641.9,,
1375.0,36.1167467,-115.1639752,641.7,,
1380.0,36.1167917,-115.1639756,641.6,,
1385.0,36.1168367,-115.1639758,641.4,,
1390.0,36.1168816,-115.1639760,641.2,,
1395.0,36.1169266,-115.1639765,641.0,,
1400.0,36.1169716,-115.1639771,640.7,,
1405.0,36.1170165,-115.1639777,640.5,,
1410.0,36.1170615,-115.1639782,640.2,,
1415.0,36.1171065,-115.1639788,640.0,,
1420.0,36.1171514,-115.1639794,639.8,,
1425.0,36.1171964,-115.1639799,639.6,,
1430.0,36.1172414,-115.1639806,639.4,,
1435.0,36.1172863,-115.1639813,639.2,,
1440.0,36.1173313,-115.1639819,639.1,,
1445.0,36.1173762,-115.1639823,639.0,,
1450.0,36.1174212,-115.1639827,638.9,,
1455.0,36.1174662,-115.1639831,638.8,,
1460.0,36.1175111,-115.1639836,638.8,,
1465.0,36.1175561,-115.1639840,638.7,,
1470.0,36.1176011,-115.1639844,638.6,,
1475.0,36.1176460,-115.1639848,638.6,,
1480.0,36.1176910,-115.1639853,638.5,,
1485.0,36.1177360,-115.1639857,638.4,,
1490.0,36.1177809,-115.1639861,638.3,,
1495.0,36.1178259,-115.1639865,638.2,,
1500.0,36.1178709,-115.1639870,638.1,,
1505.0,36.1179158,-115.1639874,637.9,,
1510.0,36.1179608,-115.1639878,637.8,,
1515.0,36.1180058,-115.1639883,637.6,,
1520.0,36.1180507,-115.1639887,637.5,,
1525.0,36.1180957,-115.1639889,637.3,,
1530.0,36.1181407,-115.1639886,637.1,,
1535.0,36.1181856,-115.1639883,637.0,,
1540.0,36.1182306,-115.1639880,636.8,,
1545.0,36.1182756,-115.1639884,636.6,,
1550.0,36.1183205,-115.1639888,636.4,,
1555.0,36.1183655,-115.1639892,636.2,,
1560.0,36.1184105,-115.1639897,636.1,,
1565.0,36.1184554,-115.1639901,635.9,,
1570.0,36.1185004,-115.1639905,635.7,,
1575.0,36.1185454,-115.1639909,635.5,,
1580.0,36.1185903,-115.1639913,635.3,,
1585.0,36.1186353,-115.1639917,635.2,,
1590.0,36.1186803,-115.1639922,635.0,,
1595.0,36.1187252,-115.1639926,634.9,,
1600.0,36.1187702,-115.1639930,634.8,,
1605.0,36.1188152,-115.1639934,634.7,,
1610.0,36.1188601,-115.1639938,634.7,,
1615.0,36.1189051,-115.1639942,634.7,,
1620.0,36.1189501,-115.1639947,634.8,,
1625.0,36.1189950,-115.1639951,634.9,,
1630.0,36.1190400,-115.1639955,635.0,,
1635.0,36.1190850,-115.1639954,635.1,,
1640.0,36.1191299,-115.1639953,635.3,,
1645.0,36.1191749,-115.1639953,635.5,,
1650.0,36.1192075,-115.1639799,635.7,,
1655.0,36.1192073,-115.1639242,635.9,,
1660.0,36.1192071,-115.1638686,636.1,,
1665.0,36.1192070,-115.1638129,636.3,,
1670.0,36.1192068,-115.1637573,636.5,,
1675.0,36.1192067,-115.1637016,636.6,,
1680.0,36.1192065,-115.1636459,636.7,,
1685.0,36.1192064,-115.1635903,636.7,,
1690.0,36.1192062,-115.1635346,636.7,,
1695.0,36.1192060,-115.1634790,636.6,,
1700.0,36.1192059,-115.1634233,636.5,,
1705.0,36.1192057,-115.1633676,636.3,,
1710.0,36.1192056,-115.1633120,636.0,,
1715.0,36.1192054,-115.1632563,635.8,,
1720.0,36.1192053,-115.1632007,635.5,,
1725.0,36.1192051,-115.1631450,635.2,,
1730.0,36.1192050,-115.1630893,634.8,,
1735.0,36.1192048,-115.1630337,634.5,,
1740.0,36.1192046,-115.1629780,634.2,,
1745.0,36.1192035,-115.1629224,633.9,,
1750.0,36.1192024,-115.1628667,633.7,,
1755.1,36.1192013,-115.1628111,633.5,,
1760.1,36.1192002,-115.1627554,633.3,,
1765.1,36.1191992,-115.1626998,633.1,,
1770.1,36.1191981,-115.1626442,633.0,,
1775.1,36.1191970,-115.1625885,633.0,,
1780.1,36.1191959,-115.1625329,632.9,,
1785.1,36.1191948,-115.1624772,632.9,,
1790.1,36.1191937,-115.1624216,632.9,,
1795.1,36.1191926,-115.1623659,633.0,,
1800.1,36.1191915,-115.1623103,633.0,,
1805.1,36.1191904,-115.1622547,633.1,,
1810.1,36.1191893,-115.1621990,633.1,,
1815.1,36.1191882,-115.1621434,633.1,,
1820.1,36.1191871,-115.1620877,633.1,,
1825.1,36.1191861,-115.1620321,633.1,,
1830.1,36.1191850,-115.1619764,633.1,,
1835.1,36.1191840,-115.1619208,633.1,,
1840.1,36.1191831,-115.1618651,633.0,,
1845.1,36.1191822,-115.1618095,632.9,,
1850.1,36.1191814,-115.1617538,632.9,,
1855.1,36.1191805,-115.1616982,632.8,,
1860.1,36.1191796,-115.1616425,632.7,,
1865.1,36.1191788,-115.1615869,632.6,,
1870.1,36.1191779,-115.1615312,632.5,,
1875.1,36.1191770,-115.1614756,632.4,,
1880.1,36.1191762,-115.1614199,632.3,,
1885.1,36.1191753,-115.1613643,632.2,,
1890.1,36.1191744,-115.1613086,632.1,,
1895.1,36.1191736,-115.1612530,632.1,,
1900.1,36.1191727,-115.1611973,632.0,,
1905.1,36.1191925,-115.1611494,632.0,,
1910.1,36.1192180,-115.1611035,632.1,,
1915.1,36.1192435,-115.1610577,632.2,,
1920.1,36.1192690,-115.1610119,632.3,,
1925.1,36.1192946,-115.1609660,632.4,,
1930.1,36.1193203,-115.1609204,632.6,,
1935.1,36.1193517,-115.1608806,632.8,,
1940.1,36.1193830,-115.1608407,633.1,,
1945.1,36.1194144,-115.1608008,633.4,,
1950.1,36.1194458,-115.1607609,633.7,,
1955.1,36.1194772,-115.1607211,634.1,,
1960.1,36.1195085,-115.1606812,634.4,,
1965.1,36.1195399,-115.1606413,634.8,,
1970.1,36.1195713,-115.1606014,635.2,,
1975.1,36.1196027,-115.1605616,635.6,,
1980.1,36.1196391,-115.1605290,636.0,,
1985.1,36.1196756,-115.1604965,636.3,,
1990.1,36.1197121,-115.1604639,636.7,,
1995.1,36.1197486,-115.1604314,637.0,,
2000.1,36.1197852,-115.1603992,637.4,,
2005.1,36.1198260,-115.1603758,637.6,,
2010.1,36.1198669,-115.1603525,637.8,,
2015.1,36.1199077,-115.1603291,638.0,,
2020.1,36.1199485,-115.1603057,638.1,,
2025.1,36.1199896,-115.1602832,638.1,,
2030.1,36.1200308,-115.1602611,638.1,,
2035.1,36.1200721,-115.1602389,637.9,,
2040.1,36.1201133,-115.1602167,637.8,,
2045.1,36.1201551,-115.1601965,637.5,,
2050.1,36.1201991,-115.1601851,637.3,,
2055.1,36.1202431,-115.1601737,636.9,,
2060.1,36.1202871,-115.1601622,636.6,,
2065.1,36.1203311,-115.1601508,636.1,,
2070.1,36.1203753,-115.1601406,635.7,,
2075.1,36.1204201,-115.1601353,635.3,,
2080.1,36.1204648,-115.1601300,634.8,,
2085.1,36.1205096,-115.1601247,634.4,,
2090.1,36.1205543,-115.1601194,634.0,,
2095.1,36.1205991,-115.1601141,633.6,,
2100.1,36.1206440,-115.1601124,633.3,,
2105.1,36.1206890,-115.1601127,633.0,,
2110.1,36.1207339,-115.1601131,632.7,,
2115.1,36.1207491,-115.1601591,632.5,,
2120.1,36.1207589,-115.1602135,632.3,,
2125.1,36.1207688,-115.1602677,632.2,,
2130.1,36.1207790,-115.1603219,632.2,,
2135.1,36.1207893,-115.1603761,632.1,,
2140.1,36.1208011,-115.1604298,632.1,,
2145.1,36.1208146,-115.1604828,632.2,,
2150.1,36.1208373,-115.1605307,632.2,,
2155.1,36.1208644,-115.1605751,632.3,,
2160.1,36.1208936,-115.1606173,632.4,,
2165.1,36.1209262,-115.1606557,632.5,,
2170.1,36.1209629,-115.1606872,632.6,,
2175.1,36.1210036,-115.1607104,632.7,,
2180.1,36.1210462,-115.1607281,632.8,,
2185.1,36.1210898,-115.1607407,632.9,,
2190.1,36.1211347,-115.1607446,633.0,,
2195.1,36.1211796,-115.1607456,633.1,,
2200.1,36.1212244,-115.1607417,633.1,,
2205.1,36.1212687,-115.1607329,633.2,,
2210.1,36.1213123,-115.1607193,633.2,,
2215.1,36.1213551,-115.1607022,633.3,,
2220.1,36.1213967,-115.1606814,633.3,,
2225.1,36.1214377,-115.1606584,633.3,,
2230.1,36.1214786,-115.1606354,633.4,,
2235.1,36.1215193,-115.1606118,633.4,,
2240.1,36.1215594,-115.1605864,633.5,,
2245.1,36.1215994,-115.1605611,633.6,,
2250.1,36.1216394,-115.1605357,633.7,,
2255.1,36.1216795,-115.1605104,633.8,,
2260.1,36.1217195,-115.1604850,634.0,,
2265.1,36.1217595,-115.1604597,634.2,,
2270.1,36.1218005,-115.1604369,634.3,,
2275.1,36.1218438,-115.1604225,634.6,,
2280.1,36.1218884,-115.1604175,634.8,,
2285.1,36.1219334,-115.1604161,635.0,,
2290.1,36.1219783,-115.1604146,635.2,,
2295.1,36.1220233,-115.1604132,635.5,,
2300.1,36.1220682,-115.1604117,635.7,,
2305.1,36.1221132,-115.1604102,635.9,,
2310.1,36.1221581,-115.1604080,636.1,,
2315.1,36.1222030,-115.1604067,636.2,,
2320.1,36.1222366,-115.1604206,636.4,,
2325.1,36.1222374,-115.1604762,636.5,,
2330.1,36.1222382,-115.1605319,636.6,,
2335.1,36.1222390,-115.1605875,636.7,,
2340.1,36.1222398,-115.1606432,636.7,,
2345.1,36.1222407,-115.1606988,636.7,,
2350.1,36.1222415,-115.1607545,636.7,,
2355.1,36.1222423,-115.1608101,636.7,,
2360.1,36.1222432,-115.1608658,636.7,,
2365.1,36.1222441,-115.1609214,636.6,,
2370.1,36.1222450,-115.1609771,636.5,,
2375.1,36.1222459,-115.1610327,636.4,,
2380.1,36.1222467,-115.1610884,636.3,,
2385.1,36.1222476,-115.1611440,636.2,,
2390.1,36.1222485,-115.1611997,636.0,,
2395.1,36.1222494,-115.1612553,635.9,,
2400.1,36.1222503,-115.1613110,635.7,,
2405.1,36.1222512,-115.1613666,635.6,,
2410.1,36.1222520,-115.1614223,635.4,,
2415.1,36.1222529,-115.1614779,635.3,,
2420.1,36.1222538,-115.1615336,635.1,,
2425.1,36.1222547,-115.1615892,635.0,,
2430.1,36.1222558,-115.1616449,634.9,,
2435.1,36.1222574,-115.1617005,634.8,,
2440.1,36.1222589,-115.1617561,634.7,,
2445.1,36.1222604,-115.1618117,634.6,,
2450.1,36.1222619,-115.1618674,634.5,,
2455.1,36.1222634,-115.1619230,634.4,,
2460.1,36.1222649,-115.1619786,634.3,,
2465.1,36.1222664,-115.1620343,634.2,,
2470.1,36.1222679,-115.1620899,634.1,,
2475.1,36.1222694,-115.1621455,634.0,,
2480.1,36.1222709,-115.1622012,633.9,,
2485.1,36.1222724,-115.1622568,633.8,,
2490.1,36.1222738,-115.1623124,633.7,,
2495.1,36.1222753,-115.1623680,633.6,,
2500.1,36.1222768,-115.1624237,633.5,,
2505.1,36.1222783,-115.1624793,633.5,,
2510.1,36.1222797,-115.1625349,633.4,,
2515.1,36.1222812,-115.1625906,633.4,,
2520.1,36.1222827,-115.1626462,633.3,,
2525.1,36.1222842,-115.1627018,633.3,,
2530.1,36.1222856,-115.1627575,633.3,,
2535.1,36.1222870,-115.1628131,633.4,,
2540.1,36.1222882,-115.1628687,633.4,,
2545.1,36.1222895,-115.1629244,633.6,,
2550.1,36.1222907,-115.1629800,633.7,,
2555.1,36.1222919,-115.1630356,633.8,,
2560.1,36.1222919,-115.1630913,634.0,,
2565.1,36.1222918,-115.1631470,634.2,,
2570.1,36.1222917,-115.1632026,634.4,,
2575.1,36.1222916,-115.1632583,634.7,,
2580.1,36.1222916,-115.1633139,634.9,,
2585.1,36.1222915,-115.1633696,635.2,,
2590.1,36.1222914,-115.1634253,635.5,,
2595.1,36.1222913,-115.1634809,635.8,,
2600.1,36.1222912,-115.1635366,636.1,,
2605.1,36.1222911,-115.1635923,636.3,,
2610.1,36.1222910,-115.1636479,636.6,,
2615.1,36.1222909,-115.1637036,636.8,,
2620.1,36.1222907,-115.1637592,637.0,,
2625.1,36.1222905,-115.1638149,637.1,,
2630.1,36.1222903,-115.1638706,637.2,,
2635.1,36.1222902,-115.1639262,637.2,,
2640.1,36.1222900,-115.1639819,637.2,,
2645.1,36.1222899,-115.1640375,637.1,,
2650.1,36.1223278,-115.1640654,637.0,,
2655.1,36.1223672,-115.1640922,636.9,,
2660.1,36.1224066,-115.1641191,636.8,,
2665.1,36.1224460,-115.1641459,636.6,,
2670.1,36.1224700,-115.1641847,636.5,,
2675.1,36.1224722,-115.1642403,636.4,,
2680.1,36.1224745,-115.1642959,636.3,,
2685.1,36.1224768,-115.1643515,636.3,,
2690.1,36.1224790,-115.1644071,636.3,,
2695.1,36.1224813,-115.1644627,636.5,,
2700.1,36.1224835,-115.1645182,636.6,,
2705.1,36.1224858,-115.1645738,636.9,,
2710.1,36.1224880,-115.1646294,637.2,,
2715.1,36.1224903,-115.1646850,637.6,,
2720.1,36.1224925,-115.1647406,638.0,,
2725.1,36.1224959,-115.1647960,638.4,,
2730.1,36.1225060,-115.1648502,638.8,,
2735.1,36.1225162,-115.1649045,639.3,,
2740.1,36.1225263,-115.1649587,639.7,,
2745.1,36.1225365,-115.1650129,640.1,,
2750.1,36.1225466,-115.1650671,640.5,,
2755.1,36.1225567,-115.1651214,640.8,,
2760.1,36.1225669,-115.1651756,641.1,,
2765.1,36.1225770,-115.1652298,641.3,,
2770.1,36.1225967,-115.1652798,641.4,,
2775.1,36.1226170,-115.1653295,641.5,,
2780.1,36.1226372,-115.1653792,641.6,,
2785.1,36.1226575,-115.1654289,641.6,,
2790.1,36.1226777,-115.1654786,641.7,,
2795.1,36.1227058,-115.1655217,641.6,,
2800.1,36.1227354,-115.1655636,641.6,,
2805.1,36.1227650,-115.1656055,641.6,,
2810.1,36.1227946,-115.1656474,641.6,,
2815.1,36.1228242,-115.1656893,641.5,,
2820.1,36.1228538,-115.1657313,641.5,,
2825.1,36.1228835,-115.1657730,641.5,,
2830.1,36.1229159,-115.1658116,641.6,,
2835.1,36.1229483,-115.1658502,641.6,,
2840.1,36.1229808,-115.1658887,641.7,,
2845.1,36.1230132,-115.1659273,641.8,,
2850.1,36.1230456,-115.1659659,641.9,,
2855.1,36.1230788,-115.1660032,642.1,,
2860.1,36.1231164,-115.1660337,642.2,,
2865.1,36.1231541,-115.1660641,642.4,,
2870.1,36.1231918,-115.1660945,642.6,,
2875.1,36.1232319,-115.1661195,642.8,,
2880.1,36.1232725,-115.1661435,643.1,,
2885.1,36.1233130,-115.1661675,643.4,,
2890.1,36.1233536,-115.1661915,643.6,,
2895.1,36.1233942,-115.1662155,643.9,,
2900.1,36.1234348,-115.1662395,644.2,,
2905.1,36.1234754,-115.1662634,644.5,,
2910.1,36.1235175,-115.1662828,644.8,,
2915.1,36.1235596,-115.1663023,645.0,,
2920.1,36.1236018,-115.1663217,645.3,,
2925.1,36.1236439,-115.1663412,645.5,,
2930.1,36.1236860,-115.1663606,645.7,,
2935.1,36.1237282,-115.1663801,645.9,,
2940.1,36.1237703,-115.1663995,646.0,,
2945.1,36.1238124,-115.1664190,646.1,,
2950.1,36.1238546,-115.1664384,646.2,,
2955.1,36.1238967,-115.1664579,646.3,,
2960.1,36.1239388,-115.1664773,646.3,,
2965.1,36.1239810,-115.1664968,646.4,,
2970.1,36.1240231,-115.1665162,646.4,,
2975.1,36.1240652,-115.1665357,646.4,,
2980.1,36.1241074,-115.1665551,646.4,,
2985.1,36.1241495,-115.1665745,646.4,,
2990.1,36.1241916,-115.1665942,646.4,,
2995.1,36.1242337,-115.1666137,646.3,,
3000.1,36.1242758,-115.1666333,646.2,,
3005.1,36.1243179,-115.1666529,646.0,,
3010.1,36.1243600,-115.1666723,645.8,,
3015.1,36.1244022,-115.1666917,645.5,,
3020.1,36.1244443,-115.1667110,645.2,,
3025.1,36.1244854,-115.1667334,644.7,,
3030.1,36.1245257,-115.1667582,644.3,,
3035.1,36.1245660,-115.1667829,643.7,,
3040.1,36.1246058,-115.1668086,643.1,,
3045.1,36.1246448,-115.1668365,642.4,,
3050.1,36.1246837,-115.1668643,641.7,,
3055.1,36.1247217,-115.1668937,641.0,,
3060.1,36.1247544,-115.1669319,640.3,,
3065.1,36.1247871,-115.1669702,639.6,,
3070.1,36.1248188,-115.1670096,638.9,,
3075.1,36.1248491,-115.1670507,638.3,,
3080.1,36.1248794,-115.1670918,637.7,,
3085.1,36.1249097,-115.1671329,637.1,,
3090.1,36.1249401,-115.1671740,636.6,,
3095.1,36.1249704,-115.1672151,636.2,,
3100.1,36.1250007,-115.1672563,635.8,,
3105.1,36.1250310,-115.1672974,635.4,,
3110.1,36.1250613,-115.1673385,635.1,,
3115.1,36.1250916,-115.1673796,634.9,,
3120.1,36.1251200,-115.1674226,634.7,,
3125.1,36.1251457,-115.1674682,634.5,,
3130.1,36.1251715,-115.1675139,634.4,,
3135.1,36.1251973,-115.1675595,634.3,,
3140.1,36.1252231,-115.1676051,634.2,,
3145.1,36.1252391,-115.1676570,634.2,,
3150.1,36.1252547,-115.1677092,634.1,,
3155.1,36.1252703,-115.1677614,634.1,,
3160.1,36.1252859,-115.1678136,634.0,,
3165.1,36.1253015,-115.1678658,634.0,,
3170.1,36.1253169,-115.1679181,634.0,,
3175.1,36.1253324,-115.1679704,634.0,,
3180.1,36.1253439,-115.1680241,634.0,,
3185.1,36.1253548,-115.1680781,634.0,,
3190.1,36.1253658,-115.1681321,634.0,,
3195.1,36.1253767,-115.1681861,634.0,,
3200.1,36.1253876,-115.1682401,634.1,,
3205.1,36.1253985,-115.1682941,634.1,,
3210.1,36.1254094,-115.1683481,634.1,,
3215.1,36.1254176,-115.1684028,634.2,,
3220.1,36.1254259,-115.1684576,634.2,,
3225.1,36.1254341,-115.1685123,634.3,,
3230.1,36.1254423,-115.1685670,634.4,,
3235.1,36.1254506,-115.1686217,634.5,,
3240.1,36.1254588,-115.1686764,634.7,,
3245.1,36.1254671,-115.1687311,634.9,,
3250.1,36.1254754,-115.1687858,635.0,,
3255.1,36.1254837,-115.1688405,635.3,,
3260.1,36.1254921,-115.1688952,635.5,,
3265.1,36.1255004,-115.1689499,635.8,,
3270.1,36.1255087,-115.1690046,636.0,,
3275.1,36.1255175,-115.1690592,636.3,,
3280.1,36.1255263,-115.1691138,636.5,,
3285.1,36.1255343,-115.1691685,636.8,,
3290.1,36.1255408,-115.1692236,637.0,,
3295.1,36.1255472,-115.1692787,637.2,,
3300.1,36.1255535,-115.1693338,637.3,,
3305.1,36.1255511,-115.1693833,637.4,,
3310.1,36.1255112,-115.1694091,637.5,,
3315.1,36.1254713,-115.1694348,637.4,,
3320.1,36.1254315,-115.1694605,637.4,,
3325.1,36.1253913,-115.1694856,637.2,,
3330.1,36.1253508,-115.1695098,637.1,,
3335.1,36.1253104,-115.1695340,636.9,,
3340.1,36.1252699,-115.1695583,636.7,,
3345.1,36.1252294,-115.1695825,636.4,,
3350.1,36.1251889,-115.1696067,636.1,,
3355.1,36.1251488,-115.1696319,635.9,,
3360.1,36.1251088,-115.1696574,635.6,,
3365.1,36.1250688,-115.1696828,635.4,,
3370.1,36.1250289,-115.1697083,635.1,,
3375.1,36.1249889,-115.1697338,634.9,,
3380.1,36.1249489,-115.1697593,634.8,,
3385.1,36.1249089,-115.1697847,634.7,,
3390.1,36.1248689,-115.1698102,634.6,,
3395.1,36.1248289,-115.1698357,634.6,,
3400.1,36.1247890,-115.1698611,634.6,,
3405.1,36.1247490,-115.1698866,634.6,,
3410.1,36.1247090,-115.1699121,634.7,,
3415.1,36.1246690,-115.1699376,634.9,,
3420.1,36.1246290,-115.1699630,635.1,,
3425.1,36.1245890,-115.1699885,635.3,,
3430.1,36.1245491,-115.1700140,635.6,,
3435.1,36.1245091,-115.1700394,635.9,,
3440.1,36.1244691,-115.1700649,636.2,,
3445.1,36.1244291,-115.1700904,636.6,,
3450.1,36.1243891,-115.1701159,636.9,,
3455.1,36.1243492,-115.1701413,637.3,,
3460.1,36.1243092,-115.1701668,637.6,,
3465.1,36.1242694,-115.1701927,638.0,,
3470.1,36.1242297,-115.1702188,638.3,,
3475.1,36.1241899,-115.1702449,638.6,,
3480.1,36.1241502,-115.1702710,638.9,,
3485.1,36.1241105,-115.1702971,639.3,,
3490.1,36.1240708,-115.1703233,639.6,,
3495.1,36.1240311,-115.1703494,639.9,,
3500.1,36.1239914,-115.1703755,640.2,,
3505.1,36.1239517,-115.1704016,640.5,,
3510.1,36.1239120,-115.1704277,640.8,,
3515.1,36.1238722,-115.1704538,641.1,,
3520.1,36.1238325,-115.1704800,641.5,,
3525.1,36.1237928,-115.1705061,641.8,,
3530.1,36.1237531,-115.1705322,642.2,,
3535.1,36.1237134,-115.1705583,642.6,,
3540.1,36.1236737,-115.1705845,642.9,,
3545.1,36.1236340,-115.1706106,643.3,,
3550.1,36.1235943,-115.1706367,643.7,,
3555.1,36.1235546,-115.1706629,644.0,,
3560.1,36.1235149,-115.1706890,644.4,,
3565.1,36.1234752,-115.1707151,644.7,,
3570.1,36.1234355,-115.1707412,645.0,,
3575.1,36.1233957,-115.1707672,645.3,,
3580.1,36.1233559,-115.1707931,645.5,,
3585.1,36.1233161,-115.1708189,645.7,,
3590.1,36.1232768,-115.1708461,645.8,,
3595.1,36.1232379,-115.1708739,645.9,,
3600.1,36.1231990,-115.1709018,646.0,,
3605.1,36.1231600,-115.1709296,646.0,,
3610.1,36.1231211,-115.1709575,646.0,,
3615.1,36.1230822,-115.1709853,645.9,,
3620.1,36.1230432,-115.1710131,645.8,,
3625.1,36.1230043,-115.1710409,645.7,,
3630.1,36.1229653,-115.1710687,645.6,,
3635.1,36.1229264,-115.1710966,645.4,,
3640.1,36.1228874,-115.1711244,645.3,,
3645.1,36.1228485,-115.1711522,645.1,,
3650.1,36.1228095,-115.1711800,645.0,,
3655.1,36.1227706,-115.1712078,644.9,,
3660.1,36.1227316,-115.1712356,644.8,,
3665.1,36.1226927,-115.1712634,644.8,,
3670.1,36.1226536,-115.1712911,644.7,,
3675.1,36.1226146,-115.1713187,644.7,,
3680.1,36.1225756,-115.1713464,644.7,,
3685.1,36.1225366,-115.1713741,644.7,,
3690.1,36.1224976,-115.1714018,644.8,,
3695.1,36.1224586,-115.1714295,644.8,,
3700.1,36.1224196,-115.1714572,644.8,,
3705.1,36.1223806,-115.1714849,644.9,,
3710.1,36.1223416,-115.1715126,644.9,,
3715.1,36.1223025,-115.1715403,644.9,,
3720.1,36.1222635,-115.1715679,644.8,,
3725.1,36.1222240,-115.1715944,644.8,,
3730.1,36.1221840,-115.1716199,644.7,,
3735.1,36.1221436,-115.1716444,644.6,,
3740.1,36.1221024,-115.1716665,644.5,,
3745.1,36.1220611,-115.1716887,644.4,,
3750.1,36.1220199,-115.1717109,644.3,,
3755.1,36.1219786,-115.1717330,644.2,,
3760.1,36.1219374,-115.1717552,644.2,,
3765.1,36.1218961,-115.1717773,644.2,,
3770.1,36.1218549,-115.1717995,644.1,,
3775.1,36.1218136,-115.1718217,644.2,,
3780.1,36.1217724,-115.1718438,644.3,,
3785.1,36.1217311,-115.1718660,644.4,,
3790.1,36.1216899,-115.1718881,644.6,,
3795.1,36.1216486,-115.1719103,644.8,,
3800.1,36.1216074,-115.1719325,645.0,,
3805.1,36.1215661,-115.1719546,645.3,,
3810.1,36.1215249,-115.1719768,645.6,,
3815.1,36.1214836,-115.1719989,645.9,,
3820.1,36.1214418,-115.1720193,646.2,,
3825.1,36.1213989,-115.1720358,646.4,,
3830.1,36.1213560,-115.1720524,646.7,,
3835.1,36.1213130,-115.1720689,646.9,,
3840.1,36.1212701,-115.1720855,647.1,,
3845.1,36.1212272,-115.1721020,647.2,,
3850.1,36.1211842,-115.1721186,647.3,,
3855.1,36.1211413,-115.1721351,647.4,,
3860.1,36.1210984,-115.1721516,647.4,,
3865.1,36.1210554,-115.1721682,647.4,,
3870.1,36.1210125,-115.1721847,647.5,,
3875.1,36.1209696,-115.1722013,647.4,,
3880.1,36.1209266,-115.1722178,647.4,,
3885.1,36.1208837,-115.1722344,647.4,,
3890.1,36.1208408,-115.1722509,647.4,,
3895.1,36.1207978,-115.1722674,647.4,,
3900.1,36.1207549,-115.1722840,647.4,,
3905.1,36.1207118,-115.1722999,647.5,,
3910.1,36.1206686,-115.1723153,647.6,,
3915.1,36.1206254,-115.1723309,647.7,,
3920.1,36.1205823,-115.1723465,647.8,,
3925.1,36.1205391,-115.1723622,648.0,,
3930.1,36.1204960,-115.1723778,648.2,,
3935.1,36.1204528,-115.1723935,648.5,,
3940.1,36.1204097,-115.1724092,648.8,,
3945.1,36.1203665,-115.1724248,649.2,,
3950.1,36.1203234,-115.1724405,649.5,,
3955.1,36.1202802,-115.1724562,649.9,,
3960.1,36.1202371,-115.1724718,650.4,,
3965.1,36.1201939,-115.1724875,650.9,,
3970.1,36.1201508,-115.1725032,651.3,,
3975.1,36.1201076,-115.1725188,651.8,,
3980.1,36.1200642,-115.1725333,652.4,,
3985.1,36.1200207,-115.1725474,652.9,,
3990.1,36.1199772,-115.1725616,653.4,,
3995.1,36.1199337,-115.1725758,653.9,,
4000.1,36.1198903,-115.1725900,654.4,,
4005.1,36.1198464,-115.1726021,654.8,,
4010.1,36.1198028,-115.1726158,655.2,,
4015.1,36.1197592,-115.1726296,655.6,,
4020.1,36.1197155,-115.1726424,655.9,,
4025.1,36.1196716,-115.1726548,656.1,,
4030.1,36.1196278,-115.1726673,656.3,,
4035.1,36.1195838,-115.1726787,656.4,,
4040.1,36.1195397,-115.1726896,656.5,,
4045.1,36.1194956,-115.1727006,656.4,,
4050.1,36.1194517,-115.1727122,656.4,,
4055.1,36.1194077,-115.1727238,656.2,,
4060.1,36.1193637,-115.1727354,656.0,,
4065.1,36.1193197,-115.1727470,655.8,,
4070.1,36.1192757,-115.1727586,655.5,,
4075.1,36.1192315,-115.1727684,655.2,,
4080.1,36.1191871,-115.1727771,654.9,,
4085.1,36.1191427,-115.1727858,654.6,,
4090.1,36.1190982,-115.1727946,654.4,,
4095.1,36.1190538,-115.1728033,654.1,,
4100.1,36.1190094,-115.1728120,653.9,,
4105.1,36.1189650,-115.1728207,653.8,,
4110.1,36.1189206,-115.1728294,653.6,,
4115.1,36.1188759,-115.1728357,653.6,,
4120.1,36.1188312,-115.1728421,653.6,,
4125.1,36.1187866,-115.1728484,653.6,,
4130.1,36.1187419,-115.1728547,653.7,,
4135.1,36.1186972,-115.1728610,653.9,,
4140.1,36.1186525,-115.1728674,654.0,,
4145.1,36.1186079,-115.1728737,654.2,,
4150.1,36.1185632,-115.1728800,654.5,,
4155.1,36.1185185,-115.1728864,654.7,,
4160.1,36.1184738,-115.1728927,654.9,,
4165.1,36.1184292,-115.1728990,655.1,,
4170.1,36.1183845,-115.1729053,655.3,,
4175.1,36.1183398,-115.1729117,655.4,,
4180.1,36.1182951,-115.1729180,655.5,,
4185.1,36.1182505,-115.1729243,655.5,,
4190.1,36.1182058,-115.1729306,655.5,,
4195.1,36.1181611,-115.1729369,655.4,,
4200.1,36.1181162,-115.1729405,655.3,,
4205.1,36.1180713,-115.1729436,655.0,,
4210.1,36.1180264,-115.1729466,654.8,,
4215.1,36.1179815,-115.1729496,654.5,,
4220.1,36.1179366,-115.1729526,654.1,,
4225.1,36.1178917,-115.1729556,653.8,,
4230.1,36.1178468,-115.1729586,653.4,,
4235.1,36.1178019,-115.1729616,653.0,,
4240.1,36.1177570,-115.1729646,652.6,,
4245.1,36.1177121,-115.1729676,652.2,,
4250.1,36.1176672,-115.1729706,651.9,,
4255.1,36.1176223,-115.1729736,651.6,,
4260.1,36.1175774,-115.1729766,651.3,,
4265.1,36.1175325,-115.1729796,651.1,,
4270.1,36.1174876,-115.1729829,650.9,,
4275.1,36.1174427,-115.1729843,650.8,,
4280.1,36.1173977,-115.1729854,650.7,,
4285.1,36.1173528,-115.1729875,650.6,,
4290.1,36.1173079,-115.1729894,650.5,,
4295.1,36.1172629,-115.1729900,650.5,,
4300.1,36.1172179,-115.1729896,650.4,,
4305.1,36.1171730,-115.1729892,650.4,,
4310.1,36.1171280,-115.1729888,650.3,,
4315.1,36.1170830,-115.1729884,650.3,,
4320.1,36.1170381,-115.1729880,650.2,,
4325.1,36.1169931,-115.1729876,650.2,,
4330.1,36.1169481,-115.1729875,650.1,,
4335.1,36.1169032,-115.1729877,650.1,,
4340.1,36.1168582,-115.1729879,650.0,,
4345.1,36.1168132,-115.1729880,649.9,,
4350.1,36.1167683,-115.1729882,649.8,,
4355.1,36.1167233,-115.1729884,649.8,,
4360.1,36.1166783,-115.1729886,649.7,,
4365.1,36.1166334,-115.1729888,649.7,,
4370.1,36.1165884,-115.1729890,649.6,,
4375.1,36.1165434,-115.1729891,649.6,,
4380.1,36.1164985,-115.1729893,649.6,,
4385.1,36.1164535,-115.1729895,649.6,,
4390.1,36.1164085,-115.1729897,649.6,,
4395.1,36.1163636,-115.1729899,649.7,,
4400.1,36.1163186,-115.1729901,649.7,,
4405.1,36.1162736,-115.1729903,649.8,,
4410.1,36.1162287,-115.1729904,649.8,,
4415.1,36.1161837,-115.1729906,649.9,,
4420.1,36.1161387,-115.1729908,649.9,,
4425.1,36.1160938,-115.1729910,649.9,,
4430.1,36.1160488,-115.1729912,649.9,,
4435.1,36.1160038,-115.1729914,649.8,,
4440.1,36.1159589,-115.1729915,649.8,,
4445.1,36.1159139,-115.1729914,649.7,,
4450.1,36.1158689,-115.1729911,649.6,,
4455.1,36.1158240,-115.1729907,649.5,,
4460.1,36.1157790,-115.1729904,649.4,,
4465.1,36.1157340,-115.1729901,649.2,,
4470.1,36.1156891,-115.1729897,649.1,,
4475.1,36.1156441,-115.1729894,649.0,,
4480.1,36.1155991,-115.1729891,648.9,,
4485.1,36.1155542,-115.1729888,648.8,,
4490.1,36.1155092,-115.1729884,648.7,,
4495.1,36.1154642,-115.1729881,648.6,,
4500.1,36.1154193,-115.1729878,648.6,,
4505.1,36.1153743,-115.1729875,648.6,,
4510.1,36.1153293,-115.1729871,648.6,,
4515.1,36.1152844,-115.1729868,648.6,,
4520.1,36.1152394,-115.1729865,648.7,,
4525.1,36.1151944,-115.1729861,648.7,,
4530.1,36.1151495,-115.1729858,648.8,,
4535.1,36.1151045,-115.1729855,648.9,,
4540.1,36.1150595,-115.1729852,649.0,,
4545.1,36.1150146,-115.1729848,649.1,,
4550.1,36.1149696,-115.1729845,649.2,,
4555.1,36.1149246,-115.1729842,649.3,,
4560.1,36.1148797,-115.1729839,649.4,,
4565.1,36.1148347,-115.1729836,649.5,,
4570.1,36.1147897,-115.1729832,649.5,,
4575.1,36.1147448,-115.1729847,649.5,,
4580.1,36.1146999,-115.1729875,649.5,,
4585.1,36.1146550,-115.1729904,649.5,,
4590.1,36.1146101,-115.1729932,649.4,,
4595.1,36.1145652,-115.1729961,649.3,,
4600.1,36.1145203,-115.1729989,649.2,,
4605.1,36.1144753,-115.1730018,649.0,,
4610.1,36.1144304,-115.1730046,648.9,,
4615.1,36.1143855,-115.1730075,648.6,,
4620.1,36.1143406,-115.1730103,648.4,,
4625.1,36.1142957,-115.1730132,648.1,,
4630.1,36.1142508,-115.1730160,647.9,,
4635.1,36.1142059,-115.1730189,647.6,,
4640.1,36.1141610,-115.1730217,647.3,,
4645.1,36.1141161,-115.1730246,647.1,,
4650.1,36.1140712,-115.1730274,646.8,,
4655.1,36.1140263,-115.1730301,646.6,,
4660.1,36.1139813,-115.1730310,646.4,,
4665.1,36.1139363,-115.1730318,646.2,,
4670.1,36.1138914,-115.1730326,646.0,,
4675.1,36.1138464,-115.1730334,645.9,,
4680.1,36.1138014,-115.1730342,645.9,,
4685.1,36.1137565,-115.1730351,645.9,,
4690.1,36.1137115,-115.1730359,645.9,,
4695.1,36.1136666,-115.1730367,645.9,,
4700.1,36.1136216,-115.1730375,646.0,,
4705.1,36.1135766,-115.1730383,646.2,,
4710.1,36.1135317,-115.1730391,646.3,,
4715.1,36.1134867,-115.1730400,646.5,,
4720.1,36.1134417,-115.1730408,646.7,,
4725.1,36.1133968,-115.1730416,647.0,,
4730.1,36.1133518,-115.1730424,647.2,,
4735.1,36.1133069,-115.1730432,647.5,,
4740.1,36.1132619,-115.1730440,647.7,,
4745.1,36.1132169,-115.1730449,647.9,,
4750.1,36.1131720,-115.1730457,648.1,,
4755.1,36.1131270,-115.1730465,648.3,,
4760.1,36.1130820,-115.1730473,648.4,,
4765.1,36.1130371,-115.1730481,648.5,,
4770.1,36.1129921,-115.1730495,648.5,,
4775.1,36.1129472,-115.1730514,648.6,,
4780.1,36.1129022,-115.1730533,648.6,,
4785.1,36.1128573,-115.1730552,648.5,,
4790.1,36.1128124,-115.1730571,648.5,,
4795.1,36.1127674,-115.1730590,648.5,,
4800.1,36.1127225,-115.1730609,648.4,,
4805.1,36.1126775,-115.1730627,648.4,,
4810.1,36.1126326,-115.1730646,648.3,,
4815.1,36.1125877,-115.1730665,648.3,,
4820.1,36.1125427,-115.1730685,648.3,,
4825.1,36.1124978,-115.1730705,648.3,,
4830.1,36.1124528,-115.1730725,648.3,,
4835.1,36.1124079,-115.1730745,648.3,,
4840.1,36.1123630,-115.1730765,648.3,,
4845.1,36.1123180,-115.1730785,648.4,,
4850.1,36.1122731,-115.1730804,648.5,,
4855.1,36.1122282,-115.1730824,648.7,,
4860.1,36.1121832,-115.1730844,648.8,,
4865.1,36.1121383,-115.1730864,649.0,,
4870.1,36.1120933,-115.1730883,649.1,,
4875.1,36.1120484,-115.1730902,649.3,,
4880.1,36.1120035,-115.1730922,649.5,,
4885.1,36.1119585,-115.1730941,649.8,,
4890.1,36.1119136,-115.1730958,650.0,,
4895.1,36.1118686,-115.1730973,650.2,,
4900.1,36.1118237,-115.1730987,650.4,,
4905.1,36.1117787,-115.1731002,650.6,,
4910.1,36.1117338,-115.1731020,650.7,,
4915.1,36.1116888,-115.1731040,650.9,,
4920.1,36.1116439,-115.1731060,651.0,,
4925.1,36.1115990,-115.1731080,651.1,,
4930.1,36.1115540,-115.1731100,651.2,,
4935.1,36.1115091,-115.1731120,651.2,,
4940.1,36.1114641,-115.1731138,651.2,,
4945.1,36.1114192,-115.1731156,651.2,,
4950.1,36.1113742,-115.1731174,651.2,,
4955.1,36.1113293,-115.1731192,651.1,,
4960.1,36.1112844,-115.1731210,651.0,,
4965.1,36.1112394,-115.1731229,651.0,,
4970.1,36.1111945,-115.1731249,650.9,,
4975.1,36.1111495,-115.1731268,650.9,,
4980.1,36.1111046,-115.1731288,650.8,,
4985.1,36.1110597,-115.1731307,650.9,,
4990.1,36.1110147,-115.1731322,650.9,,
4995.1,36.1109698,-115.1731336,650.9,,
5000.1,36.1109248,-115.1731344,651.0,,
5005.1,36.1108798,-115.1731349,651.2,,
5010.1,36.1108349,-115.1731354,651.3,,
5015.1,36.1107899,-115.1731359,651.5,,
5020.1,36.1107449,-115.1731364,651.7,,
5025.1,36.1107000,-115.1731369,652.0,,
5030.1,36.1106550,-115.1731374,652.3,,
5035.1,36.1106100,-115.1731379,652.6,,
5040.1,36.1105651,-115.1731384,652.8,,
5045.1,36.1105201,-115.1731389,653.1,,
5050.1,36.1104751,-115.1731394,653.3,,
5055.1,36.1104302,-115.1731399,653.4,,
5060.1,36.1103852,-115.1731402,653.6,,
5065.1,36.1103402,-115.1731410,653.6,,
5070.1,36.1102953,-115.1731418,653.6,,
5075.1,36.1102503,-115.1731422,653.5,,
5080.1,36.1102054,-115.1731426,653.4,,
5085.1,36.1101604,-115.1731429,653.1,,
5090.1,36.1101154,-115.1731433,652.8,,
5095.1,36.1100705,-115.1731437,652.4,,
5100.1,36.1100255,-115.1731440,652.0,,
5105.1,36.1099805,-115.1731444,651.5,,
5110.1,36.1099356,-115.1731448,651.0,,
5115.1,36.1098906,-115.1731451,650.4,,
5120.1,36.1098456,-115.1731451,649.8,,
5125.1,36.1098007,-115.1731450,649.2,,
5130.1,36.1097557,-115.1731448,648.6,,
5135.1,36.1097107,-115.1731447,648.0,,
5140.1,36.1096658,-115.1731446,647.4,,
5145.1,36.1096208,-115.1731444,646.9,,
5150.1,36.1095758,-115.1731443,646.3,,
5155.1,36.1095309,-115.1731442,645.9,,
5160.1,36.1094859,-115.1731440,645.5,,
5165.1,36.1094409,-115.1731439,645.2,,
5170.1,36.1093960,-115.1731436,644.9,,
5175.1,36.1093510,-115.1731432,644.8,,
5180.1,36.1093060,-115.1731429,644.6,,
5185.1,36.1092611,-115.1731425,644.6,,
5190.1,36.1092161,-115.1731421,644.6,,
5195.1,36.1091711,-115.1731418,644.7,,
5200.1,36.1091262,-115.1731420,644.8,,
5205.1,36.1090812,-115.1731429,645.0,,
5210.1,36.1090362,-115.1731437,645.2,,
5215.1,36.1089913,-115.1731448,645.4,,
5220.1,36.1089463,-115.1731465,645.7,,
5225.1,36.1089014,-115.1731482,645.9,,
5230.1,36.1088564,-115.1731500,646.2,,
5235.1,36.1088115,-115.1731517,646.5,,
5240.1,36.1087800,-115.1731122,646.8,,
5245.1,36.1087485,-115.1730724,647.1,,
5250.1,36.1087171,-115.1730326,647.4,,
5255.1,36.1086856,-115.1729928,647.8,,
5260.1,36.1086534,-115.1729540,648.1,,
5265.2,36.1086208,-115.1729156,648.5,,
5270.2,36.1085883,-115.1728772,648.8,,
5275.2,36.1085557,-115.1728388,649.2,,
5280.2,36.1085232,-115.1728004,649.6,,
5285.2,36.1084913,-115.1727611,650.0,,
5290.2,36.1084595,-115.1727219,650.4,,
5295.2,36.1084276,-115.1726826,650.8,,
5300.2,36.1083957,-115.1726434,651.2,,
5305.2,36.1083638,-115.1726041,651.5,,
5310.2,36.1083319,-115.1725649,651.9,,
5315.2,36.1083013,-115.1725241,652.1,,
5320.2,36.1082708,-115.1724832,652.4,,
5325.2,36.1082403,-115.1724423,652.6,,
5330.2,36.1082097,-115.1724015,652.7,,
5335.2,36.1081792,-115.1723606,652.8,,
5340.2,36.1081498,-115.1723185,652.9,,
5345.2,36.1081212,-115.1722755,652.8,,
5350.2,36.1080925,-115.1722328,652.8,,
5355.2,36.1080641,-115.1721897,652.7,,
5360.2,36.1080413,-115.1721417,652.6,,
5365.2,36.1080208,-115.1720923,652.4,,
5370.2,36.1080061,-115.1720398,652.3,,
5375.2,36.1079962,-115.1719856,652.1,,
5380.2,36.1079880,-115.1719309,651.9,,
5385.2,36.1079837,-115.1718755,651.7,,
5390.2,36.1079809,-115.1718200,651.5,,
5395.2,36.1079790,-115.1717644,651.3,,
5400.2,36.1079776,-115.1717088,651.2,,
5405.2,36.1079762,-115.1716531,651.0,,
5410.2,36.1079749,-115.1715975,650.9,,
5415.2,36.1079735,-115.1715419,650.8,,
5420.2,36.1079721,-115.1714862,650.7,,
5425.2,36.1079707,-115.1714306,650.7,,
5430.2,36.1079694,-115.1713749,650.6,,
5435.2,36.1079680,-115.1713193,650.6,,
5440.2,36.1079672,-115.1712637,650.6,,
5445.2,36.1079676,-115.1712080,650.6,,
5450.2,36.1079680,-115.1711524,650.7,,
5455.2,36.1079684,-115.1710967,650.7,,
5460.2,36.1079688,-115.1710410,650.7,,
5465.2,36.1079692,-115.1709854,650.8,,
5470.2,36.1079696,-115.1709297,650.8,,
5475.2,36.1079696,-115.1708741,650.9,,
5480.2,36.1079692,-115.1708184,650.9,,
5485.2,36.1079689,-115.1707627,650.9,,
5490.2,36.1079685,-115.1707071,650.9,,
5495.2,36.1079681,-115.1706514,651.0,,
5500.2,36.1079677,-115.1705958,651.0,,
5505.2,36.1079674,-115.1705401,651.0,,
5510.2,36.1079670,-115.1704845,651.0,,
5515.2,36.1079666,-115.1704288,651.0,,
5520.2,36.1079663,-115.1703731,651.0,,
5525.2,36.1079659,-115.1703175,651.0,,
5530.2,36.1079655,-115.1702618,651.0,,
5535.2,36.1079652,-115.1702062,651.1,,
5540.2,36.1079640,-115.1701505,651.1,,
5545.2,36.1079628,-115.1700949,651.2,,
5550.2,36.1079623,-115.1700392,651.2,,
5555.2,36.1079619,-115.1699836,651.3,,
5560.2,36.1079614,-115.1699279,651.4,,
5565.2,36.1079610,-115.1698723,651.5,,
5570.2,36.1079605,-115.1698166,651.6,,
5575.2,36.1079600,-115.1697609,651.8,,
5580.2,36.1079594,-115.1697053,652.0,,
5585.2,36.1079589,-115.1696496,652.2,,
5590.2,36.1079583,-115.1695940,652.4,,
5595.2,36.1079578,-115.1695383,652.6,,
5600.2,36.1079573,-115.1694827,652.8,,
5605.2,36.1079567,-115.1694270,652.9,,
5610.2,36.1079562,-115.1693713,653.1,,
5615.2,36.1079556,-115.1693157,653.2,,
5620.2,36.1079551,-115.1692600,653.3,,
5625.2,36.1079545,-115.1692044,653.3,,
5630.2,36.1079540,-115.1691487,653.3,,
5635.2,36.1079535,-115.1690931,653.1,,
5640.2,36.1079529,-115.1690374,653.0,,
5645.2,36.1079524,-115.1689818,652.7,,
5650.2,36.1079518,-115.1689261,652.4,,
5655.2,36.1079513,-115.1688704,652.0,,
5660.2,36.1079508,-115.1688148,651.7,,
5665.2,36.1079502,-115.1687591,651.3,,
5670.2,36.1079497,-115.1687035,650.9,,
5675.2,36.1079503,-115.1686478,650.6,,
5680.2,36.1079509,-115.1685922,650.2,,
5685.2,36.1079514,-115.1685365,649.9,,
5690.2,36.1079520,-115.1684808,649.7,,
5695.2,36.1079523,-115.1684252,649.5,,
5700.2,36.1079524,-115.1683695,649.4,,
5705.2,36.1079525,-115.1683139,649.4,,
5710.2,36.1079526,-115.1682582,649.3,,
5715.2,36.1079528,-115.1682025,649.4,,
5720.2,36.1079529,-115.1681469,649.4,,
5725.2,36.1079530,-115.1680912,649.6,,
5730.2,36.1079531,-115.1680356,649.7,,
5735.2,36.1079532,-115.1679799,649.8,,
5740.2,36.1079533,-115.1679242,650.0,,
5745.2,36.1079535,-115.1678686,650.2,,
5750.2,36.1079536,-115.1678129,650.3,,
5755.2,36.1079537,-115.1677573,650.5,,
5760.2,36.1079538,-115.1677016,650.6,,
5765.2,36.1079539,-115.1676459,650.8,,
5770.2,36.1079540,-115.1675903,650.9,,
5775.2,36.1079539,-115.1675346,651.0,,
5780.2,36.1079539,-115.1674790,651.2,,
5785.2,36.1079538,-115.1674233,651.3,,
5790.2,36.1079537,-115.1673676,651.4,,
5795.2,36.1079536,-115.1673120,651.4,,
5800.2,36.1079536,-115.1672563,651.5,,
5805.2,36.1079535,-115.1672007,651.5,,
5810.2,36.1079534,-115.1671450,651.6,,
5815.2,36.1079534,-115.1670893,651.5,,
5820.2,36.1079533,-115.1670337,651.5,,
5825.2,36.1079532,-115.1669780,651.3,,
5830.2,36.1079532,-115.1669224,651.2,,
5835.2,36.1079531,-115.1668667,651.0,,
5840.2,36.1079530,-115.1668110,650.8,,
5845.2,36.1079529,-115.1667554,650.5,,
5850.2,36.1079529,-115.1666997,650.1,,
5855.2,36.1079528,-115.1666441,649.7,,
5860.2,36.1079527,-115.1665884,649.4,,
5865.2,36.1079527,-115.1665327,648.9,,
5870.2,36.1079526,-115.1664771,648.5,,
5875.2,36.1079525,-115.1664214,648.1,,
5880.2,36.1079525,-115.1663658,647.7,,
5885.2,36.1079524,-115.1663101,647.4,,
5890.2,36.1079523,-115.1662544,647.0,,
5895.2,36.1079524,-115.1661988,646.8,,
5900.2,36.1079526,-115.1661431,646.5,,
5905.2,36.1079527,-115.1660875,646.3,,
5910.2,36.1079529,-115.1660318,646.1,,
5915.2,36.1079531,-115.1659761,646.0,,
5920.2,36.1079532,-115.1659205,645.9,,
5925.2,36.1079534,-115.1658648,645.8,,
5930.2,36.1079536,-115.1658092,645.7,,
5935.2,36.1079536,-115.1657535,645.6,,
5940.2,36.1079529,-115.1656978,645.5,,
5945.2,36.1079522,-115.1656422,645.4,,
5950.2,36.1079516,-115.1655865,645.3,,
5955.2,36.1079509,-115.1655309,645.1,,
5960.2,36.1079502,-115.1654752,645.0,,
5965.2,36.1079495,-115.1654196,644.7,,
5970.2,36.1079488,-115.1653639,644.5,,
5975.2,36.1079482,-115.1653083,644.3,,
5980.2,36.1079475,-115.1652526,644.0,,
5985.2,36.1079476,-115.1651970,643.7,,
5990.2,36.1079481,-115.1651413,643.4,,
5995.2,36.1079485,-115.1650856,643.1,,
6000.2,36.1079490,-115.1650300,642.9,,
6005.2,36.1079494,-115.1649743,642.6,,
6010.2,36.1079499,-115.1649187,642.3,,
6015.2,36.1079503,-115.1648630,642.1,,
6020.2,36.1079508,-115.1648074,641.9,,
6025.2,36.1079512,-115.1647517,641.7,,
6030.2,36.1079514,-115.1646960,641.5,,
6035.2,36.1079515,-115.1646404,641.4,,
6040.2,36.1079516,-115.1645847,641.3,,
6045.2,36.1079516,-115.1645291,641.2,,
6050.2,36.1079517,-115.1644734,641.1,,
6055.2,36.1079517,-115.1644177,641.0,,
6060.2,36.1079518,-115.1643621,640.9,,
6065.2,36.1079518,-115.1643064,640.8,,
6070.2,36.1079519,-115.1642508,640.7,,
6075.2,36.1079519,-115.1641951,640.7,,
6080.2,36.1079520,-115.1641394,640.6,,
6085.2,36.1079520,-115.1640838,640.5,,
6090.2,36.1079521,-115.1640281,640.5,,
6095.2,36.1079596,-115.1639732,640.4,,
6100.2,36.1079672,-115.1639184,640.4,,
6105.2,36.1079808,-115.1638656,640.4,,
6110.2,36.1079971,-115.1638137,640.3,,
6115.2,36.1080133,-115.1637618,640.3,,
6120.2,36.1080296,-115.1637099,640.3,,
6125.2,36.1080458,-115.1636580,640.4,,
6130.2,36.1080613,-115.1636057,640.4,,
6135.2,36.1080767,-115.1635534,640.5,,
6140.2,36.1080926,-115.1635014,640.6,,
6145.2,36.1081114,-115.1634508,640.7,,
6150.2,36.1081303,-115.1634003,640.7,,
6155.2,36.1081491,-115.1633498,640.9,,
6160.2,36.1081675,-115.1632990,641.0,,
6165.2,36.1081857,-115.1632481,641.1,,
6170.2,36.1082039,-115.1631972,641.2,,
6175.2,36.1082221,-115.1631463,641.3,,
6180.2,36.1082460,-115.1630992,641.5,,
6185.2,36.1082701,-115.1630521,641.6,,
6190.2,36.1082941,-115.1630051,641.7,,
6195.2,36.1083212,-115.1629610,641.9,,
6200.2,36.1083514,-115.1629197,642.0,,
6205.2,36.1083816,-115.1628785,642.2,,
