# lusail: centreline in race direction, 5 m spacing. Source: OpenStreetMap contributors (ODbL); elevation srtm30m via OpenTopoData
# widths are metres from the centreline to the track edge (TUMFTM only, blank for OSM)
s_m,lat,lon,elev_m,w_right_m,w_left_m
0.0,25.4908340,51.4486526,10.8,,
5.0,25.4908717,51.4486254,11.1,,
10.0,25.4909094,51.4485982,11.3,,
15.0,25.4909466,51.4485703,11.4,,
20.0,25.4909836,51.4485420,11.6,,
25.0,25.4910205,51.4485136,11.7,,
30.0,25.4910575,51.4484852,11.9,,
35.0,25.4910950,51.4484577,12.0,,
40.0,25.4911340,51.4484329,12.1,,
45.0,25.4911734,51.4484089,12.3,,
50.0,25.4912133,51.4483859,12.4,,
55.0,25.4912532,51.4483629,12.5,,
60.0,25.4912932,51.4483402,12.5,,
65.0,25.4913332,51.4483174,12.6,,
70.0,25.4913732,51.4482946,12.7,,
75.0,25.4914132,51.4482718,12.7,,
80.0,25.4914532,51.4482491,12.7,,
85.0,25.4914932,51.4482263,12.8,,
90.0,25.4915332,51.4482035,12.7,,
95.0,25.4915732,51.4481807,12.7,,
100.0,25.4916132,51.4481580,12.7,,
105.0,25.4916532,51.4481352,12.7,,
110.0,25.4916932,51.4481124,12.6,,
115.0,25.4917332,51.4480896,12.6,,
120.0,25.4917732,51.4480668,12.5,,
125.0,25.4918132,51.4480441,12.4,,
130.0,25.4918532,51.4480213,12.4,,
135.0,25.4918932,51.4479985,12.3,,
140.0,25.4919332,51.4479757,12.3,,
145.0,25.4919729,51.4479524,12.3,,
150.0,25.4920124,51.4479287,12.2,,
155.0,25.4920520,51.4479050,12.2,,
160.0,25.4920915,51.4478812,12.2,,
165.0,25.4921311,51.4478575,12.3,,
170.0,25.4921706,51.4478338,12.3,,
175.0,25.4922102,51.4478100,12.3,,
180.0,25.4922497,51.4477863,12.3,,
185.0,25.4922892,51.4477626,12.4,,
190.0,25.4923288,51.4477389,12.4,,
195.0,25.4923683,51.4477151,12.5,,
200.0,25.4924079,51.4476914,12.5,,
205.0,25.4924474,51.4476677,12.5,,
210.0,25.4924870,51.4476439,12.5,,
215.0,25.4925265,51.4476202,12.5,,
220.0,25.4925664,51.4475973,12.5,,
225.0,25.4926066,51.4475750,12.5,,
230.0,25.4926490,51.4475583,12.5,,
235.0,25.4926920,51.4475442,12.5,,
240.0,25.4927360,51.4475336,12.4,,
245.0,25.4927806,51.4475282,12.4,,
250.0,25.4928255,51.4475252,12.5,,
255.0,25.4928704,51.4475273,12.5,,
260.0,25.4929150,51.4475331,12.6,,
265.0,25.4929593,51.4475415,12.6,,
270.0,25.4930023,51.4475560,12.7,,
275.0,25.4930446,51.4475726,12.8,,
280.0,25.4930857,51.4475929,13.0,,
285.0,25.4931246,51.4476178,13.1,,
290.0,25.4931620,51.4476455,13.3,,
295.0,25.4931976,51.4476757,13.5,,
300.0,25.4932303,51.4477100,13.7,,
305.0,25.4932605,51.4477468,13.8,,
310.0,25.4932886,51.4477856,14.0,,
315.0,25.4933134,51.4478272,14.1,,
320.0,25.4933348,51.4478709,14.2,,
325.0,25.4933534,51.4479162,14.4,,
330.0,25.4933680,51.4479633,14.4,,
335.0,25.4933783,51.4480118,14.4,,
340.0,25.4933854,51.4480610,14.4,,
345.0,25.4933894,51.4481105,14.3,,
350.0,25.4933903,51.4481603,14.2,,
355.0,25.4933870,51.4482100,14.1,,
360.0,25.4933797,51.4482591,14.0,,
365.0,25.4933703,51.4483078,13.8,,
370.0,25.4933565,51.4483552,13.6,,
375.0,25.4933397,51.4484013,13.5,,
380.0,25.4933208,51.4484465,13.3,,
385.0,25.4932969,51.4484887,13.1,,
390.0,25.4932731,51.4485310,12.9,,
395.0,25.4932493,51.4485733,12.8,,
400.0,25.4932255,51.4486155,12.7,,
405.0,25.4932018,51.4486578,12.5,,
410.1,25.4931780,51.4487001,12.5,,
415.1,25.4931542,51.4487424,12.4,,
420.1,25.4931304,51.4487847,12.3,,
425.1,25.4931066,51.4488270,12.3,,
430.1,25.4930829,51.4488693,12.3,,
435.1,25.4930591,51.4489115,12.3,,
440.1,25.4930353,51.4489538,12.3,,
445.1,25.4930115,51.4489961,12.3,,
450.1,25.4929878,51.4490384,12.4,,
455.1,25.4929640,51.4490807,12.5,,
460.1,25.4929402,51.4491230,12.5,,
465.1,25.4929164,51.4491653,12.6,,
470.1,25.4928926,51.4492076,12.6,,
475.1,25.4928689,51.4492499,12.7,,
480.1,25.4928451,51.4492921,12.7,,
485.1,25.4928213,51.4493344,12.8,,
490.1,25.4927975,51.4493767,12.8,,
495.1,25.4927738,51.4494190,12.8,,
500.1,25.4927500,51.4494613,12.9,,
505.1,25.4927262,51.4495036,12.9,,
510.1,25.4927025,51.4495459,12.9,,
515.1,25.4926787,51.4495882,12.8,,
520.1,25.4926549,51.4496305,12.8,,
525.1,25.4926311,51.4496728,12.8,,
530.1,25.4926074,51.4497150,12.7,,
535.1,25.4925836,51.4497573,12.7,,
540.1,25.4925596,51.4497995,12.6,,
545.1,25.4925354,51.4498414,12.6,,
550.1,25.4925155,51.4498861,12.5,,
555.1,25.4924979,51.4499318,12.4,,
560.1,25.4924841,51.4499793,12.3,,
565.1,25.4924743,51.4500278,12.3,,
570.1,25.4924669,51.4500769,12.2,,
575.1,25.4924645,51.4501266,12.1,,
580.1,25.4924653,51.4501763,12.0,,
585.1,25.4924687,51.4502260,12.0,,
590.1,25.4924777,51.4502748,11.9,,
595.1,25.4924891,51.4503229,11.8,,
600.1,25.4925037,51.4503700,11.7,,
605.1,25.4925229,51.4504151,11.6,,
610.1,25.4925442,51.4504588,11.5,,
615.1,25.4925691,51.4505003,11.4,,
620.1,25.4925974,51.4505390,11.3,,
625.1,25.4926275,51.4505759,11.2,,
630.1,25.4926610,51.4506091,11.1,,
635.1,25.4926967,51.4506392,11.0,,
640.1,25.4927341,51.4506668,11.0,,
645.1,25.4927758,51.4506853,10.9,,
650.1,25.4928180,51.4507024,10.9,,
655.1,25.4928612,51.4507164,10.9,,
660.1,25.4929049,51.4507279,10.9,,
665.1,25.4929491,51.4507374,11.0,,
670.1,25.4929937,51.4507431,11.1,,
675.1,25.4930385,51.4507478,11.1,,
680.1,25.4930834,51.4507478,11.3,,
685.1,25.4931284,51.4507475,11.4,,
690.1,25.4931734,51.4507469,11.5,,
695.1,25.4932183,51.4507464,11.7,,
700.1,25.4932633,51.4507458,11.8,,
705.1,25.4933083,51.4507453,12.0,,
710.1,25.4933532,51.4507447,12.1,,
715.1,25.4933982,51.4507442,12.2,,
720.1,25.4934432,51.4507436,12.3,,
725.1,25.4934881,51.4507431,12.3,,
730.1,25.4935331,51.4507425,12.4,,
735.1,25.4935781,51.4507420,12.4,,
740.1,25.4936230,51.4507414,12.4,,
745.1,25.4936680,51.4507409,12.4,,
750.1,25.4937130,51.4507403,12.4,,
755.1,25.4937580,51.4507398,12.3,,
760.1,25.4938029,51.4507392,12.3,,
765.1,25.4938479,51.4507387,12.2,,
770.1,25.4938929,51.4507381,12.2,,
775.1,25.4939378,51.4507376,12.1,,
780.1,25.4939828,51.4507371,12.1,,
785.1,25.4940278,51.4507365,12.0,,
790.1,25.4940727,51.4507360,11.9,,
795.1,25.4941177,51.4507351,11.9,,
800.1,25.4941626,51.4507328,11.8,,
805.1,25.4942075,51.4507325,11.7,,
810.1,25.4942525,51.4507345,11.7,,
815.1,25.4942972,51.4507397,11.6,,
820.1,25.4943418,51.4507461,11.5,,
825.1,25.4943858,51.4507564,11.4,,
830.1,25.4944294,51.4507682,11.4,,
835.1,25.4944725,51.4507825,11.3,,
840.1,25.4945147,51.4507995,11.3,,
845.1,25.4945565,51.4508179,11.2,,
850.1,25.4945968,51.4508401,11.2,,
855.1,25.4946367,51.4508630,11.2,,
860.1,25.4946749,51.4508893,11.2,,
865.1,25.4947124,51.4509167,11.1,,
870.1,25.4947483,51.4509467,11.2,,
875.1,25.4947829,51.4509784,11.2,,
880.1,25.4948163,51.4510118,11.2,,
885.1,25.4948495,51.4510454,11.3,,
890.1,25.4948828,51.4510789,11.4,,
895.1,25.4949160,51.4511125,11.4,,
900.1,25.4949492,51.4511461,11.5,,
905.1,25.4949825,51.4511796,11.6,,
910.1,25.4950157,51.4512132,11.7,,
915.1,25.4950489,51.4512468,11.8,,
920.1,25.4950822,51.4512803,11.9,,
925.1,25.4951154,51.4513139,12.0,,
930.1,25.4951486,51.4513475,12.1,,
935.1,25.4951819,51.4513810,12.2,,
940.1,25.4952151,51.4514145,12.3,,
945.1,25.4952484,51.4514481,12.3,,
950.1,25.4952817,51.4514816,12.3,,
955.1,25.4953149,51.4515152,12.3,,
960.1,25.4953482,51.4515487,12.2,,
965.1,25.4953814,51.4515822,12.2,,
970.1,25.4954147,51.4516158,12.1,,
975.1,25.4954479,51.4516493,12.0,,
980.1,25.4954812,51.4516829,11.8,,
985.1,25.4955144,51.4517164,11.7,,
990.1,25.4955477,51.4517500,11.6,,
995.1,25.4955809,51.4517835,11.4,,
1000.1,25.4956142,51.4518170,11.2,,
1005.1,25.4956474,51.4518506,11.1,,
1010.1,25.4956807,51.4518841,10.9,,
1015.1,25.4957139,51.4519177,10.8,,
1020.1,25.4957472,51.4519512,10.6,,
1025.1,25.4957804,51.4519848,10.5,,
1030.1,25.4958137,51.4520183,10.3,,
1035.1,25.4958469,51.4520518,10.2,,
1040.1,25.4958802,51.4520854,10.1,,
1045.1,25.4959135,51.4521189,9.9,,
1050.1,25.4959467,51.4521525,9.8,,
1055.1,25.4959800,51.4521860,9.7,,
1060.1,25.4960132,51.4522195,9.6,,
1065.1,25.4960465,51.4522531,9.5,,
1070.1,25.4960797,51.4522866,9.4,,
1075.1,25.4961130,51.4523202,9.3,,
1080.1,25.4961462,51.4523537,9.3,,
1085.1,25.4961795,51.4523873,9.2,,
1090.1,25.4962127,51.4524208,9.2,,
1095.1,25.4962460,51.4524543,9.1,,
1100.1,25.4962792,51.4524879,9.1,,
1105.1,25.4963125,51.4525214,9.1,,
1110.1,25.4963457,51.4525550,9.1,,
1115.1,25.4963790,51.4525885,9.1,,
1120.1,25.4964122,51.4526221,9.1,,
1125.1,25.4964455,51.4526556,9.1,,
1130.1,25.4964787,51.4526891,9.1,,
1135.1,25.4965120,51.4527227,9.1,,
1140.1,25.4965452,51.4527562,9.2,,
1145.1,25.4965787,51.4527895,9.2,,
1150.1,25.4966122,51.4528228,9.2,,
1155.1,25.4966457,51.4528560,9.2,,
1160.1,25.4966792,51.4528893,9.2,,
1165.1,25.4967127,51.4529225,9.3,,
1170.1,25.4967461,51.4529558,9.3,,
1175.1,25.4967796,51.4529890,9.3,,
1180.1,25.4968131,51.4530223,9.2,,
1185.1,25.4968466,51.4530556,9.2,,
1190.1,25.4968801,51.4530888,9.2,,
1195.1,25.4969136,51.4531221,9.2,,
1200.1,25.4969471,51.4531553,9.2,,
1205.1,25.4969789,51.4531904,9.2,,
1210.1,25.4970093,51.4532271,9.2,,
1215.1,25.4970361,51.4532671,9.2,,
1220.1,25.4970597,51.4533094,9.2,,
1225.2,25.4970808,51.4533533,9.2,,
1230.2,25.4970978,51.4533995,9.2,,
1235.2,25.4971112,51.4534469,9.2,,
1240.2,25.4971218,51.4534953,9.3,,
1245.2,25.4971279,51.4535447,9.3,,
1250.2,25.4971302,51.4535943,9.4,,
1255.2,25.4971297,51.4536441,9.5,,
1260.2,25.4971246,51.4536936,9.6,,
1265.2,25.4971156,51.4537423,9.7,,
1270.2,25.4971035,51.4537902,9.7,,
1275.2,25.4970881,51.4538370,9.8,,
1280.2,25.4970682,51.4538817,9.9,,
1285.2,25.4970455,51.4539246,10.0,,
1290.2,25.4970201,51.4539657,10.0,,
1295.2,25.4969910,51.4540037,10.1,,
1300.2,25.4969612,51.4540410,10.1,,
1305.2,25.4969310,51.4540779,10.2,,
1310.2,25.4969008,51.4541148,10.2,,
1315.2,25.4968706,51.4541518,10.1,,
1320.2,25.4968404,51.4541887,10.1,,
1325.2,25.4968103,51.4542256,10.1,,
1330.2,25.4967801,51.4542626,10.0,,
1335.2,25.4967499,51.4542995,9.9,,
1340.2,25.4967197,51.4543364,9.8,,
1345.2,25.4966895,51.4543734,9.7,,
1350.2,25.4966593,51.4544103,9.6,,
1355.2,25.4966292,51.4544472,9.5,,
1360.2,25.4965990,51.4544842,9.4,,
1365.2,25.4965688,51.4545211,9.3,,
1370.2,25.4965382,51.4545576,9.2,,
1375.2,25.4965069,51.4545933,9.1,,
1380.2,25.4964724,51.4546253,9.0,,
1385.2,25.4964357,51.4546540,9.0,,
1390.2,25.4963974,51.4546800,9.0,,
1395.2,25.4963573,51.4547024,9.0,,
1400.2,25.4963153,51.4547204,9.1,,
1405.2,25.4962725,51.4547350,9.1,,
1410.2,25.4962287,51.4547465,9.3,,
1415.2,25.4961841,51.4547527,9.4,,
1420.2,25.4961392,51.4547552,9.6,,
1425.2,25.4960943,51.4547542,9.9,,
1430.2,25.4960496,51.4547493,10.1,,
1435.2,25.4960055,51.4547393,10.4,,
1440.2,25.4959623,51.4547261,10.7,,
1445.2,25.4959199,51.4547095,11.0,,
1450.2,25.4958792,51.4546884,11.3,,
1455.2,25.4958402,51.4546637,11.6,,
1460.2,25.4958028,51.4546360,11.9,,
1465.2,25.4957674,51.4546053,12.1,,
1470.2,25.4957340,51.4545720,12.4,,
1475.2,25.4957007,51.4545385,12.6,,
1480.2,25.4956674,51.4545050,12.7,,
1485.2,25.4956341,51.4544715,12.9,,
1490.2,25.4956008,51.4544380,13.0,,
1495.2,25.4955675,51.4544045,13.1,,
1500.2,25.4955343,51.4543710,13.1,,
1505.2,25.4955010,51.4543375,13.1,,
1510.2,25.4954677,51.4543040,13.1,,
1515.2,25.4954344,51.4542705,13.1,,
1520.2,25.4954011,51.4542370,13.0,,
1525.2,25.4953678,51.4542035,12.9,,
1530.2,25.4953345,51.4541700,12.8,,
1535.2,25.4953012,51.4541365,12.8,,
1540.2,25.4952679,51.4541031,12.7,,
1545.2,25.4952346,51.4540696,12.6,,
1550.2,25.4952013,51.4540361,12.6,,
1555.2,25.4951681,51.4540026,12.5,,
1560.2,25.4951348,51.4539691,12.5,,
1565.2,25.4951015,51.4539356,12.5,,
1570.2,25.4950682,51.4539021,12.5,,
1575.2,25.4950349,51.4538686,12.6,,
1580.2,25.4950016,51.4538351,12.6,,
1585.2,25.4949683,51.4538016,12.7,,
1590.2,25.4949350,51.4537681,12.8,,
1595.2,25.4949017,51.4537346,12.9,,
1600.2,25.4948684,51.4537011,13.1,,
1605.2,25.4948352,51.4536676,13.2,,
1610.2,25.4948019,51.4536341,13.3,,
1615.2,25.4947686,51.4536006,13.5,,
1620.2,25.4947353,51.4535671,13.6,,
1625.2,25.4947020,51.4535336,13.8,,
1630.2,25.4946687,51.4535001,13.9,,
1635.2,25.4946354,51.4534666,14.0,,
1640.2,25.4946021,51.4534331,14.2,,
1645.2,25.4945688,51.4533996,14.3,,
1650.2,25.4945355,51.4533661,14.4,,
1655.2,25.4945023,51.4533326,14.5,,
1660.2,25.4944690,51.4532991,14.6,,
1665.2,25.4944357,51.4532656,14.7,,
1670.2,25.4944024,51.4532321,14.7,,
1675.2,25.4943690,51.4531988,14.8,,
1680.2,25.4943339,51.4531676,14.8,,
1685.2,25.4942955,51.4531419,14.9,,
1690.2,25.4942540,51.4531233,14.9,,
1695.2,25.4942103,51.4531120,14.9,,
1700.2,25.4941656,51.4531084,14.9,,
1705.2,25.4941209,51.4531127,14.9,,
1710.2,25.4940774,51.4531246,14.8,,
1715.2,25.4940361,51.4531439,14.8,,
1720.2,25.4939981,51.4531701,14.7,,
1725.2,25.4939640,51.4532024,14.7,,
1730.2,25.4939349,51.4532403,14.6,,
1735.2,25.4939114,51.4532827,14.5,,
1740.2,25.4938945,51.4533289,14.4,,
1745.2,25.4938847,51.4533775,14.3,,
1750.2,25.4938818,51.4534271,14.1,,
1755.2,25.4938857,51.4534766,14.0,,
1760.2,25.4938966,51.4535247,13.9,,
1765.2,25.4939122,51.4535714,13.7,,
1770.2,25.4939292,51.4536176,13.6,,
1775.2,25.4939459,51.4536638,13.5,,
1780.2,25.4939626,51.4537101,13.4,,
1785.2,25.4939793,51.4537563,13.3,,
1790.2,25.4939960,51.4538026,13.2,,
1795.2,25.4940127,51.4538488,13.1,,
1800.2,25.4940294,51.4538951,13.0,,
1805.2,25.4940461,51.4539413,13.0,,
1810.2,25.4940629,51.4539876,12.9,,
1815.2,25.4940796,51.4540338,12.8,,
1820.2,25.4940963,51.4540801,12.7,,
1825.2,25.4941130,51.4541263,12.6,,
1830.2,25.4941297,51.4541726,12.6,,
1835.2,25.4941464,51.4542188,12.5,,
1840.2,25.4941631,51.4542651,12.3,,
1845.2,25.4941799,51.4543113,12.2,,
1850.2,25.4941966,51.4543576,12.1,,
1855.2,25.4942133,51.4544038,12.0,,
1860.2,25.4942300,51.4544501,11.9,,
1865.2,25.4942467,51.4544964,11.8,,
1870.2,25.4942634,51.4545426,11.7,,
1875.2,25.4942801,51.4545889,11.6,,
1880.2,25.4942968,51.4546351,11.5,,
1885.2,25.4943136,51.4546814,11.5,,
1890.2,25.4943303,51.4547276,11.4,,
1895.2,25.4943470,51.4547739,11.4,,
1900.2,25.4943637,51.4548201,11.4,,
1905.2,25.4943804,51.4548664,11.5,,
1910.2,25.4943971,51.4549126,11.5,,
1915.2,25.4944138,51.4549589,11.6,,
1920.2,25.4944306,51.4550051,11.7,,
1925.2,25.4944473,51.4550514,11.8,,
1930.2,25.4944640,51.4550976,11.9,,
1935.2,25.4944807,51.4551439,12.1,,
1940.2,25.4944974,51.4551901,12.2,,
1945.2,25.4945141,51.4552364,12.4,,
1950.2,25.4945308,51.4552826,12.5,,
1955.2,25.4945475,51.4553289,12.7,,
1960.2,25.4945643,51.4553752,12.8,,
1965.2,25.4945810,51.4554214,13.0,,
1970.2,25.4945977,51.4554677,13.1,,
1975.2,25.4946144,51.4555139,13.2,,
1980.2,25.4946311,51.4555602,13.2,,
1985.2,25.4946478,51.4556064,13.3,,
1990.2,25.4946645,51.4556527,13.4,,
1995.2,25.4946813,51.4556989,13.4,,
2000.2,25.4946980,51.4557452,13.4,,
2005.2,25.4947147,51.4557914,13.4,,
2010.2,25.4947314,51.4558377,13.3,,
2015.2,25.4947481,51.4558839,13.2,,
2020.2,25.4947648,51.4559302,13.1,,
2025.2,25.4947815,51.4559764,13.0,,
2030.2,25.4947982,51.4560227,12.9,,
2035.3,25.4948150,51.4560689,12.7,,
2040.3,25.4948322,51.4561149,12.6,,
2045.3,25.4948487,51.4561612,12.4,,
2050.3,25.4948613,51.4562091,12.2,,
2055.3,25.4948699,51.4562579,12.0,,
2060.3,25.4948756,51.4563072,11.8,,
2065.3,25.4948777,51.4563570,11.7,,
2070.3,25.4948752,51.4564067,11.5,,
2075.3,25.4948697,51.4564561,11.4,,
2080.3,25.4948613,51.4565050,11.2,,
2085.3,25.4948478,51.4565525,11.1,,
2090.3,25.4948315,51.4565989,11.0,,
2095.3,25.4948125,51.4566440,10.9,,
2100.3,25.4947893,51.4566867,10.9,,
2105.3,25.4947632,51.4567271,10.8,,
2110.3,25.4947349,51.4567658,10.8,,
2115.3,25.4947031,51.4568010,10.8,,
2120.3,25.4946689,51.4568333,10.8,,
2125.3,25.4946329,51.4568631,10.8,,
2130.3,25.4945944,51.4568888,10.8,,
2135.3,25.4945542,51.4569109,10.9,,
2140.3,25.4945128,51.4569301,10.9,,
2145.3,25.4944698,51.4569447,10.9,,
2150.3,25.4944259,51.4569553,10.9,,
2155.3,25.4943815,51.4569629,10.9,,
2160.3,25.4943366,51.4569664,10.9,,
2165.3,25.4942917,51.4569648,10.9,,
2170.3,25.4942471,51.4569592,10.8,,
2175.3,25.4942030,51.4569497,10.8,,
2180.3,25.4941597,51.4569363,10.8,,
2185.3,25.4941175,51.4569190,10.8,,
2190.3,25.4940772,51.4568970,10.7,,
2195.3,25.4940386,51.4568716,10.7,,
2200.3,25.4940018,51.4568431,10.7,,
2205.3,25.4939670,51.4568115,10.7,,
2210.3,25.4939362,51.4567752,10.8,,
2215.3,25.4939055,51.4567388,10.8,,
2220.3,25.4938748,51.4567024,10.9,,
2225.3,25.4938445,51.4566656,11.0,,
2230.3,25.4938146,51.4566283,11.1,,
2235.3,25.4937848,51.4565911,11.2,,
2240.3,25.4937549,51.4565538,11.4,,
2245.3,25.4937251,51.4565165,11.6,,
2250.3,25.4936952,51.4564793,11.8,,
2255.3,25.4936631,51.4564445,12.1,,
2260.3,25.4936301,51.4564106,12.3,,
2265.3,25.4935971,51.4563768,12.6,,
2270.3,25.4935633,51.4563439,12.9,,
2275.3,25.4935285,51.4563125,13.2,,
2280.3,25.4934936,51.4562810,13.5,,
2285.3,25.4934585,51.4562499,13.7,,
2290.3,25.4934219,51.4562210,14.0,,
2295.3,25.4933853,51.4561920,14.3,,
2300.3,25.4933487,51.4561631,14.5,,
2305.3,25.4933107,51.4561364,14.8,,
2310.3,25.4932725,51.4561100,15.0,,
2315.3,25.4932343,51.4560837,15.1,,
2320.3,25.4931954,51.4560588,15.3,,
2325.3,25.4931559,51.4560351,15.4,,
2330.3,25.4931163,51.4560113,15.5,,
2335.3,25.4930760,51.4559894,15.6,,
2340.3,25.4930354,51.4559680,15.6,,
2345.3,25.4929947,51.4559467,15.7,,
2350.3,25.4929532,51.4559276,15.7,,
2355.3,25.4929115,51.4559088,15.7,,
2360.3,25.4928698,51.4558902,15.6,,
2365.3,25.4928273,51.4558739,15.5,,
2370.3,25.4927848,51.4558576,15.4,,
2375.3,25.4927421,51.4558420,15.3,,
2380.3,25.4926989,51.4558283,15.2,,
2385.3,25.4926557,51.4558146,15.1,,
2390.3,25.4926121,51.4558022,14.9,,
2395.3,25.4925682,51.4557914,14.7,,
2400.3,25.4925243,51.4557805,14.5,,
2405.3,25.4924804,51.4557697,14.3,,
2410.3,25.4924361,51.4557611,14.0,,
2415.3,25.4923918,51.4557529,13.8,,
2420.3,25.4923474,51.4557446,13.5,,
2425.3,25.4923031,51.4557362,13.3,,
2430.3,25.4922591,51.4557263,13.0,,
2435.3,25.4922158,51.4557129,12.8,,
2440.3,25.4921739,51.4556949,12.5,,
2445.3,25.4921332,51.4556738,12.3,,
2450.3,25.4920939,51.4556497,12.0,,
2455.3,25.4920563,51.4556223,11.8,,
2460.3,25.4920213,51.4555911,11.6,,
2465.3,25.4919883,51.4555574,11.4,,
2470.3,25.4919573,51.4555213,11.2,,
2475.3,25.4919293,51.4554823,11.0,,
2480.3,25.4919043,51.4554409,10.8,,
2485.3,25.4918820,51.4553978,10.7,,
2490.3,25.4918623,51.4553530,10.5,,
2495.3,25.4918481,51.4553057,10.3,,
2500.3,25.4918339,51.4552585,10.2,,
2505.3,25.4918217,51.4552106,10.1,,
2510.3,25.4918114,51.4551621,9.9,,
2515.3,25.4918010,51.4551136,9.8,,
2520.3,25.4917906,51.4550651,9.7,,
2525.3,25.4917803,51.4550166,9.6,,
2530.3,25.4917699,51.4549682,9.6,,
2535.3,25.4917596,51.4549197,9.5,,
2540.3,25.4917492,51.4548712,9.5,,
2545.3,25.4917388,51.4548227,9.5,,
2550.3,25.4917285,51.4547742,9.5,,
2555.3,25.4917181,51.4547258,9.6,,
2560.3,25.4917077,51.4546773,9.6,,
2565.3,25.4916974,51.4546288,9.7,,
2570.3,25.4916870,51.4545803,9.8,,
2575.3,25.4916767,51.4545318,9.9,,
2580.3,25.4916663,51.4544833,10.1,,
2585.3,25.4916559,51.4544349,10.2,,
2590.3,25.4916456,51.4543864,10.3,,
2595.3,25.4916352,51.4543379,10.5,,
2600.3,25.4916249,51.4542894,10.6,,
2605.3,25.4916145,51.4542409,10.7,,
2610.3,25.4916041,51.4541925,10.9,,
2615.3,25.4915938,51.4541440,11.0,,
2620.3,25.4915834,51.4540955,11.2,,
2625.3,25.4915730,51.4540470,11.3,,
2630.3,25.4915627,51.4539985,11.5,,
2635.3,25.4915523,51.4539501,11.6,,
2640.3,25.4915421,51.4539016,11.8,,
2645.3,25.4915264,51.4538549,12.0,,
2650.3,25.4915070,51.4538100,12.1,,
2655.3,25.4914841,51.4537673,12.3,,
2660.3,25.4914577,51.4537270,12.5,,
2665.3,25.4914270,51.4536905,12.7,,
2670.3,25.4913933,51.4536577,12.8,,
2675.3,25.4913570,51.4536285,13.0,,
2680.3,25.4913184,51.4536030,13.2,,
2685.3,25.4912776,51.4535821,13.3,,
2690.3,25.4912349,51.4535666,13.4,,
2695.3,25.4911909,51.4535572,13.6,,
2700.3,25.4911461,51.4535533,13.7,,
2705.3,25.4911012,51.4535539,13.8,,
2710.3,25.4910565,51.4535598,13.9,,
2715.3,25.4910127,51.4535709,14.0,,
2720.3,25.4909701,51.4535864,14.0,,
2725.3,25.4909287,51.4536058,14.1,,
2730.3,25.4908892,51.4536296,14.2,,
2735.3,25.4908526,51.4536584,14.3,,
2740.3,25.4908184,51.4536906,14.3,,
2745.3,25.4907856,51.4537247,14.4,,
2750.3,25.4907525,51.4537585,14.5,,
2755.3,25.4907194,51.4537922,14.6,,
2760.3,25.4906863,51.4538259,14.6,,
2765.3,25.4906544,51.4538610,14.7,,
2770.3,25.4906229,51.4538965,14.7,,
2775.3,25.4905914,51.4539321,14.8,,
2780.3,25.4905603,51.4539680,14.8,,
2785.3,25.4905303,51.4540052,14.9,,
2790.3,25.4905003,51.4540423,14.9,,
2795.3,25.4904708,51.4540799,14.9,,
2800.3,25.4904423,51.4541184,14.9,,
2805.3,25.4904137,51.4541569,15.0,,
2810.3,25.4903858,51.4541960,15.0,,
2815.3,25.4903588,51.4542357,15.0,,
2820.3,25.4903317,51.4542755,15.0,,
2825.3,25.4903059,51.4543163,15.0,,
2830.3,25.4902810,51.4543578,14.9,,
2835.3,25.4902561,51.4543993,14.9,,
2840.3,25.4902319,51.4544413,14.9,,
2845.3,25.4902088,51.4544840,14.8,,
2850.4,25.4901857,51.4545268,14.8,,
2855.4,25.4901630,51.4545698,14.7,,
2860.4,25.4901418,51.4546137,14.6,,
2865.4,25.4901206,51.4546576,14.6,,
2870.4,25.4900994,51.4547016,14.5,,
2875.4,25.4900800,51.4547465,14.4,,
2880.4,25.4900607,51.4547915,14.2,,
2885.4,25.4900414,51.4548365,14.1,,
2890.4,25.4900235,51.4548822,14.0,,
2895.4,25.4900061,51.4549282,13.8,,
2900.4,25.4899887,51.4549741,13.7,,
2905.4,25.4899727,51.4550207,13.5,,
2910.4,25.4899572,51.4550674,13.4,,
2915.4,25.4899417,51.4551142,13.2,,
2920.4,25.4899276,51.4551615,13.1,,
2925.4,25.4899139,51.4552090,13.0,,
2930.4,25.4899003,51.4552564,12.9,,
2935.4,25.4898881,51.4553044,12.8,,
2940.4,25.4898763,51.4553524,12.7,,
2945.4,25.4898646,51.4554006,12.6,,
2950.4,25.4898551,51.4554492,12.6,,
2955.4,25.4898460,51.4554980,12.6,,
2960.4,25.4898370,51.4555468,12.6,,
2965.4,25.4898285,51.4555958,12.6,,
2970.4,25.4898217,51.4556450,12.6,,
2975.4,25.4898150,51.4556943,12.7,,
2980.4,25.4898082,51.4557435,12.8,,
2985.4,25.4898029,51.4557930,12.8,,
2990.4,25.4897984,51.4558425,12.9,,
2995.4,25.4897938,51.4558921,13.0,,
3000.4,25.4897895,51.4559417,13.2,,
3005.4,25.4897872,51.4559915,13.3,,
3010.4,25.4897849,51.4560412,13.4,,
3015.4,25.4897825,51.4560910,13.5,,
3020.4,25.4897821,51.4561408,13.6,,
3025.4,25.4897817,51.4561906,13.7,,
3030.4,25.4897814,51.4562404,13.8,,
3035.4,25.4897826,51.4562902,13.9,,
3040.4,25.4897843,51.4563400,14.0,,
3045.4,25.4897860,51.4563898,14.1,,
3050.4,25.4897890,51.4564395,14.1,,
3055.4,25.4897927,51.4564891,14.2,,
3060.4,25.4897964,51.4565388,14.3,,
3065.4,25.4898010,51.4565883,14.4,,
3070.4,25.4898065,51.4566378,14.5,,
3075.4,25.4898120,51.4566872,14.5,,
3080.4,25.4898175,51.4567367,14.6,,
3085.4,25.4898229,51.4567861,14.7,,
3090.4,25.4898284,51.4568356,14.7,,
3095.4,25.4898339,51.4568850,14.7,,
3100.4,25.4898394,51.4569345,14.7,,
3105.4,25.4898449,51.4569839,14.8,,
3110.4,25.4898504,51.4570334,14.7,,
3115.4,25.4898559,51.4570828,14.7,,
3120.4,25.4898613,51.4571323,14.7,,
3125.4,25.4898668,51.4571817,14.6,,
3130.4,25.4898723,51.4572312,14.6,,
3135.4,25.4898778,51.4572806,14.5,,
3140.4,25.4898833,51.4573301,14.4,,
3145.4,25.4898888,51.4573795,14.3,,
3150.4,25.4898942,51.4574290,14.2,,
3155.4,25.4898997,51.4574784,14.1,,
3160.4,25.4899052,51.4575279,13.9,,
3165.4,25.4899107,51.4575773,13.8,,
3170.4,25.4899162,51.4576268,13.7,,
3175.4,25.4899217,51.4576762,13.5,,
3180.4,25.4899272,51.4577257,13.4,,
3185.4,25.4899326,51.4577751,13.2,,
3190.4,25.4899381,51.4578246,13.1,,
3195.4,25.4899436,51.4578740,12.9,,
3200.4,25.4899491,51.4579235,12.8,,
3205.4,25.4899546,51.4579729,12.6,,
3210.4,25.4899601,51.4580224,12.5,,
3215.4,25.4899656,51.4580718,12.4,,
3220.4,25.4899710,51.4581213,12.3,,
3225.4,25.4899765,51.4581707,12.1,,
3230.4,25.4899820,51.4582202,12.1,,
3235.4,25.4899875,51.4582696,12.0,,
3240.4,25.4899930,51.4583191,11.9,,
3245.4,25.4899985,51.4583685,11.9,,
3250.4,25.4900039,51.4584180,11.9,,
3255.4,25.4900094,51.4584674,11.8,,
3260.4,25.4900149,51.4585169,11.8,,
3265.4,25.4900194,51.4585664,11.8,,
3270.4,25.4900219,51.4586161,11.9,,
3275.4,25.4900218,51.4586659,11.9,,
3280.4,25.4900200,51.4587157,11.9,,
3285.4,25.4900146,51.4587651,11.9,,
3290.4,25.4900081,51.4588144,11.9,,
3295.4,25.4899980,51.4588629,12.0,,
3300.4,25.4899862,51.4589110,12.0,,
3305.4,25.4899720,51.4589583,12.0,,
3310.4,25.4899552,51.4590044,12.0,,
3315.4,25.4899371,51.4590500,12.0,,
3320.4,25.4899154,51.4590936,12.0,,
3325.4,25.4898927,51.4591366,12.1,,
3330.4,25.4898671,51.4591775,12.1,,
3335.4,25.4898403,51.4592175,12.1,,
3340.4,25.4898110,51.4592552,12.1,,
3345.4,25.4897803,51.4592916,12.2,,
3350.4,25.4897476,51.4593258,12.2,,
3355.4,25.4897135,51.4593581,12.2,,
3360.4,25.4896777,51.4593883,12.3,,
3365.4,25.4896405,51.4594163,12.3,,
3370.4,25.4896021,51.4594422,12.3,,
3375.4,25.4895631,51.4594670,12.4,,
3380.4,25.4895238,51.4594911,12.4,,
3385.4,25.4894844,51.4595152,12.4,,
3390.4,25.4894450,51.4595393,12.4,,
3395.4,25.4894057,51.4595634,12.3,,
3400.4,25.4893663,51.4595874,12.3,,
3405.4,25.4893269,51.4596115,12.3,,
3410.4,25.4892876,51.4596356,12.2,,
3415.4,25.4892482,51.4596597,12.2,,
3420.4,25.4892088,51.4596838,12.1,,
3425.4,25.4891695,51.4597079,12.0,,
3430.4,25.4891301,51.4597320,11.9,,
3435.4,25.4890907,51.4597561,11.8,,
3440.4,25.4890514,51.4597801,11.7,,
3445.4,25.4890120,51.4598042,11.6,,
3450.4,25.4889726,51.4598283,11.5,,
3455.4,25.4889333,51.4598524,11.4,,
3460.4,25.4888939,51.4598765,11.2,,
3465.4,25.4888545,51.4599006,11.1,,
3470.4,25.4888150,51.4599242,10.9,,
3475.4,25.4887747,51.4599464,10.8,,
3480.4,25.4887331,51.4599652,10.6,,
3485.4,25.4886907,51.4599817,10.4,,
3490.4,25.4886468,51.4599926,10.3,,
3495.4,25.4886026,51.4600014,10.1,,
3500.4,25.4885579,51.4600060,10.0,,
3505.4,25.4885130,51.4600065,9.9,,
3510.4,25.4884680,51.4600048,9.7,,
3515.4,25.4884235,51.4599978,9.6,,
3520.4,25.4883796,51.4599874,9.6,,
3525.4,25.4883363,51.4599739,9.5,,
3530.4,25.4882941,51.4599567,9.5,,
3535.4,25.4882535,51.4599355,9.5,,
3540.4,25.4882142,51.4599115,9.5,,
3545.4,25.4881761,51.4598849,9.5,,
3550.4,25.4881381,51.4598582,9.6,,
3555.4,25.4881002,51.4598316,9.8,,
3560.4,25.4880622,51.4598049,9.9,,
3565.4,25.4880242,51.4597782,10.1,,
3570.4,25.4879862,51.4597515,10.3,,
3575.4,25.4879482,51.4597249,10.5,,
3580.4,25.4879102,51.4596982,10.8,,
3585.4,25.4878723,51.4596715,11.1,,
3590.4,25.4878343,51.4596448,11.4,,
3595.4,25.4877963,51.4596182,11.7,,
3600.4,25.4877583,51.4595915,12.0,,
3605.4,25.4877203,51.4595648,12.3,,
3610.4,25.4876823,51.4595381,12.7,,
3615.4,25.4876444,51.4595115,13.0,,
3620.4,25.4876064,51.4594848,13.3,,
3625.4,25.4875684,51.4594581,13.7,,
3630.4,25.4875304,51.4594314,14.0,,
3635.4,25.4874924,51.4594048,14.3,,
3640.4,25.4874544,51.4593781,14.6,,
3645.4,25.4874165,51.4593514,15.0,,
3650.4,25.4873785,51.4593247,15.3,,
3655.4,25.4873405,51.4592981,15.6,,
3660.4,25.4873025,51.4592714,15.9,,
3665.5,25.4872645,51.4592447,16.2,,
3670.5,25.4872265,51.4592181,16.5,,
3675.5,25.4871886,51.4591914,16.7,,
3680.5,25.4871506,51.4591646,17.0,,
3685.5,25.4871140,51.4591358,17.2,,
3690.5,25.4870792,51.4591043,17.4,,
3695.5,25.4870463,51.4590704,17.5,,
3700.5,25.4870168,51.4590328,17.6,,
3705.5,25.4869900,51.4589929,17.7,,
3710.5,25.4869656,51.4589511,17.8,,
3715.5,25.4869449,51.4589069,17.8,,
3720.5,25.4869277,51.4588609,17.7,,
3725.5,25.4869131,51.4588139,17.7,,
3730.5,25.4869022,51.4587655,17.6,,
3735.5,25.4868957,51.4587163,17.5,,
3740.5,25.4868924,51.4586667,17.4,,
3745.5,25.4868922,51.4586169,17.2,,
3750.5,25.4868960,51.4585672,17.1,,
3755.5,25.4869040,51.4585183,17.0,,
3760.5,25.4869129,51.4584694,16.8,,
3765.5,25.4869217,51.4584205,16.7,,
3770.5,25.4869305,51.4583717,16.6,,
3775.5,25.4869393,51.4583228,16.5,,
3780.5,25.4869481,51.4582740,16.4,,
3785.5,25.4869569,51.4582251,16.3,,
3790.5,25.4869658,51.4581763,16.2,,
3795.5,25.4869746,51.4581274,16.2,,
3800.5,25.4869834,51.4580786,16.1,,
3805.5,25.4869922,51.4580297,16.1,,
3810.5,25.4870010,51.4579809,16.1,,
3815.5,25.4870099,51.4579320,16.0,,
3820.5,25.4870187,51.4578832,16.0,,
3825.5,25.4870275,51.4578343,16.0,,
3830.5,25.4870363,51.4577854,16.0,,
3835.5,25.4870451,51.4577366,15.9,,
3840.5,25.4870540,51.4576877,15.9,,
3845.5,25.4870628,51.4576389,15.9,,
3850.5,25.4870716,51.4575900,15.8,,
3855.5,25.4870804,51.4575412,15.8,,
3860.5,25.4870892,51.4574923,15.7,,
3865.5,25.4870980,51.4574435,15.7,,
3870.5,25.4871069,51.4573946,15.6,,
3875.5,25.4871157,51.4573458,15.5,,
3880.5,25.4871245,51.4572969,15.5,,
3885.5,25.4871333,51.4572481,15.4,,
3890.5,25.4871421,51.4571992,15.3,,
3895.5,25.4871510,51.4571503,15.2,,
3900.5,25.4871598,51.4571015,15.1,,
3905.5,25.4871686,51.4570526,15.0,,
3910.5,25.4871774,51.4570038,14.9,,
3915.5,25.4871862,51.4569549,14.8,,
3920.5,25.4871950,51.4569061,14.7,,
3925.5,25.4872039,51.4568572,14.6,,
3930.5,25.4872127,51.4568084,14.5,,
3935.5,25.4872215,51.4567595,14.5,,
3940.5,25.4872303,51.4567107,14.4,,
3945.5,25.4872391,51.4566618,14.3,,
3950.5,25.4872480,51.4566130,14.3,,
3955.5,25.4872568,51.4565641,14.2,,
3960.5,25.4872656,51.4565152,14.2,,
3965.5,25.4872744,51.4564664,14.1,,
3970.5,25.4872832,51.4564175,14.1,,
3975.5,25.4872921,51.4563687,14.1,,
3980.5,25.4873009,51.4563198,14.0,,
3985.5,25.4873097,51.4562710,14.0,,
3990.5,25.4873185,51.4562221,14.0,,
3995.5,25.4873273,51.4561733,14.0,,
4000.5,25.4873361,51.4561244,13.9,,
4005.5,25.4873416,51.4560751,13.9,,
4010.5,25.4873440,51.4560254,13.9,,
4015.5,25.4873423,51.4559756,13.9,,
4020.5,25.4873368,51.4559262,13.9,,
4025.5,25.4873283,51.4558773,13.8,,
4030.5,25.4873169,51.4558291,13.8,,
4035.5,25.4873008,51.4557826,13.8,,
4040.5,25.4872820,51.4557374,13.8,,
4045.5,25.4872606,51.4556937,13.8,,
4050.5,25.4872352,51.4556526,13.8,,
4055.5,25.4872075,51.4556135,13.9,,
4060.5,25.4871775,51.4555763,13.9,,
4065.5,25.4871441,51.4555430,14.0,,
4070.5,25.4871093,51.4555116,14.1,,
4075.5,25.4870718,51.4554841,14.2,,
4080.5,25.4870326,51.4554598,14.3,,
4085.5,25.4869922,51.4554380,14.4,,
4090.5,25.4869522,51.4554153,14.5,,
4095.5,25.4869121,51.4553926,14.6,,
4100.5,25.4868721,51.4553699,14.7,,
4105.5,25.4868321,51.4553472,14.8,,
4110.5,25.4867921,51.4553245,14.9,,
4115.5,25.4867520,51.4553017,15.0,,
4120.5,25.4867120,51.4552790,15.1,,
4125.5,25.4866720,51.4552563,15.1,,
4130.5,25.4866320,51.4552336,15.2,,
4135.5,25.4865919,51.4552109,15.2,,
4140.5,25.4865519,51.4551881,15.2,,
4145.5,25.4865119,51.4551654,15.2,,
4150.5,25.4864719,51.4551427,15.2,,
4155.5,25.4864318,51.4551200,15.2,,
4160.5,25.4863918,51.4550973,15.1,,
4165.5,25.4863518,51.4550746,15.1,,
4170.5,25.4863118,51.4550518,15.1,,
4175.5,25.4862718,51.4550291,15.1,,
4180.5,25.4862317,51.4550064,15.1,,
4185.5,25.4861917,51.4549837,15.0,,
4190.5,25.4861517,51.4549610,15.0,,
4195.5,25.4861117,51.4549383,15.0,,
4200.5,25.4860716,51.4549155,15.0,,
4205.5,25.4860316,51.4548928,15.0,,
4210.5,25.4859916,51.4548701,14.9,,
4215.5,25.4859516,51.4548474,14.9,,
4220.5,25.4859115,51.4548247,14.9,,
4225.5,25.4858715,51.4548020,14.8,,
4230.5,25.4858315,51.4547792,14.8,,
4235.5,25.4857915,51.4547565,14.8,,
4240.5,25.4857514,51.4547338,14.7,,
4245.5,25.4857114,51.4547111,14.7,,
4250.5,25.4856714,51.4546884,14.7,,
4255.5,25.4856314,51.4546656,14.6,,
4260.5,25.4855913,51.4546429,14.6,,
4265.5,25.4855513,51.4546202,14.6,,
4270.5,25.4855113,51.4545975,14.6,,
4275.5,25.4854713,51.4545748,14.6,,
4280.5,25.4854312,51.4545521,14.7,,
4285.5,25.4853912,51.4545293,14.7,,
4290.5,25.4853512,51.4545066,14.7,,
4295.5,25.4853112,51.4544839,14.8,,
4300.5,25.4852712,51.4544612,14.8,,
4305.5,25.4852311,51.4544385,14.8,,
4310.5,25.4851911,51.4544157,14.9,,
4315.5,25.4851511,51.4543930,14.9,,
4320.5,25.4851111,51.4543703,14.9,,
4325.5,25.4850710,51.4543476,14.9,,
4330.5,25.4850310,51.4543249,14.9,,
4335.5,25.4849910,51.4543021,14.9,,
4340.5,25.4849510,51.4542794,14.9,,
4345.5,25.4849109,51.4542567,14.8,,
4350.5,25.4848709,51.4542340,14.8,,
4355.5,25.4848309,51.4542113,14.7,,
4360.5,25.4847909,51.4541885,14.6,,
4365.5,25.4847509,51.4541658,14.5,,
4370.5,25.4847108,51.4541431,14.4,,
4375.5,25.4846708,51.4541204,14.3,,
4380.5,25.4846308,51.4540977,14.1,,
4385.5,25.4845908,51.4540749,13.9,,
4390.5,25.4845507,51.4540522,13.7,,
4395.5,25.4845107,51.4540295,13.5,,
4400.5,25.4844707,51.4540068,13.3,,
4405.5,25.4844307,51.4539841,13.1,,
4410.5,25.4843906,51.4539613,12.9,,
4415.5,25.4843506,51.4539386,12.6,,
4420.5,25.4843106,51.4539159,12.4,,
4425.5,25.4842706,51.4538932,12.2,,
4430.5,25.4842308,51.4538699,12.0,,
4435.5,25.4841912,51.4538464,11.8,,
4440.5,25.4841515,51.4538229,11.7,,
4445.5,25.4841119,51.4537993,11.5,,
4450.5,25.4840744,51.4537719,11.5,,
4455.5,25.4840389,51.4537414,11.4,,
4460.5,25.4840055,51.4537081,11.4,,
4465.5,25.4839746,51.4536720,11.4,,
4470.5,25.4839471,51.4536325,11.4,,
4475.5,25.4839224,51.4535909,11.4,,
4480.6,25.4839008,51.4535474,11.5,,
4485.6,25.4838820,51.4535021,11.6,,
4490.6,25.4838676,51.4534550,11.8,,
4495.6,25.4838557,51.4534070,11.9,,
4500.6,25.4838477,51.4533580,12.1,,
4505.6,25.4838440,51.4533084,12.3,,
4510.6,25.4838428,51.4532587,12.4,,
4515.6,25.4838460,51.4532090,12.6,,
4520.6,25.4838531,51.4531598,12.8,,
4525.6,25.4838623,51.4531111,13.0,,
4530.6,25.4838766,51.4530639,13.2,,
4535.6,25.4838936,51.4530178,13.4,,
4540.6,25.4839132,51.4529730,13.6,,
4545.6,25.4839373,51.4529310,13.7,,
4550.6,25.4839632,51.4528904,13.9,,
4555.6,25.4839924,51.4528524,14.1,,
4560.6,25.4840245,51.4528177,14.2,,
4565.6,25.4840585,51.4527851,14.4,,
4570.6,25.4840950,51.4527560,14.5,,
4575.6,25.4841336,51.4527307,14.7,,
4580.6,25.4841731,51.4527068,14.8,,
4585.6,25.4842127,51.4526832,14.9,,
4590.6,25.4842523,51.4526596,15.0,,
4595.6,25.4842919,51.4526360,15.1,,
4600.6,25.4843315,51.4526124,15.1,,
4605.6,25.4843711,51.4525888,15.2,,
4610.6,25.4844107,51.4525652,15.2,,
4615.6,25.4844503,51.4525415,15.3,,
4620.6,25.4844899,51.4525179,15.2,,
4625.6,25.4845295,51.4524943,15.2,,
4630.6,25.4845691,51.4524707,15.2,,
4635.6,25.4846087,51.4524471,15.1,,
4640.6,25.4846483,51.4524235,15.1,,
4645.6,25.4846879,51.4523999,15.0,,
4650.6,25.4847275,51.4523763,14.9,,
4655.6,25.4847671,51.4523527,14.7,,
4660.6,25.4848065,51.4523287,14.6,,
4665.6,25.4848459,51.4523046,14.5,,
4670.6,25.4848853,51.4522806,14.3,,
4675.6,25.4849247,51.4522565,14.2,,
4680.6,25.4849640,51.4522325,14.1,,
4685.6,25.4850034,51.4522084,14.0,,
4690.6,25.4850428,51.4521844,13.8,,
4695.6,25.4850822,51.4521603,13.7,,
4700.6,25.4851216,51.4521362,13.6,,
4705.6,25.4851610,51.4521122,13.5,,
4710.6,25.4852003,51.4520881,13.5,,
4715.6,25.4852397,51.4520641,13.4,,
4720.6,25.4852791,51.4520400,13.4,,
4725.6,25.4853185,51.4520160,13.3,,
4730.6,25.4853579,51.4519919,13.3,,
4735.6,25.4853973,51.4519679,13.3,,
4740.6,25.4854366,51.4519438,13.4,,
4745.6,25.4854760,51.4519198,13.4,,
4750.6,25.4855154,51.4518957,13.4,,
4755.6,25.4855548,51.4518717,13.5,,
4760.6,25.4855942,51.4518476,13.5,,
4765.6,25.4856336,51.4518236,13.6,,
4770.6,25.4856729,51.4517995,13.6,,
4775.6,25.4857123,51.4517755,13.7,,
4780.6,25.4857517,51.4517514,13.7,,
4785.6,25.4857911,51.4517274,13.8,,
4790.6,25.4858305,51.4517033,13.8,,
4795.6,25.4858699,51.4516792,13.8,,
4800.6,25.4859093,51.4516552,13.9,,
4805.6,25.4859486,51.4516311,13.9,,
4810.6,25.4859880,51.4516071,13.9,,
4815.6,25.4860274,51.4515830,13.8,,
4820.6,25.4860668,51.4515590,13.8,,
4825.6,25.4861062,51.4515349,13.8,,
4830.6,25.4861456,51.4515109,13.7,,
4835.6,25.4861849,51.4514868,13.7,,
4840.6,25.4862243,51.4514628,13.6,,
4845.6,25.4862637,51.4514387,13.6,,
4850.6,25.4863031,51.4514147,13.5,,
4855.6,25.4863425,51.4513906,13.5,,
4860.6,25.4863819,51.4513666,13.5,,
4865.6,25.4864212,51.4513425,13.4,,
4870.6,25.4864606,51.4513185,13.4,,
4875.6,25.4865000,51.4512944,13.4,,
4880.6,25.4865394,51.4512704,13.4,,
4885.6,25.4865788,51.4512463,13.4,,
4890.6,25.4866182,51.4512223,13.5,,
4895.6,25.4866575,51.4511982,13.5,,
4900.6,25.4866969,51.4511741,13.5,,
4905.6,25.4867363,51.4511501,13.6,,
4910.6,25.4867757,51.4511260,13.6,,
4915.6,25.4868151,51.4511020,13.7,,
4920.6,25.4868545,51.4510779,13.7,,
4925.6,25.4868938,51.4510539,13.8,,
4930.6,25.4869332,51.4510298,13.8,,
4935.6,25.4869726,51.4510058,13.8,,
4940.6,25.4870120,51.4509817,13.8,,
4945.6,25.4870514,51.4509577,13.7,,
4950.6,25.4870908,51.4509336,13.7,,
4955.6,25.4871301,51.4509096,13.6,,
4960.6,25.4871695,51.4508855,13.6,,
4965.6,25.4872089,51.4508615,13.5,,
4970.6,25.4872483,51.4508374,13.4,,
4975.6,25.4872877,51.4508134,13.3,,
4980.6,25.4873271,51.4507893,13.2,,
4985.6,25.4873664,51.4507653,13.0,,
4990.6,25.4874058,51.4507412,12.9,,
4995.6,25.4874452,51.4507171,12.8,,
5000.6,25.4874846,51.4506931,12.7,,
5005.6,25.4875240,51.4506690,12.6,,
5010.6,25.4875634,51.4506450,12.6,,
5015.6,25.4876027,51.4506209,12.6,,
5020.6,25.4876421,51.4505969,12.6,,
5025.6,25.4876815,51.4505728,12.6,,
5030.6,25.4877209,51.4505488,12.6,,
5035.6,25.4877603,51.4505247,12.6,,
5040.6,25.4877997,51.4505007,12.7,,
5045.6,25.4878390,51.4504766,12.8,,
5050.6,25.4878784,51.4504526,12.9,,
5055.6,25.4879178,51.4504285,13.0,,
5060.6,25.4879572,51.4504045,13.0,,
5065.6,25.4879966,51.4503804,13.1,,
5070.6,25.4880360,51.4503564,13.2,,
5075.6,25.4880753,51.4503323,13.2,,
5080.6,25.4881147,51.4503083,13.3,,
5085.6,25.4881541,51.4502842,13.3,,
5090.6,25.4881935,51.4502601,13.3,,
5095.6,25.4882329,51.4502361,13.3,,
5100.6,25.4882723,51.4502120,13.3,,
5105.6,25.4883116,51.4501880,13.3,,
5110.6,25.4883510,51.4501639,13.3,,
5115.6,25.4883904,51.4501399,13.2,,
5120.6,25.4884298,51.4501158,13.2,,
5125.6,25.4884692,51.4500918,13.1,,
5130.6,25.4885086,51.4500677,13.1,,
5135.6,25.4885479,51.4500437,13.0,,
5140.6,25.4885873,51.4500196,13.0,,
5145.6,25.4886267,51.4499956,12.9,,
5150.6,25.4886661,51.4499715,12.9,,
5155.6,25.4887055,51.4499475,12.8,,
5160.6,25.4887449,51.4499234,12.7,,
5165.6,25.4887842,51.4498994,12.7,,
5170.6,25.4888236,51.4498753,12.6,,
5175.6,25.4888630,51.4498513,12.5,,
5180.6,25.4889024,51.4498272,12.4,,
5185.6,25.4889418,51.4498031,12.3,,
5190.6,25.4889812,51.4497791,12.2,,
5195.6,25.4890205,51.4497550,12.1,,
5200.6,25.4890600,51.4497310,12.1,,
5205.6,25.4890994,51.4497072,12.0,,
5210.6,25.4891389,51.4496833,12.0,,
5215.6,25.4891784,51.4496594,11.9,,
5220.6,25.4892178,51.4496355,11.9,,
5225.6,25.4892573,51.4496116,11.9,,
5230.6,25.4892968,51.4495877,12.0,,
5235.6,25.4893362,51.4495638,12.0,,
5240.6,25.4893757,51.4495400,12.0,,
5245.6,25.4894152,51.4495161,12.1,,
5250.6,25.4894546,51.4494922,12.2,,
5255.6,25.4894941,51.4494683,12.2,,
5260.6,25.4895336,51.4494444,12.3,,
5265.6,25.4895730,51.4494205,12.4,,
5270.6,25.4896125,51.4493966,12.4,,
5275.6,25.4896519,51.4493728,12.4,,
5280.6,25.4896914,51.4493489,12.4,,
5285.6,25.4897309,51.4493250,12.4,,
5290.6,25.4897704,51.4493012,12.4,,
5295.7,25.4898099,51.4492774,12.4,,
5300.7,25.4898494,51.4492535,12.3,,
5305.7,25.4898889,51.4492297,12.2,,
5310.7,25.4899284,51.4492059,12.1,,
5315.7,25.4899679,51.4491821,12.0,,
5320.7,25.4900074,51.4491582,11.9,,
5325.7,25.4900469,51.4491344,11.8,,
5330.7,25.4900864,51.4491106,11.6,,
5335.7,25.4901258,51.4490868,11.5,,
5340.7,25.4901653,51.4490629,11.4,,
5345.7,25.4902048,51.4490391,11.2,,
5350.7,25.4902443,51.4490153,11.1,,
5355.7,25.4902838,51.4489915,10.9,,
5360.7,25.4903233,51.4489676,10.8,,
5365.7,25.4903628,51.4489438,10.6,,
5370.7,25.4904023,51.4489200,10.5,,
5375.7,25.4904418,51.4488961,10.4,,
5380.7,25.4904813,51.4488723,10.3,,
5385.7,25.4905208,51.4488485,10.3,,
5390.7,25.4905603,51.4488247,10.3,,
5395.7,25.4905998,51.4488008,10.2,,
5400.7,25.4906393,51.4487770,10.3,,
5405.7,25.4906788,51.4487532,10.3,,
5410.7,25.4907183,51.4487294,10.4,,
5415.7,25.4907575,51.4487049,10.5,,
5420.7,25.4907957,51.4486788,10.7,,
