# madring: centreline in race direction, 5 m spacing. Source: OpenStreetMap contributors (ODbL); elevation eudem25m via OpenTopoData
# widths are metres from the centreline to the track edge (TUMFTM only, blank for OSM)
s_m,lat,lon,elev_m,w_right_m,w_left_m
0.0,40.4646324,-3.6211563,665.8,,
5.0,40.4645944,-3.6211246,665.7,,
10.0,40.4645565,-3.6210930,665.7,,
15.0,40.4645185,-3.6210613,665.6,,
20.0,40.4644805,-3.6210297,665.6,,
25.0,40.4644426,-3.6209980,665.6,,
30.0,40.4644046,-3.6209664,665.6,,
35.0,40.4643666,-3.6209347,665.6,,
40.0,40.4643287,-3.6209031,665.6,,
45.0,40.4642907,-3.6208714,665.6,,
50.0,40.4642528,-3.6208398,665.7,,
55.0,40.4642148,-3.6208081,665.8,,
60.0,40.4641768,-3.6207765,665.8,,
65.0,40.4641389,-3.6207448,665.9,,
70.0,40.4641009,-3.6207132,666.0,,
75.0,40.4640629,-3.6206815,666.1,,
80.0,40.4640250,-3.6206499,666.2,,
85.0,40.4639870,-3.6206182,666.3,,
90.0,40.4639618,-3.6205826,666.4,,
95.0,40.4639849,-3.6205319,666.5,,
100.0,40.4640078,-3.6204810,666.6,,
105.0,40.4640201,-3.6204256,666.7,,
110.0,40.4640247,-3.6203669,666.8,,
115.0,40.4639912,-3.6203370,666.9,,
120.0,40.4639502,-3.6203128,666.9,,
125.0,40.4639092,-3.6202885,667.0,,
130.0,40.4638682,-3.6202643,667.1,,
135.0,40.4638291,-3.6202354,667.2,,
140.0,40.4637909,-3.6202042,667.2,,
145.0,40.4637527,-3.6201731,667.3,,
150.0,40.4637145,-3.6201419,667.4,,
155.0,40.4636774,-3.6201085,667.4,,
160.0,40.4636403,-3.6200751,667.5,,
165.0,40.4636032,-3.6200418,667.6,,
170.0,40.4635655,-3.6200096,667.7,,
175.0,40.4635271,-3.6199790,667.8,,
180.0,40.4635024,-3.6199316,667.9,,
185.0,40.4634924,-3.6198739,668.0,,
190.0,40.4634824,-3.6198163,668.1,,
195.0,40.4634806,-3.6197575,668.2,,
200.0,40.4634806,-3.6196984,668.4,,
205.0,40.4634873,-3.6196401,668.5,,
210.0,40.4634949,-3.6195818,668.6,,
215.0,40.4635024,-3.6195236,668.8,,
220.0,40.4635099,-3.6194653,668.9,,
225.0,40.4635175,-3.6194070,669.0,,
230.0,40.4635250,-3.6193488,669.2,,
235.0,40.4635326,-3.6192905,669.3,,
240.0,40.4635401,-3.6192323,669.4,,
245.0,40.4635476,-3.6191740,669.5,,
250.0,40.4635590,-3.6191228,669.6,,
255.0,40.4636033,-3.6191330,669.7,,
260.0,40.4636476,-3.6191431,669.8,,
265.0,40.4636919,-3.6191532,669.9,,
270.0,40.4637362,-3.6191633,670.0,,
274.9,40.4637805,-3.6191734,670.1,,
279.9,40.4638248,-3.6191835,670.2,,
284.9,40.4638690,-3.6191937,670.3,,
289.9,40.4639133,-3.6192038,670.4,,
294.9,40.4639576,-3.6192139,670.5,,
299.9,40.4640019,-3.6192241,670.6,,
304.9,40.4640462,-3.6192342,670.7,,
309.9,40.4640905,-3.6192443,670.8,,
314.9,40.4641348,-3.6192544,670.9,,
319.9,40.4641753,-3.6192575,671.0,,
324.9,40.4641832,-3.6191993,671.1,,
329.9,40.4641911,-3.6191411,671.2,,
334.9,40.4641991,-3.6190830,671.2,,
339.9,40.4642070,-3.6190248,671.3,,
344.9,40.4642149,-3.6189666,671.3,,
349.9,40.4642228,-3.6189085,671.4,,
354.9,40.4642308,-3.6188503,671.4,,
359.9,40.4642387,-3.6187921,671.4,,
364.9,40.4642466,-3.6187340,671.4,,
369.9,40.4642545,-3.6186758,671.4,,
374.9,40.4642625,-3.6186176,671.4,,
379.9,40.4642704,-3.6185594,671.4,,
384.9,40.4642783,-3.6185013,671.4,,
389.9,40.4642862,-3.6184431,671.4,,
394.9,40.4642941,-3.6183849,671.4,,
399.9,40.4643021,-3.6183268,671.4,,
404.9,40.4643100,-3.6182686,671.4,,
409.9,40.4643179,-3.6182104,671.5,,
414.9,40.4643258,-3.6181523,671.5,,
419.9,40.4643432,-3.6181121,671.6,,
424.9,40.4643875,-3.6181228,671.6,,
429.9,40.4644317,-3.6181336,671.7,,
434.9,40.4644759,-3.6181443,671.8,,
439.9,40.4645201,-3.6181550,671.9,,
444.9,40.4645643,-3.6181656,672.0,,
449.9,40.4646085,-3.6181763,672.1,,
454.9,40.4646214,-3.6181277,672.2,,
459.9,40.4646292,-3.6180695,672.3,,
464.9,40.4646658,-3.6180649,672.4,,
469.9,40.4647101,-3.6180747,672.5,,
474.9,40.4647544,-3.6180845,672.6,,
479.9,40.4647988,-3.6180943,672.7,,
484.9,40.4648431,-3.6181040,672.8,,
489.9,40.4648874,-3.6181138,673.0,,
494.9,40.4649318,-3.6181236,673.1,,
499.9,40.4649761,-3.6181334,673.2,,
504.9,40.4649881,-3.6181740,673.3,,
509.9,40.4649813,-3.6182324,673.4,,
514.9,40.4649746,-3.6182908,673.5,,
519.9,40.4649678,-3.6183492,673.6,,
524.9,40.4649610,-3.6184076,673.7,,
529.9,40.4649542,-3.6184661,673.8,,
534.9,40.4649475,-3.6185245,673.9,,
539.9,40.4649407,-3.6185829,674.0,,
544.9,40.4649339,-3.6186413,674.0,,
549.9,40.4649271,-3.6186997,674.1,,
554.9,40.4649194,-3.6187579,674.2,,
559.9,40.4649117,-3.6188162,674.3,,
564.9,40.4649039,-3.6188744,674.4,,
569.9,40.4648962,-3.6189326,674.5,,
574.9,40.4648884,-3.6189908,674.6,,
579.9,40.4648806,-3.6190490,674.7,,
584.9,40.4648847,-3.6191068,674.8,,
589.9,40.4648946,-3.6191645,675.0,,
594.9,40.4649132,-3.6192152,675.1,,
599.9,40.4649472,-3.6192540,675.3,,
604.9,40.4649819,-3.6192909,675.4,,
609.9,40.4650252,-3.6193067,675.6,,
614.9,40.4650689,-3.6193203,675.8,,
619.9,40.4651132,-3.6193305,675.9,,
624.9,40.4651575,-3.6193406,676.1,,
629.9,40.4652018,-3.6193507,676.2,,
634.9,40.4652460,-3.6193609,676.3,,
639.9,40.4652903,-3.6193710,676.5,,
644.9,40.4653346,-3.6193812,676.5,,
649.9,40.4653789,-3.6193913,676.6,,
654.9,40.4654232,-3.6194014,676.7,,
659.9,40.4654675,-3.6194116,676.8,,
664.9,40.4655118,-3.6194217,676.8,,
669.9,40.4655561,-3.6194318,676.8,,
674.9,40.4656004,-3.6194420,676.8,,
679.9,40.4656447,-3.6194521,676.8,,
684.9,40.4656890,-3.6194622,676.8,,
689.9,40.4657332,-3.6194724,676.8,,
694.9,40.4657775,-3.6194825,676.8,,
699.9,40.4658218,-3.6194927,676.7,,
704.9,40.4658661,-3.6195028,676.7,,
709.9,40.4659104,-3.6195129,676.7,,
714.9,40.4659547,-3.6195231,676.6,,
719.9,40.4659990,-3.6195332,676.6,,
724.9,40.4660433,-3.6195433,676.5,,
729.9,40.4660876,-3.6195535,676.5,,
734.9,40.4661319,-3.6195636,676.4,,
739.9,40.4661762,-3.6195737,676.3,,
744.9,40.4662205,-3.6195839,676.2,,
749.9,40.4662647,-3.6195940,676.2,,
754.9,40.4663090,-3.6196042,676.1,,
759.9,40.4663533,-3.6196143,676.0,,
764.9,40.4663976,-3.6196244,675.9,,
769.9,40.4664419,-3.6196346,675.8,,
774.9,40.4664862,-3.6196447,675.7,,
779.9,40.4665305,-3.6196548,675.5,,
784.9,40.4665748,-3.6196650,675.4,,
789.9,40.4666191,-3.6196751,675.3,,
794.9,40.4666634,-3.6196852,675.1,,
799.9,40.4667077,-3.6196954,674.9,,
804.9,40.4667520,-3.6197055,674.7,,
809.9,40.4667963,-3.6197154,674.5,,
814.8,40.4668406,-3.6197253,674.3,,
819.8,40.4668849,-3.6197352,674.1,,
824.8,40.4669292,-3.6197451,673.9,,
829.8,40.4669736,-3.6197550,673.7,,
834.8,40.4670179,-3.6197649,673.5,,
839.8,40.4670622,-3.6197748,673.3,,
844.8,40.4671065,-3.6197847,673.1,,
849.8,40.4671509,-3.6197946,672.9,,
854.8,40.4671952,-3.6198045,672.8,,
859.8,40.4672395,-3.6198144,672.7,,
864.8,40.4672838,-3.6198243,672.6,,
869.8,40.4673281,-3.6198342,672.5,,
874.8,40.4673725,-3.6198441,672.4,,
879.8,40.4674168,-3.6198540,672.4,,
884.8,40.4674611,-3.6198639,672.4,,
889.8,40.4675054,-3.6198738,672.4,,
894.8,40.4675498,-3.6198837,672.5,,
899.8,40.4675941,-3.6198936,672.6,,
904.8,40.4676384,-3.6199035,672.7,,
909.8,40.4676827,-3.6199134,672.8,,
914.8,40.4677270,-3.6199233,673.0,,
919.8,40.4677714,-3.6199332,673.1,,
924.8,40.4678157,-3.6199431,673.3,,
929.8,40.4678600,-3.6199531,673.4,,
934.8,40.4679043,-3.6199631,673.6,,
939.8,40.4679486,-3.6199732,673.7,,
944.8,40.4679929,-3.6199832,673.9,,
949.8,40.4680372,-3.6199932,674.0,,
954.8,40.4680815,-3.6200033,674.1,,
959.8,40.4681258,-3.6200133,674.3,,
964.8,40.4681701,-3.6200234,674.4,,
969.8,40.4682144,-3.6200334,674.5,,
974.8,40.4682587,-3.6200434,674.5,,
979.8,40.4683030,-3.6200535,674.6,,
984.8,40.4683473,-3.6200635,674.6,,
989.8,40.4683916,-3.6200736,674.7,,
994.8,40.4684360,-3.6200836,674.7,,
999.8,40.4684803,-3.6200937,674.7,,
1004.8,40.4685246,-3.6201037,674.7,,
1009.8,40.4685689,-3.6201137,674.7,,
1014.8,40.4686132,-3.6201238,674.6,,
1019.8,40.4686575,-3.6201338,674.6,,
1024.8,40.4687018,-3.6201439,674.6,,
1029.8,40.4687461,-3.6201539,674.6,,
1034.8,40.4687904,-3.6201639,674.5,,
1039.8,40.4688347,-3.6201740,674.5,,
1044.8,40.4688790,-3.6201840,674.5,,
1049.8,40.4689233,-3.6201941,674.4,,
1054.8,40.4689676,-3.6202041,674.4,,
1059.8,40.4690119,-3.6202141,674.3,,
1064.8,40.4690562,-3.6202242,674.3,,
1069.8,40.4691005,-3.6202342,674.3,,
1074.8,40.4691448,-3.6202443,674.3,,
1079.8,40.4691891,-3.6202543,674.3,,
1084.8,40.4692334,-3.6202643,674.3,,
1089.8,40.4692777,-3.6202744,674.3,,
1094.8,40.4693220,-3.6202844,674.3,,
1099.8,40.4693663,-3.6202945,674.4,,
1104.8,40.4694106,-3.6203045,674.4,,
1109.8,40.4694549,-3.6203145,674.5,,
1114.8,40.4694992,-3.6203246,674.6,,
1119.8,40.4695436,-3.6203346,674.6,,
1124.8,40.4695879,-3.6203447,674.7,,
1129.8,40.4696322,-3.6203547,674.8,,
1134.8,40.4696765,-3.6203648,674.9,,
1139.8,40.4697208,-3.6203748,675.1,,
1144.8,40.4697651,-3.6203848,675.2,,
1149.8,40.4698094,-3.6203949,675.3,,
1154.8,40.4698537,-3.6204049,675.4,,
1159.8,40.4698980,-3.6204150,675.5,,
1164.8,40.4699423,-3.6204250,675.6,,
1169.8,40.4699866,-3.6204350,675.7,,
1174.8,40.4700309,-3.6204451,675.8,,
1179.8,40.4700752,-3.6204551,675.9,,
1184.8,40.4701195,-3.6204652,676.0,,
1189.8,40.4701638,-3.6204752,676.1,,
1194.8,40.4702081,-3.6204852,676.3,,
1199.8,40.4702524,-3.6204953,676.4,,
1204.8,40.4702967,-3.6205053,676.5,,
1209.8,40.4703410,-3.6205154,676.7,,
1214.8,40.4703853,-3.6205254,676.9,,
1219.8,40.4704296,-3.6205354,677.1,,
1224.8,40.4704739,-3.6205455,677.3,,
1229.8,40.4705182,-3.6205555,677.5,,
1234.8,40.4705625,-3.6205656,677.8,,
1239.8,40.4706068,-3.6205758,678.0,,
1244.8,40.4706511,-3.6205860,678.3,,
1249.8,40.4706954,-3.6205962,678.6,,
1254.8,40.4707397,-3.6206064,678.8,,
1259.8,40.4707840,-3.6206166,679.1,,
1264.8,40.4708282,-3.6206268,679.3,,
1269.8,40.4708579,-3.6205836,679.5,,
1274.8,40.4708871,-3.6205387,679.7,,
1279.8,40.4709118,-3.6204894,679.9,,
1284.8,40.4709358,-3.6204394,680.0,,
1289.8,40.4709589,-3.6203886,680.1,,
1294.8,40.4709819,-3.6203379,680.1,,
1299.8,40.4710030,-3.6202858,680.1,,
1304.8,40.4710197,-3.6202312,680.1,,
1309.8,40.4710316,-3.6201742,680.1,,
1314.8,40.4710436,-3.6201173,680.0,,
1319.8,40.4710587,-3.6200617,680.0,,
1324.8,40.4710745,-3.6200064,679.9,,
1329.8,40.4710904,-3.6199511,679.8,,
1334.8,40.4711077,-3.6198966,679.7,,
1339.8,40.4711253,-3.6198422,679.6,,
1344.8,40.4711428,-3.6197878,679.5,,
1349.8,40.4711604,-3.6197334,679.3,,
1354.8,40.4711780,-3.6196790,679.2,,
1359.7,40.4711955,-3.6196246,679.1,,
1364.7,40.4712131,-3.6195702,679.0,,
1369.7,40.4712306,-3.6195157,678.8,,
1374.7,40.4712482,-3.6194613,678.7,,
1379.7,40.4712657,-3.6194069,678.5,,
1384.7,40.4712833,-3.6193525,678.4,,
1389.7,40.4713008,-3.6192981,678.2,,
1394.7,40.4713184,-3.6192437,678.1,,
1399.7,40.4713359,-3.6191893,677.9,,
1404.7,40.4713535,-3.6191349,677.8,,
1409.7,40.4713710,-3.6190805,677.6,,
1414.7,40.4713886,-3.6190261,677.5,,
1419.7,40.4714055,-3.6189714,677.3,,
1424.7,40.4714206,-3.6189157,677.2,,
1429.7,40.4714357,-3.6188601,677.1,,
1434.7,40.4714509,-3.6188044,676.9,,
1439.7,40.4714660,-3.6187488,676.8,,
1444.7,40.4714811,-3.6186932,676.6,,
1449.7,40.4714963,-3.6186375,676.5,,
1454.7,40.4715114,-3.6185819,676.4,,
1459.7,40.4715264,-3.6185262,676.2,,
1464.7,40.4715395,-3.6184696,676.1,,
1469.7,40.4715525,-3.6184131,676.0,,
1474.7,40.4715640,-3.6183560,675.9,,
1479.7,40.4715752,-3.6182987,675.8,,
1484.7,40.4715858,-3.6182413,675.7,,
1489.7,40.4715960,-3.6181838,675.6,,
1494.7,40.4716058,-3.6181261,675.6,,
1499.7,40.4716155,-3.6180684,675.5,,
1504.7,40.4716243,-3.6180104,675.5,,
1509.7,40.4716309,-3.6179520,675.5,,
1514.7,40.4716645,-3.6179764,675.5,,
1519.7,40.4717046,-3.6180029,675.5,,
1524.7,40.4717453,-3.6180280,675.5,,
1529.7,40.4717860,-3.6180532,675.6,,
1534.7,40.4718267,-3.6180783,675.6,,
1539.7,40.4718674,-3.6181035,675.7,,
1544.7,40.4719081,-3.6181286,675.8,,
1549.7,40.4719488,-3.6181537,675.9,,
1554.7,40.4719895,-3.6181788,675.9,,
1559.7,40.4720302,-3.6182039,676.0,,
1564.7,40.4720708,-3.6182290,676.0,,
1569.7,40.4721115,-3.6182541,676.1,,
1574.7,40.4721522,-3.6182792,676.1,,
1579.7,40.4721918,-3.6183072,676.2,,
1584.7,40.4722303,-3.6183376,676.2,,
1589.7,40.4722689,-3.6183681,676.2,,
1594.7,40.4723074,-3.6183985,676.2,,
1599.7,40.4723459,-3.6184289,676.2,,
1604.7,40.4723845,-3.6184594,676.1,,
1609.7,40.4724230,-3.6184898,676.1,,
1614.7,40.4724615,-3.6185203,676.0,,
1619.7,40.4724998,-3.6185511,676.0,,
1624.7,40.4725351,-3.6185878,675.9,,
1629.7,40.4725704,-3.6186244,675.8,,
1634.7,40.4726056,-3.6186611,675.7,,
1639.7,40.4726409,-3.6186978,675.7,,
1644.7,40.4726762,-3.6187344,675.6,,
1649.7,40.4727114,-3.6187711,675.5,,
1654.7,40.4727479,-3.6188056,675.4,,
1659.7,40.4727854,-3.6188381,675.3,,
1664.7,40.4728245,-3.6188673,675.2,,
1669.7,40.4728678,-3.6188817,675.1,,
1674.7,40.4729118,-3.6188936,675.0,,
1679.7,40.4729559,-3.6189055,675.0,,
1684.7,40.4729999,-3.6189174,675.0,,
1689.7,40.4730439,-3.6189292,674.9,,
1694.7,40.4730880,-3.6189411,674.9,,
1699.7,40.4730528,-3.6189430,675.0,,
1704.7,40.4730078,-3.6189437,675.0,,
1709.7,40.4729629,-3.6189444,675.0,,
1714.7,40.4729179,-3.6189450,675.1,,
1719.7,40.4728730,-3.6189456,675.2,,
1724.7,40.4728280,-3.6189434,675.2,,
1729.7,40.4727831,-3.6189412,675.3,,
1734.7,40.4727398,-3.6189263,675.4,,
1739.7,40.4726969,-3.6189089,675.4,,
1744.7,40.4726532,-3.6188946,675.5,,
1749.7,40.4726628,-3.6189053,675.5,,
1754.7,40.4727036,-3.6189302,675.5,,
1759.7,40.4727444,-3.6189551,675.5,,
1764.7,40.4727852,-3.6189800,675.5,,
1769.7,40.4728259,-3.6190048,675.5,,
1774.7,40.4728667,-3.6190297,675.4,,
1779.7,40.4729075,-3.6190546,675.4,,
1784.7,40.4729483,-3.6190795,675.4,,
1789.7,40.4729890,-3.6191045,675.4,,
1794.7,40.4730294,-3.6191306,675.4,,
1799.7,40.4730697,-3.6191567,675.4,,
1804.7,40.4731100,-3.6191828,675.4,,
1809.7,40.4731440,-3.6192212,675.5,,
1814.7,40.4731775,-3.6192607,675.6,,
1819.7,40.4732042,-3.6193079,675.7,,
1824.7,40.4732159,-3.6193627,675.8,,
1829.7,40.4732137,-3.6194210,676.0,,
1834.7,40.4731964,-3.6194751,676.2,,
1839.7,40.4731724,-3.6195251,676.4,,
1844.7,40.4731485,-3.6195752,676.7,,
1849.7,40.4731246,-3.6196252,677.0,,
1854.7,40.4731007,-3.6196752,677.3,,
1859.7,40.4730767,-3.6197253,677.6,,
1864.7,40.4730554,-3.6197771,677.9,,
1869.7,40.4730372,-3.6198312,678.3,,
1874.7,40.4730190,-3.6198852,678.6,,
1879.7,40.4730008,-3.6199392,679.0,,
1884.7,40.4729832,-3.6199935,679.4,,
1889.7,40.4729730,-3.6200511,679.7,,
1894.7,40.4729628,-3.6201086,680.1,,
1899.7,40.4729527,-3.6201662,680.5,,
1904.6,40.4729485,-3.6202250,680.9,,
1909.6,40.4729445,-3.6202839,681.3,,
1914.6,40.4729415,-3.6203428,681.7,,
1919.6,40.4729419,-3.6204019,682.0,,
1924.6,40.4729423,-3.6204610,682.4,,
1929.6,40.4729428,-3.6205200,682.8,,
1934.6,40.4729432,-3.6205791,683.2,,
1939.6,40.4729436,-3.6206382,683.6,,
1944.6,40.4729440,-3.6206973,683.9,,
1949.6,40.4729444,-3.6207564,684.3,,
1954.6,40.4729449,-3.6208155,684.7,,
1959.6,40.4729453,-3.6208746,685.0,,
1964.6,40.4729457,-3.6209337,685.4,,
1969.6,40.4729461,-3.6209928,685.7,,
1974.6,40.4729465,-3.6210519,686.1,,
1979.6,40.4729470,-3.6211109,686.4,,
1984.6,40.4729474,-3.6211700,686.7,,
1989.6,40.4729478,-3.6212291,687.1,,
1994.6,40.4729512,-3.6212880,687.4,,
1999.6,40.4729557,-3.6213468,687.7,,
2004.6,40.4729601,-3.6214056,688.0,,
2009.6,40.4729645,-3.6214644,688.3,,
2014.6,40.4729689,-3.6215232,688.5,,
2019.6,40.4729763,-3.6215815,688.8,,
2024.6,40.4729838,-3.6216398,689.0,,
2029.6,40.4729912,-3.6216981,689.2,,
2034.6,40.4730011,-3.6217555,689.4,,
2039.6,40.4730174,-3.6218105,689.6,,
2044.6,40.4730337,-3.6218656,689.8,,
2049.6,40.4730500,-3.6219207,689.9,,
2054.6,40.4730706,-3.6219730,690.0,,
2059.6,40.4730940,-3.6220234,690.2,,
2064.6,40.4731174,-3.6220739,690.2,,
2069.6,40.4731408,-3.6221243,690.3,,
2074.6,40.4731687,-3.6221706,690.4,,
2079.6,40.4731967,-3.6222169,690.4,,
2084.6,40.4732247,-3.6222631,690.4,,
2089.6,40.4732527,-3.6223094,690.5,,
2094.6,40.4732824,-3.6223536,690.5,,
2099.6,40.4733145,-3.6223950,690.5,,
2104.6,40.4733466,-3.6224363,690.5,,
2109.6,40.4733787,-3.6224777,690.5,,
2114.6,40.4734108,-3.6225190,690.5,,
2119.6,40.4734465,-3.6225549,690.4,,
2124.6,40.4734826,-3.6225901,690.4,,
2129.6,40.4735187,-3.6226253,690.4,,
2134.6,40.4735556,-3.6226589,690.4,,
2139.6,40.4735959,-3.6226849,690.3,,
2144.6,40.4736363,-3.6227110,690.3,,
2149.6,40.4736766,-3.6227370,690.2,,
2154.6,40.4737174,-3.6227614,690.2,,
2159.6,40.4737613,-3.6227743,690.1,,
2164.6,40.4738052,-3.6227871,690.0,,
2169.6,40.4738491,-3.6228000,689.9,,
2174.6,40.4738933,-3.6228099,689.8,,
2179.6,40.4739381,-3.6228145,689.7,,
2184.6,40.4739829,-3.6228191,689.6,,
2189.6,40.4740277,-3.6228237,689.4,,
2194.6,40.4740726,-3.6228283,689.3,,
2199.6,40.4741174,-3.6228322,689.1,,
2204.6,40.4741623,-3.6228344,688.9,,
2209.6,40.4742073,-3.6228365,688.7,,
2214.6,40.4742522,-3.6228387,688.5,,
2219.6,40.4742971,-3.6228409,688.3,,
2224.6,40.4743421,-3.6228431,688.1,,
2229.6,40.4743870,-3.6228452,687.9,,
2234.6,40.4744319,-3.6228474,687.7,,
2239.6,40.4744768,-3.6228496,687.4,,
2244.6,40.4745218,-3.6228518,687.2,,
2249.6,40.4745667,-3.6228539,686.9,,
2254.6,40.4746116,-3.6228561,686.7,,
2259.6,40.4746565,-3.6228583,686.4,,
2264.6,40.4747015,-3.6228605,686.2,,
2269.6,40.4747464,-3.6228627,685.9,,
2274.6,40.4747913,-3.6228648,685.7,,
2279.6,40.4748363,-3.6228670,685.5,,
2284.6,40.4748812,-3.6228692,685.2,,
2289.6,40.4749261,-3.6228714,685.0,,
2294.6,40.4749710,-3.6228736,684.8,,
2299.6,40.4750159,-3.6228770,684.6,,
2304.6,40.4750604,-3.6228852,684.5,,
2309.6,40.4751049,-3.6228935,684.3,,
2314.6,40.4751494,-3.6229018,684.2,,
2319.6,40.4751922,-3.6229188,684.0,,
2324.6,40.4752343,-3.6229397,683.9,,
2329.6,40.4752763,-3.6229606,683.8,,
2334.6,40.4753152,-3.6229902,683.8,,
2339.6,40.4753535,-3.6230210,683.7,,
2344.6,40.4753918,-3.6230519,683.7,,
2349.6,40.4754245,-3.6230923,683.7,,
2354.6,40.4754569,-3.6231334,683.7,,
2359.6,40.4754892,-3.6231745,683.7,,
2364.6,40.4755174,-3.6232205,683.8,,
2369.6,40.4755456,-3.6232665,683.8,,
2374.6,40.4755738,-3.6233125,683.9,,
2379.6,40.4756017,-3.6233589,683.9,,
2384.6,40.4756287,-3.6234061,684.0,,
2389.6,40.4756557,-3.6234534,684.0,,
2394.6,40.4756826,-3.6235007,684.1,,
2399.6,40.4757096,-3.6235479,684.2,,
2404.6,40.4757366,-3.6235952,684.3,,
2409.6,40.4757636,-3.6236425,684.3,,
2414.6,40.4757906,-3.6236897,684.4,,
2419.6,40.4758175,-3.6237370,684.5,,
2424.6,40.4758445,-3.6237843,684.6,,
2429.6,40.4758715,-3.6238316,684.7,,
2434.6,40.4758985,-3.6238788,684.7,,
2439.6,40.4759254,-3.6239261,684.8,,
2444.5,40.4759524,-3.6239734,684.9,,
2449.5,40.4759794,-3.6240206,685.0,,
2454.5,40.4760064,-3.6240679,685.1,,
2459.5,40.4760335,-3.6241151,685.2,,
2464.5,40.4760608,-3.6241620,685.3,,
2469.5,40.4760881,-3.6242090,685.4,,
2474.5,40.4761153,-3.6242559,685.5,,
2479.5,40.4761426,-3.6243029,685.6,,
2484.5,40.4761699,-3.6243499,685.6,,
2489.5,40.4761972,-3.6243968,685.7,,
2494.5,40.4762245,-3.6244438,685.8,,
2499.5,40.4762518,-3.6244907,685.8,,
2504.5,40.4762864,-3.6245282,685.8,,
2509.5,40.4763220,-3.6245641,685.8,,
2514.5,40.4763638,-3.6245857,685.8,,
2519.5,40.4764066,-3.6246002,685.8,,
2524.5,40.4764515,-3.6245973,685.7,,
2529.5,40.4764952,-3.6245865,685.6,,
2534.5,40.4765373,-3.6245657,685.5,,
2539.5,40.4765793,-3.6245449,685.4,,
2544.5,40.4766170,-3.6245129,685.3,,
2549.5,40.4766544,-3.6244799,685.1,,
2554.5,40.4766917,-3.6244470,685.0,,
2559.5,40.4767290,-3.6244141,684.8,,
2564.5,40.4767664,-3.6243812,684.7,,
2569.5,40.4768037,-3.6243482,684.6,,
2574.5,40.4768410,-3.6243153,684.5,,
2579.5,40.4768783,-3.6242824,684.3,,
2584.5,40.4769157,-3.6242495,684.2,,
2589.5,40.4769530,-3.6242165,684.1,,
2594.5,40.4769902,-3.6241833,684.0,,
2599.5,40.4770265,-3.6241484,683.9,,
2604.5,40.4770627,-3.6241134,683.8,,
2609.5,40.4770990,-3.6240785,683.7,,
2614.5,40.4771352,-3.6240435,683.6,,
2619.5,40.4771714,-3.6240086,683.5,,
2624.5,40.4772077,-3.6239736,683.4,,
2629.5,40.4772439,-3.6239386,683.2,,
2634.5,40.4772802,-3.6239037,683.1,,
2639.5,40.4773164,-3.6238687,683.0,,
2644.5,40.4773527,-3.6238338,682.8,,
2649.5,40.4773889,-3.6237988,682.7,,
2654.5,40.4774252,-3.6237638,682.5,,
2659.5,40.4774614,-3.6237289,682.3,,
2664.5,40.4774977,-3.6236939,682.1,,
2669.5,40.4775339,-3.6236590,682.0,,
2674.5,40.4775702,-3.6236240,681.8,,
2679.5,40.4776064,-3.6235890,681.6,,
2684.5,40.4776426,-3.6235541,681.4,,
2689.5,40.4776786,-3.6235185,681.3,,
2694.5,40.4777143,-3.6234827,681.1,,
2699.5,40.4777501,-3.6234469,680.9,,
2704.5,40.4777858,-3.6234111,680.8,,
2709.5,40.4778216,-3.6233753,680.6,,
2714.5,40.4778574,-3.6233395,680.4,,
2719.5,40.4778931,-3.6233037,680.3,,
2724.5,40.4779289,-3.6232679,680.1,,
2729.5,40.4779647,-3.6232321,680.0,,
2734.5,40.4780004,-3.6231963,679.8,,
2739.5,40.4780362,-3.6231605,679.7,,
2744.5,40.4780720,-3.6231247,679.6,,
2749.5,40.4781077,-3.6230889,679.4,,
2754.5,40.4781435,-3.6230531,679.3,,
2759.5,40.4781793,-3.6230173,679.1,,
2764.5,40.4782150,-3.6229815,679.0,,
2769.5,40.4782508,-3.6229457,678.9,,
2774.5,40.4782866,-3.6229099,678.8,,
2779.5,40.4783223,-3.6228741,678.7,,
2784.5,40.4783596,-3.6228410,678.6,,
2789.5,40.4783972,-3.6228087,678.5,,
2794.5,40.4784348,-3.6227763,678.4,,
2799.5,40.4784725,-3.6227440,678.3,,
2804.5,40.4785101,-3.6227117,678.2,,
2809.5,40.4785477,-3.6226794,678.1,,
2814.5,40.4785854,-3.6226470,678.1,,
2819.5,40.4786230,-3.6226147,678.0,,
2824.5,40.4786606,-3.6225824,678.0,,
2829.5,40.4786983,-3.6225500,677.9,,
2834.5,40.4787359,-3.6225177,677.9,,
2839.5,40.4787736,-3.6224854,677.8,,
2844.5,40.4788118,-3.6224545,677.8,,
2849.5,40.4788517,-3.6224271,677.8,,
2854.5,40.4788915,-3.6223997,677.8,,
2859.5,40.4789313,-3.6223723,677.7,,
2864.5,40.4789733,-3.6223514,677.7,,
2869.5,40.4790156,-3.6223311,677.7,,
2874.5,40.4790578,-3.6223107,677.7,,
2879.5,40.4791006,-3.6222930,677.7,,
2884.5,40.4791443,-3.6222795,677.7,,
2889.5,40.4791881,-3.6222660,677.6,,
2894.5,40.4792319,-3.6222526,677.6,,
2899.5,40.4792758,-3.6222402,677.6,,
2904.5,40.4793205,-3.6222337,677.6,,
2909.5,40.4793652,-3.6222272,677.6,,
2914.5,40.4794099,-3.6222207,677.6,,
2919.5,40.4794545,-3.6222142,677.6,,
2924.5,40.4794994,-3.6222125,677.6,,
2929.5,40.4795444,-3.6222125,677.5,,
2934.5,40.4795893,-3.6222126,677.5,,
2939.5,40.4796343,-3.6222127,677.5,,
2944.5,40.4796790,-3.6222181,677.5,,
2949.5,40.4797236,-3.6222254,677.5,,
2954.5,40.4797682,-3.6222327,677.5,,
2959.5,40.4798126,-3.6222417,677.5,,
2964.5,40.4798561,-3.6222567,677.5,,
2969.5,40.4798996,-3.6222717,677.4,,
2974.5,40.4799431,-3.6222867,677.4,,
2979.5,40.4799840,-3.6223107,677.4,,
2984.5,40.4800243,-3.6223369,677.3,,
2989.4,40.4800646,-3.6223631,677.3,,
2994.4,40.4801039,-3.6223914,677.3,,
2999.4,40.4801401,-3.6224265,677.2,,
3004.4,40.4801763,-3.6224616,677.2,,
3009.4,40.4802122,-3.6224971,677.2,,
3014.4,40.4802456,-3.6225366,677.2,,
3019.4,40.4802790,-3.6225761,677.2,,
3024.4,40.4803124,-3.6226156,677.2,,
3029.4,40.4803459,-3.6226552,677.2,,
3034.4,40.4803761,-3.6226987,677.2,,
3039.4,40.4804052,-3.6227438,677.2,,
3044.4,40.4804342,-3.6227889,677.3,,
3049.4,40.4804620,-3.6228352,677.4,,
3054.4,40.4804834,-3.6228871,677.4,,
3059.4,40.4805048,-3.6229391,677.5,,
3064.4,40.4805262,-3.6229911,677.6,,
3069.4,40.4805467,-3.6230435,677.7,,
3074.4,40.4805601,-3.6230999,677.9,,
3079.4,40.4805735,-3.6231563,678.0,,
3084.4,40.4805870,-3.6232127,678.1,,
3089.4,40.4805989,-3.6232696,678.3,,
3094.4,40.4806083,-3.6233274,678.4,,
3099.4,40.4806178,-3.6233852,678.6,,
3104.4,40.4806272,-3.6234430,678.8,,
3109.4,40.4806312,-3.6235016,678.9,,
3114.4,40.4806321,-3.6235607,679.1,,
3119.4,40.4806330,-3.6236197,679.3,,
3124.4,40.4806338,-3.6236788,679.5,,
3129.4,40.4806299,-3.6237375,679.6,,
3134.4,40.4806228,-3.6237958,679.8,,
3139.4,40.4806157,-3.6238542,680.0,,
3144.4,40.4806086,-3.6239125,680.1,,
3149.4,40.4805985,-3.6239699,680.3,,
3154.4,40.4805843,-3.6240260,680.5,,
3159.4,40.4805702,-3.6240821,680.7,,
3164.4,40.4805560,-3.6241382,680.8,,
3169.4,40.4805391,-3.6241928,681.0,,
3174.4,40.4805193,-3.6242458,681.1,,
3179.4,40.4804995,-3.6242988,681.3,,
3184.4,40.4804791,-3.6243515,681.4,,
3189.4,40.4804505,-3.6243971,681.6,,
3194.4,40.4804219,-3.6244427,681.7,,
3199.4,40.4803934,-3.6244883,681.9,,
3204.4,40.4803625,-3.6245312,682.0,,
3209.4,40.4803302,-3.6245722,682.1,,
3214.4,40.4802978,-3.6246132,682.2,,
3219.4,40.4802607,-3.6246460,682.4,,
3224.4,40.4802219,-3.6246759,682.5,,
3229.4,40.4801831,-3.6247058,682.6,,
3234.4,40.4801436,-3.6247336,682.7,,
3239.4,40.4801020,-3.6247561,682.7,,
3244.4,40.4800605,-3.6247787,682.8,,
3249.4,40.4800189,-3.6248012,682.9,,
3254.4,40.4799758,-3.6248174,683.0,,
3259.4,40.4799319,-3.6248301,683.0,,
3264.4,40.4798880,-3.6248427,683.1,,
3269.4,40.4798441,-3.6248551,683.2,,
3274.4,40.4797991,-3.6248575,683.2,,
3279.4,40.4797542,-3.6248599,683.3,,
3284.4,40.4797093,-3.6248617,683.3,,
3289.4,40.4796655,-3.6248488,683.4,,
3294.4,40.4796216,-3.6248359,683.4,,
3299.4,40.4795777,-3.6248231,683.5,,
3304.4,40.4795353,-3.6248039,683.5,,
3309.4,40.4794936,-3.6247819,683.5,,
3314.4,40.4794519,-3.6247598,683.5,,
3319.4,40.4794102,-3.6247378,683.5,,
3324.4,40.4793684,-3.6247160,683.5,,
3329.4,40.4793266,-3.6246943,683.5,,
3334.4,40.4792848,-3.6246726,683.5,,
3339.4,40.4792430,-3.6246508,683.5,,
3344.4,40.4792011,-3.6246291,683.5,,
3349.4,40.4791593,-3.6246074,683.5,,
3354.4,40.4791175,-3.6245856,683.4,,
3359.4,40.4790757,-3.6245639,683.4,,
3364.4,40.4790339,-3.6245422,683.3,,
3369.4,40.4789921,-3.6245204,683.3,,
3374.4,40.4789503,-3.6244987,683.2,,
3379.4,40.4789085,-3.6244770,683.2,,
3384.4,40.4788667,-3.6244552,683.1,,
3389.4,40.4788249,-3.6244335,683.0,,
3394.4,40.4787831,-3.6244118,683.0,,
3399.4,40.4787413,-3.6243900,682.9,,
3404.4,40.4786995,-3.6243683,682.8,,
3409.4,40.4786577,-3.6243466,682.8,,
3414.4,40.4786149,-3.6243285,682.7,,
3419.4,40.4785715,-3.6243131,682.7,,
3424.4,40.4785281,-3.6242977,682.7,,
3429.4,40.4784847,-3.6242823,682.7,,
3434.4,40.4784408,-3.6242712,682.7,,
3439.4,40.4783959,-3.6242684,682.7,,
3444.4,40.4783510,-3.6242656,682.7,,
3449.4,40.4783065,-3.6242692,682.8,,
3454.4,40.4782624,-3.6242809,682.9,,
3459.4,40.4782183,-3.6242926,683.0,,
3464.4,40.4781765,-3.6243132,683.1,,
3469.4,40.4781359,-3.6243387,683.2,,
3474.4,40.4780970,-3.6243677,683.4,,
3479.4,40.4780606,-3.6244024,683.6,,
3484.4,40.4780242,-3.6244371,683.7,,
3489.4,40.4779936,-3.6244804,683.9,,
3494.4,40.4779631,-3.6245238,684.1,,
3499.4,40.4779326,-3.6245672,684.4,,
3504.4,40.4779075,-3.6246162,684.6,,
3509.4,40.4778823,-3.6246652,684.8,,
3514.4,40.4778572,-3.6247142,685.1,,
3519.4,40.4778321,-3.6247632,685.3,,
3524.4,40.4778069,-3.6248122,685.6,,
3529.4,40.4777818,-3.6248612,685.9,,
3534.3,40.4777567,-3.6249102,686.1,,
3539.3,40.4777315,-3.6249592,686.4,,
3544.3,40.4777064,-3.6250082,686.7,,
3549.3,40.4776781,-3.6250541,686.9,,
3554.3,40.4776497,-3.6250999,687.2,,
3559.3,40.4776214,-3.6251458,687.5,,
3564.3,40.4775891,-3.6251869,687.8,,
3569.3,40.4775554,-3.6252255,688.0,,
3574.3,40.4775147,-3.6252507,688.3,,
3579.3,40.4774717,-3.6252676,688.5,,
3584.3,40.4774282,-3.6252826,688.8,,
3589.3,40.4773843,-3.6252950,689.0,,
3594.3,40.4773400,-3.6253030,689.2,,
3599.3,40.4772950,-3.6253028,689.4,,
3604.3,40.4772500,-3.6253027,689.6,,
3609.3,40.4772051,-3.6253026,689.8,,
3614.3,40.4771601,-3.6253025,690.0,,
3619.3,40.4771152,-3.6253024,690.2,,
3624.3,40.4770702,-3.6253023,690.3,,
3629.3,40.4770253,-3.6253022,690.5,,
3634.3,40.4769803,-3.6253021,690.6,,
3639.3,40.4769353,-3.6253020,690.8,,
3644.3,40.4768904,-3.6253018,690.9,,
3649.3,40.4768454,-3.6253017,691.1,,
3654.3,40.4768005,-3.6253016,691.2,,
3659.3,40.4767555,-3.6253015,691.3,,
3664.3,40.4767105,-3.6253014,691.4,,
3669.3,40.4766656,-3.6253013,691.5,,
3674.3,40.4766206,-3.6253012,691.6,,
3679.3,40.4765757,-3.6253011,691.7,,
3684.3,40.4765307,-3.6253010,691.8,,
3689.3,40.4764858,-3.6253008,691.9,,
3694.3,40.4764408,-3.6253007,691.9,,
3699.3,40.4763958,-3.6253006,692.0,,
3704.3,40.4763509,-3.6253005,692.1,,
3709.3,40.4763059,-3.6253004,692.1,,
3714.3,40.4762610,-3.6253003,692.1,,
3719.3,40.4762160,-3.6253002,692.1,,
3724.3,40.4761711,-3.6253001,692.1,,
3729.3,40.4761262,-3.6252971,692.1,,
3734.3,40.4760815,-3.6252908,692.1,,
3739.3,40.4760371,-3.6252829,692.1,,
3744.3,40.4759949,-3.6252624,692.0,,
3749.3,40.4759528,-3.6252417,692.0,,
3754.3,40.4759135,-3.6252130,691.9,,
3759.3,40.4758743,-3.6251843,691.9,,
3764.3,40.4758350,-3.6251555,691.8,,
3769.3,40.4757957,-3.6251268,691.8,,
3774.3,40.4757564,-3.6250981,691.7,,
3779.3,40.4757171,-3.6250694,691.7,,
3784.3,40.4756778,-3.6250407,691.7,,
3789.3,40.4756385,-3.6250120,691.7,,
3794.3,40.4755992,-3.6249833,691.7,,
3799.3,40.4755599,-3.6249545,691.7,,
3804.3,40.4755206,-3.6249258,691.8,,
3809.3,40.4754813,-3.6248971,691.8,,
3814.3,40.4754408,-3.6248722,691.9,,
3819.3,40.4753979,-3.6248545,692.0,,
3824.3,40.4753543,-3.6248410,692.2,,
3829.3,40.4753098,-3.6248323,692.3,,
3834.3,40.4752649,-3.6248300,692.5,,
3839.3,40.4752200,-3.6248292,692.7,,
3844.3,40.4751754,-3.6248362,693.0,,
3849.3,40.4751307,-3.6248432,693.2,,
3854.3,40.4750879,-3.6248613,693.5,,
3859.3,40.4750492,-3.6248889,693.7,,
3864.3,40.4750157,-3.6249282,694.0,,
3869.3,40.4749874,-3.6249741,694.3,,
3874.3,40.4749596,-3.6250205,694.6,,
3879.3,40.4749321,-3.6250673,694.8,,
3884.3,40.4749043,-3.6251137,695.1,,
3889.3,40.4748762,-3.6251598,695.4,,
3894.3,40.4748488,-3.6252067,695.6,,
3899.3,40.4748218,-3.6252539,695.8,,
3904.3,40.4747893,-3.6252942,696.0,,
3909.3,40.4747492,-3.6253199,696.2,,
3914.3,40.4747047,-3.6253250,696.3,,
3919.3,40.4746617,-3.6253093,696.5,,
3924.3,40.4746236,-3.6252784,696.6,,
3929.3,40.4745861,-3.6252457,696.7,,
3934.3,40.4745660,-3.6251985,696.8,,
3939.3,40.4745676,-3.6251397,696.8,,
3944.3,40.4745829,-3.6250844,696.9,,
3949.3,40.4746056,-3.6250376,697.0,,
3954.3,40.4745612,-3.6250464,697.1,,
3959.3,40.4745163,-3.6250475,697.1,,
3964.3,40.4744716,-3.6250419,697.2,,
3969.3,40.4744274,-3.6250316,697.3,,
3974.3,40.4743835,-3.6250188,697.4,,
3979.3,40.4743396,-3.6250059,697.5,,
3984.3,40.4742957,-3.6249930,697.5,,
3989.3,40.4742518,-3.6249801,697.6,,
3994.3,40.4742080,-3.6249673,697.7,,
3999.3,40.4741641,-3.6249544,697.7,,
4004.3,40.4741202,-3.6249415,697.8,,
4009.3,40.4740763,-3.6249286,697.8,,
4014.3,40.4740325,-3.6249157,697.8,,
4019.3,40.4739886,-3.6249028,697.8,,
4024.3,40.4739448,-3.6248896,697.7,,
4029.3,40.4739012,-3.6248748,697.7,,
4034.3,40.4738577,-3.6248600,697.5,,
4039.3,40.4738142,-3.6248452,697.4,,
4044.3,40.4737707,-3.6248304,697.3,,
4049.3,40.4737271,-3.6248156,697.1,,
4054.3,40.4736836,-3.6248008,697.0,,
4059.3,40.4736401,-3.6247860,696.8,,
4064.3,40.4735966,-3.6247712,696.6,,
4069.3,40.4736240,-3.6247258,696.4,,
4074.2,40.4736313,-3.6246675,696.2,,
4079.2,40.4736380,-3.6246091,696.0,,
4084.2,40.4736380,-3.6245500,695.8,,
4089.2,40.4736380,-3.6244909,695.6,,
4094.2,40.4736380,-3.6244318,695.4,,
4099.2,40.4736380,-3.6243728,695.2,,
4104.2,40.4736380,-3.6243137,695.1,,
4109.2,40.4736380,-3.6242546,695.0,,
4114.2,40.4736380,-3.6241955,694.9,,
4119.2,40.4736380,-3.6241364,694.8,,
4124.2,40.4736085,-3.6241309,694.7,,
4129.2,40.4735658,-3.6241495,694.7,,
4134.2,40.4735232,-3.6241680,694.7,,
4139.2,40.4734805,-3.6241866,694.7,,
4144.2,40.4734378,-3.6242052,694.7,,
4149.2,40.4733951,-3.6242237,694.7,,
4154.2,40.4733585,-3.6242575,694.7,,
4159.2,40.4733371,-3.6243042,694.7,,
4164.2,40.4733399,-3.6243629,694.7,,
4169.2,40.4733333,-3.6244211,694.8,,
4174.2,40.4733167,-3.6244756,694.8,,
4179.2,40.4732925,-3.6245250,694.8,,
4184.2,40.4732599,-3.6245651,694.7,,
4189.2,40.4732221,-3.6245965,694.7,,
4194.2,40.4731799,-3.6246158,694.6,,
4199.2,40.4731353,-3.6246218,694.6,,
4204.2,40.4730910,-3.6246151,694.5,,
4209.2,40.4730486,-3.6245967,694.4,,
4214.2,40.4730102,-3.6245665,694.3,,
4219.2,40.4729777,-3.6245260,694.2,,
4224.2,40.4729530,-3.6244769,694.1,,
4229.2,40.4729370,-3.6244220,694.0,,
4234.2,40.4729303,-3.6243639,693.9,,
4239.2,40.4729324,-3.6243052,693.8,,
4244.2,40.4729453,-3.6242487,693.7,,
4249.2,40.4729665,-3.6241969,693.6,,
4254.2,40.4729753,-3.6241655,693.4,,
4259.2,40.4729308,-3.6241735,693.3,,
4264.2,40.4728862,-3.6241810,693.2,,
4269.2,40.4728413,-3.6241801,693.1,,
4274.2,40.4727968,-3.6241721,692.9,,
4279.2,40.4727538,-3.6241549,692.8,,
4284.2,40.4727112,-3.6241360,692.6,,
4289.2,40.4726686,-3.6241171,692.5,,
4294.2,40.4726260,-3.6240982,692.3,,
4299.2,40.4725834,-3.6240794,692.2,,
4304.2,40.4725408,-3.6240605,692.1,,
4309.2,40.4724982,-3.6240416,691.9,,
4314.2,40.4724556,-3.6240227,691.8,,
4319.2,40.4724130,-3.6240038,691.7,,
4324.2,40.4723704,-3.6239850,691.5,,
4329.2,40.4723278,-3.6239661,691.4,,
4334.2,40.4722852,-3.6239472,691.3,,
4339.2,40.4722426,-3.6239283,691.2,,
4344.2,40.4722000,-3.6239095,691.1,,
4349.2,40.4721568,-3.6238930,691.1,,
4354.2,40.4721134,-3.6238857,691.0,,
4359.2,40.4720761,-3.6239115,690.9,,
4364.2,40.4720526,-3.6239618,690.9,,
4369.2,40.4720404,-3.6239870,690.8,,
4374.2,40.4720561,-3.6239318,690.8,,
4379.2,40.4720640,-3.6238737,690.7,,
4384.2,40.4720637,-3.6238146,690.7,,
4389.2,40.4720548,-3.6237567,690.7,,
4394.2,40.4720384,-3.6237018,690.6,,
4399.2,40.4720147,-3.6236518,690.6,,
4404.2,40.4719847,-3.6236080,690.6,,
4409.2,40.4719493,-3.6235721,690.5,,
4414.2,40.4719095,-3.6235451,690.5,,
4419.2,40.4718667,-3.6235279,690.5,,
4424.2,40.4718223,-3.6235209,690.4,,
4429.2,40.4717776,-3.6235245,690.4,,
4434.2,40.4717340,-3.6235381,690.3,,
4439.2,40.4716931,-3.6235622,690.3,,
4444.2,40.4716559,-3.6235952,690.2,,
4449.2,40.4716243,-3.6236372,690.2,,
4454.2,40.4715987,-3.6236856,690.1,,
4459.2,40.4715800,-3.6237392,690.1,,
4464.2,40.4715694,-3.6237965,690.0,,
4469.2,40.4715663,-3.6238553,690.0,,
4474.2,40.4715714,-3.6239139,689.9,,
4479.2,40.4715845,-3.6239703,689.9,,
4484.2,40.4716045,-3.6240230,689.8,,
4489.2,40.4716322,-3.6240694,689.7,,
4494.2,40.4716655,-3.6241091,689.7,,
4499.2,40.4716420,-3.6240897,689.6,,
4504.2,40.4716046,-3.6240569,689.5,,
4509.2,40.4715636,-3.6240353,689.4,,
4514.2,40.4715193,-3.6240383,689.3,,
4519.2,40.4714778,-3.6240580,689.2,,
4524.2,40.4714391,-3.6240881,689.1,,
4529.2,40.4714004,-3.6241182,688.9,,
4534.2,40.4713614,-3.6241476,688.8,,
4539.2,40.4713224,-3.6241770,688.6,,
4544.2,40.4712819,-3.6242024,688.4,,
4549.2,40.4712409,-3.6242267,688.2,,
4554.2,40.4711999,-3.6242511,688.0,,
4559.2,40.4711590,-3.6242754,687.8,,
4564.2,40.4711180,-3.6242998,687.5,,
4569.2,40.4710762,-3.6243216,687.3,,
4574.2,40.4710344,-3.6243431,687.0,,
4579.2,40.4709925,-3.6243646,686.8,,
4584.2,40.4709505,-3.6243857,686.5,,
4589.2,40.4709077,-3.6244039,686.2,,
4594.2,40.4708649,-3.6244220,685.9,,
4599.2,40.4708221,-3.6244402,685.5,,
4604.2,40.4707794,-3.6244583,685.2,,
4609.2,40.4707360,-3.6244737,684.9,,
4614.2,40.4706925,-3.6244889,684.5,,
4619.1,40.4706491,-3.6245040,684.1,,
4624.1,40.4706054,-3.6245183,683.7,,
4629.1,40.4705615,-3.6245309,683.3,,
4634.1,40.4705176,-3.6245435,682.9,,
4639.1,40.4704737,-3.6245560,682.5,,
4644.1,40.4704295,-3.6245669,682.1,,
4649.1,40.4703850,-3.6245755,681.6,,
4654.1,40.4703405,-3.6245841,681.2,,
4659.1,40.4702961,-3.6245927,680.7,,
4664.1,40.4702515,-3.6246007,680.3,,
4669.1,40.4702067,-3.6246045,679.8,,
4674.1,40.4701618,-3.6246082,679.4,,
4679.1,40.4701169,-3.6246120,679.0,,
4684.1,40.4700720,-3.6246141,678.6,,
4689.1,40.4700271,-3.6246142,678.2,,
4694.1,40.4699821,-3.6246143,677.9,,
4699.1,40.4699371,-3.6246144,677.6,,
4704.1,40.4698922,-3.6246145,677.3,,
4709.1,40.4698472,-3.6246136,677.0,,
4714.1,40.4698023,-3.6246111,676.8,,
4719.1,40.4697574,-3.6246085,676.6,,
4724.1,40.4697125,-3.6246060,676.5,,
4729.1,40.4696677,-3.6246018,676.4,,
4734.1,40.4696230,-3.6245949,676.3,,
4739.1,40.4695784,-3.6245880,676.3,,
4744.1,40.4695337,-3.6245810,676.3,,
4749.1,40.4694891,-3.6245741,676.3,,
4754.1,40.4694448,-3.6245640,676.3,,
4759.1,40.4694008,-3.6245524,676.3,,
4764.1,40.4693567,-3.6245407,676.4,,
4769.1,40.4693126,-3.6245291,676.5,,
4774.1,40.4692687,-3.6245166,676.6,,
4779.1,40.4692250,-3.6245029,676.6,,
4784.1,40.4691830,-3.6244819,676.7,,
4789.1,40.4691409,-3.6244609,676.8,,
4794.1,40.4691017,-3.6244322,676.8,,
4799.1,40.4690627,-3.6244029,676.9,,
4804.1,40.4690237,-3.6243734,676.9,,
4809.1,40.4689903,-3.6243339,676.9,,
4814.1,40.4689607,-3.6243049,676.9,,
4819.1,40.4689632,-3.6243638,676.9,,
4824.1,40.4689577,-3.6244225,676.9,,
4829.1,40.4689439,-3.6244787,676.9,,
4834.1,40.4689228,-3.6245309,676.9,,
4839.1,40.4688950,-3.6245772,676.8,,
4844.1,40.4688611,-3.6246157,676.8,,
4849.1,40.4688229,-3.6246461,676.7,,
4854.1,40.4687813,-3.6246678,676.7,,
4859.1,40.4687375,-3.6246798,676.7,,
4864.1,40.4686925,-3.6246791,676.7,,
4869.1,40.4686486,-3.6246689,676.6,,
4874.1,40.4686058,-3.6246514,676.7,,
4879.1,40.4685669,-3.6246218,676.7,,
4884.1,40.4685328,-3.6245833,676.7,,
4889.1,40.4685046,-3.6245376,676.7,,
4894.1,40.4684828,-3.6244862,676.7,,
4899.1,40.4684682,-3.6244307,676.8,,
4904.1,40.4684451,-3.6243889,676.8,,
4909.1,40.4684021,-3.6243717,676.8,,
4914.1,40.4683591,-3.6243546,676.8,,
4919.1,40.4683167,-3.6243353,676.8,,
4924.1,40.4682762,-3.6243095,676.7,,
4929.1,40.4682358,-3.6242837,676.7,,
4934.1,40.4681953,-3.6242580,676.6,,
4939.1,40.4681548,-3.6242322,676.6,,
4944.1,40.4681144,-3.6242065,676.5,,
4949.1,40.4680752,-3.6241776,676.4,,
4954.1,40.4680362,-3.6241482,676.3,,
4959.1,40.4679971,-3.6241188,676.1,,
4964.1,40.4679581,-3.6240895,676.0,,
4969.1,40.4679191,-3.6240601,675.9,,
4974.1,40.4678807,-3.6240294,675.7,,
4979.1,40.4678432,-3.6239969,675.6,,
4984.1,40.4678057,-3.6239643,675.4,,
4989.1,40.4677682,-3.6239318,675.3,,
4994.1,40.4677306,-3.6238992,675.2,,
4999.1,40.4676931,-3.6238667,675.1,,
5004.1,40.4676556,-3.6238341,675.0,,
5009.1,40.4676290,-3.6237864,674.9,,
5014.1,40.4676024,-3.6237388,674.8,,
5019.1,40.4675711,-3.6236979,674.8,,
5024.1,40.4675326,-3.6236673,674.7,,
5029.1,40.4674942,-3.6236367,674.6,,
5034.1,40.4674557,-3.6236062,674.6,,
5039.1,40.4674172,-3.6235756,674.6,,
5044.1,40.4673800,-3.6235424,674.5,,
5049.1,40.4673517,-3.6234981,674.5,,
5054.1,40.4673557,-3.6234410,674.5,,
5059.1,40.4673279,-3.6234035,674.4,,
5064.1,40.4672900,-3.6233719,674.4,,
5069.1,40.4672520,-3.6233402,674.3,,
5074.1,40.4672140,-3.6233086,674.3,,
5079.1,40.4671761,-3.6232769,674.2,,
5084.1,40.4671381,-3.6232453,674.1,,
5089.1,40.4671001,-3.6232136,674.1,,
5094.1,40.4670622,-3.6231820,674.0,,
5099.1,40.4670242,-3.6231503,673.9,,
5104.1,40.4669862,-3.6231187,673.8,,
5109.1,40.4669483,-3.6230870,673.7,,
5114.1,40.4669103,-3.6230554,673.6,,
5119.1,40.4668723,-3.6230237,673.5,,
5124.1,40.4668344,-3.6229921,673.3,,
5129.1,40.4667964,-3.6229604,673.2,,
5134.1,40.4667584,-3.6229288,673.1,,
5139.1,40.4667205,-3.6228971,673.0,,
5144.1,40.4666825,-3.6228655,672.8,,
5149.1,40.4666446,-3.6228338,672.7,,
5154.1,40.4666066,-3.6228022,672.6,,
5159.1,40.4665686,-3.6227705,672.5,,
5164.0,40.4665307,-3.6227388,672.4,,
5169.0,40.4664927,-3.6227072,672.3,,
5174.0,40.4664547,-3.6226755,672.2,,
5179.0,40.4664168,-3.6226439,672.1,,
5184.0,40.4663788,-3.6226122,672.1,,
5189.0,40.4663408,-3.6225806,672.0,,
5194.0,40.4663029,-3.6225489,672.0,,
5199.0,40.4662649,-3.6225173,671.9,,
5204.0,40.4662269,-3.6224856,671.9,,
5209.0,40.4661890,-3.6224540,671.9,,
5214.0,40.4661510,-3.6224223,671.9,,
5219.0,40.4661130,-3.6223907,671.8,,
5224.0,40.4660751,-3.6223590,671.8,,
5229.0,40.4660371,-3.6223274,671.8,,
5234.0,40.4659992,-3.6222957,671.7,,
5239.0,40.4659612,-3.6222641,671.7,,
5244.0,40.4659232,-3.6222324,671.6,,
5249.0,40.4658853,-3.6222008,671.5,,
5254.0,40.4658473,-3.6221691,671.4,,
5259.0,40.4658093,-3.6221375,671.3,,
5264.0,40.4657714,-3.6221058,671.2,,
5269.0,40.4657334,-3.6220742,671.0,,
5274.0,40.4656954,-3.6220425,670.9,,
5279.0,40.4656575,-3.6220109,670.7,,
5284.0,40.4656195,-3.6219792,670.6,,
5289.0,40.4655815,-3.6219476,670.4,,
5294.0,40.4655436,-3.6219159,670.2,,
5299.0,40.4655056,-3.6218842,670.0,,
5304.0,40.4654676,-3.6218526,669.8,,
5309.0,40.4654297,-3.6218209,669.6,,
5314.0,40.4653917,-3.6217893,669.4,,
5319.0,40.4653538,-3.6217576,669.2,,
5324.0,40.4653158,-3.6217260,668.9,,
5329.0,40.4652778,-3.6216943,668.7,,
5334.0,40.4652399,-3.6216627,668.5,,
5339.0,40.4652019,-3.6216310,668.3,,
5344.0,40.4651639,-3.6215994,668.1,,
5349.0,40.4651260,-3.6215677,667.8,,
5354.0,40.4650880,-3.6215361,667.6,,
5359.0,40.4650500,-3.6215044,667.4,,
5364.0,40.4650121,-3.6214728,667.2,,
5369.0,40.4649741,-3.6214411,667.0,,
5374.0,40.4649361,-3.6214095,666.8,,
5379.0,40.4648982,-3.6213778,666.7,,
5384.0,40.4648602,-3.6213462,666.5,,
5389.0,40.4648222,-3.6213145,666.3,,
5394.0,40.4647843,-3.6212829,666.2,,
5399.0,40.4647463,-3.6212512,666.0,,
5404.0,40.4647083,-3.6212196,666.0,,
5409.0,40.4646704,-3.6211879,665.9,,
