# marina_bay: centreline in race direction, 5 m spacing. Source: OpenStreetMap contributors (ODbL); elevation srtm30m via OpenTopoData
# widths are metres from the centreline to the track edge (TUMFTM only, blank for OSM)
s_m,lat,lon,elev_m,w_right_m,w_left_m
0.0,1.2940727,103.8638557,14.3,,
5.0,1.2941176,103.8638528,16.0,,
10.0,1.2941624,103.8638495,16.7,,
15.0,1.2942068,103.8638423,17.5,,
20.0,1.2942512,103.8638352,18.1,,
25.0,1.2942901,103.8638149,18.8,,
30.0,1.2943241,103.8637863,19.4,,
35.0,1.2943447,103.8637463,20.0,,
40.0,1.2943580,103.8637045,20.6,,
45.0,1.2943584,103.8636595,21.2,,
50.0,1.2943582,103.8636145,21.8,,
55.0,1.2943545,103.8635697,22.3,,
60.0,1.2943525,103.8635248,22.7,,
65.0,1.2943559,103.8634800,23.2,,
70.0,1.2943593,103.8634351,23.5,,
75.0,1.2943674,103.8633911,23.8,,
80.0,1.2943806,103.8633481,23.9,,
85.0,1.2943938,103.8633051,24.0,,
90.0,1.2944104,103.8632635,24.0,,
95.0,1.2944310,103.8632235,23.9,,
100.0,1.2944516,103.8631835,23.7,,
105.0,1.2944721,103.8631434,23.5,,
110.0,1.2944927,103.8631034,23.2,,
115.0,1.2945133,103.8630634,22.8,,
120.0,1.2945432,103.8630315,22.4,,
125.0,1.2945814,103.8630080,22.0,,
130.0,1.2946200,103.8629848,21.5,,
135.0,1.2946601,103.8629645,21.1,,
140.0,1.2947006,103.8629449,20.6,,
145.0,1.2947371,103.8629192,20.1,,
150.0,1.2947716,103.8628903,19.7,,
155.0,1.2947979,103.8628548,19.3,,
160.0,1.2948191,103.8628151,18.9,,
165.1,1.2948304,103.8627717,18.5,,
170.1,1.2948393,103.8627277,18.2,,
175.1,1.2948392,103.8626827,18.0,,
180.1,1.2948332,103.8626386,17.8,,
185.1,1.2948208,103.8625953,17.6,,
190.1,1.2947942,103.8625595,17.5,,
195.1,1.2947659,103.8625245,17.4,,
200.1,1.2947317,103.8624957,17.4,,
205.1,1.2946951,103.8624696,17.4,,
210.1,1.2946578,103.8624445,17.4,,
215.1,1.2946189,103.8624221,17.4,,
220.1,1.2945783,103.8624028,17.3,,
225.1,1.2945370,103.8623857,17.3,,
230.1,1.2944922,103.8623823,17.3,,
235.1,1.2944473,103.8623789,17.2,,
240.1,1.2944025,103.8623755,17.1,,
245.1,1.2943576,103.8623720,17.0,,
250.1,1.2943128,103.8623686,16.9,,
255.1,1.2942679,103.8623652,16.8,,
260.1,1.2942231,103.8623618,16.7,,
265.1,1.2941782,103.8623584,16.6,,
270.1,1.2941334,103.8623550,16.5,,
275.1,1.2940885,103.8623516,16.4,,
280.1,1.2940437,103.8623482,16.5,,
285.1,1.2939988,103.8623469,16.5,,
290.1,1.2939539,103.8623493,16.7,,
295.1,1.2939090,103.8623517,16.9,,
300.1,1.2938641,103.8623543,17.2,,
305.1,1.2938198,103.8623620,17.5,,
310.1,1.2937754,103.8623696,17.9,,
315.1,1.2937311,103.8623773,18.4,,
320.1,1.2936881,103.8623901,18.9,,
325.1,1.2936457,103.8624049,19.4,,
330.1,1.2936032,103.8624197,20.0,,
335.1,1.2935613,103.8624360,20.5,,
340.1,1.2935203,103.8624545,21.0,,
345.1,1.2934793,103.8624731,21.5,,
350.1,1.2934383,103.8624916,21.8,,
355.1,1.2933974,103.8625102,22.2,,
360.1,1.2933562,103.8625284,22.3,,
365.1,1.2933140,103.8625439,22.5,,
370.1,1.2932718,103.8625594,22.5,,
375.1,1.2932296,103.8625750,22.4,,
380.1,1.2931874,103.8625905,22.2,,
385.1,1.2931452,103.8626060,22.0,,
390.1,1.2931030,103.8626216,21.7,,
395.1,1.2930607,103.8626371,21.3,,
400.1,1.2930185,103.8626526,20.9,,
405.1,1.2929763,103.8626681,20.5,,
410.1,1.2929341,103.8626837,20.2,,
415.1,1.2928919,103.8626992,19.8,,
420.1,1.2928497,103.8627147,19.5,,
425.1,1.2928070,103.8627289,19.2,,
430.1,1.2927642,103.8627427,19.0,,
435.1,1.2927213,103.8627564,18.8,,
440.1,1.2926785,103.8627702,18.8,,
445.1,1.2926357,103.8627839,18.8,,
450.1,1.2925926,103.8627966,18.9,,
455.1,1.2925486,103.8628063,19.0,,
460.1,1.2925047,103.8628161,19.3,,
465.1,1.2924606,103.8628245,19.6,,
470.1,1.2924162,103.8628316,19.9,,
475.1,1.2923717,103.8628388,20.3,,
480.1,1.2923273,103.8628460,20.7,,
485.1,1.2922829,103.8628531,21.0,,
490.1,1.2922385,103.8628603,21.4,,
495.2,1.2921941,103.8628675,21.7,,
500.2,1.2921497,103.8628746,22.0,,
505.2,1.2921053,103.8628818,22.3,,
510.2,1.2920609,103.8628890,22.4,,
515.2,1.2920161,103.8628931,22.6,,
520.2,1.2919713,103.8628964,22.6,,
525.2,1.2919264,103.8628998,22.6,,
530.2,1.2918816,103.8629032,22.5,,
535.2,1.2918367,103.8629065,22.3,,
540.2,1.2917918,103.8629083,22.0,,
545.2,1.2917469,103.8629069,21.7,,
550.2,1.2917019,103.8629055,21.3,,
555.2,1.2916577,103.8628977,20.8,,
560.2,1.2916137,103.8628887,20.3,,
565.2,1.2915734,103.8628687,19.7,,
570.2,1.2915331,103.8628488,19.1,,
575.2,1.2914961,103.8628231,18.4,,
580.2,1.2914614,103.8627949,17.8,,
585.2,1.2914310,103.8627618,17.1,,
590.2,1.2914043,103.8627255,16.4,,
595.2,1.2913776,103.8626893,15.8,,
600.2,1.2913555,103.8626505,15.2,,
605.2,1.2913374,103.8626093,14.7,,
610.2,1.2913194,103.8625681,14.3,,
615.2,1.2913021,103.8625266,13.9,,
620.2,1.2912907,103.8624831,13.8,,
625.2,1.2912793,103.8624395,13.6,,
630.2,1.2912680,103.8623960,13.8,,
635.2,1.2912566,103.8623525,13.9,,
640.2,1.2912593,103.8623079,14.3,,
645.2,1.2912641,103.8622631,14.7,,
650.2,1.2912688,103.8622184,15.3,,
655.2,1.2912736,103.8621737,15.9,,
660.2,1.2912783,103.8621289,16.7,,
665.2,1.2912830,103.8620842,17.5,,
670.2,1.2912878,103.8620394,18.3,,
675.2,1.2912925,103.8619947,19.2,,
680.2,1.2912979,103.8619500,20.1,,
685.2,1.2913036,103.8619054,20.9,,
690.2,1.2913093,103.8618608,21.8,,
695.2,1.2913150,103.8618161,22.6,,
700.2,1.2913207,103.8617715,23.4,,
705.2,1.2913264,103.8617269,24.2,,
710.2,1.2913321,103.8616823,24.9,,
715.2,1.2913378,103.8616376,25.6,,
720.2,1.2913406,103.8615928,26.3,,
725.2,1.2913405,103.8615478,26.9,,
730.2,1.2913403,103.8615028,27.6,,
735.2,1.2913399,103.8614579,28.2,,
740.2,1.2913395,103.8614129,28.8,,
745.2,1.2913392,103.8613679,29.4,,
750.2,1.2913388,103.8613229,29.9,,
755.2,1.2913384,103.8612779,30.5,,
760.2,1.2913380,103.8612329,30.9,,
765.2,1.2913377,103.8611879,31.4,,
770.2,1.2913373,103.8611429,31.7,,
775.2,1.2913369,103.8610979,32.1,,
780.2,1.2913356,103.8610530,32.3,,
785.2,1.2913343,103.8610080,32.4,,
790.2,1.2913330,103.8609630,32.4,,
795.2,1.2913318,103.8609180,32.4,,
800.2,1.2913309,103.8608731,32.1,,
805.2,1.2913305,103.8608281,31.8,,
810.2,1.2913358,103.8607834,31.2,,
815.2,1.2913411,103.8607387,30.7,,
820.2,1.2913464,103.8606941,29.9,,
825.3,1.2913517,103.8606494,29.1,,
830.3,1.2913570,103.8606047,28.1,,
835.3,1.2913623,103.8605600,27.1,,
840.3,1.2913676,103.8605154,26.0,,
845.3,1.2913729,103.8604707,25.0,,
850.3,1.2913782,103.8604260,23.9,,
855.3,1.2913834,103.8603813,22.9,,
860.3,1.2913862,103.8603364,22.0,,
865.3,1.2913890,103.8602915,21.0,,
870.3,1.2913917,103.8602466,20.3,,
875.3,1.2913944,103.8602017,19.6,,
880.3,1.2913971,103.8601568,19.1,,
885.3,1.2913999,103.8601119,18.6,,
890.3,1.2914026,103.8600670,18.4,,
895.3,1.2914054,103.8600221,18.1,,
900.3,1.2914083,103.8599772,18.1,,
905.3,1.2914111,103.8599323,18.0,,
910.3,1.2914139,103.8598874,18.1,,
915.3,1.2914166,103.8598424,18.1,,
920.3,1.2914194,103.8597975,18.2,,
925.3,1.2914221,103.8597526,18.4,,
930.3,1.2914249,103.8597077,18.5,,
935.3,1.2914273,103.8596628,18.6,,
940.3,1.2914298,103.8596179,18.6,,
945.3,1.2914324,103.8595730,18.6,,
950.3,1.2914352,103.8595281,18.6,,
955.3,1.2914380,103.8594832,18.5,,
960.3,1.2914407,103.8594382,18.4,,
965.3,1.2914435,103.8593933,18.3,,
970.3,1.2914458,103.8593484,18.1,,
975.3,1.2914478,103.8593035,17.9,,
980.3,1.2914506,103.8592586,17.7,,
985.3,1.2914550,103.8592138,17.5,,
990.3,1.2914595,103.8591690,17.4,,
995.3,1.2914638,103.8591243,17.2,,
1000.3,1.2914682,103.8590795,17.2,,
1005.3,1.2914726,103.8590347,17.2,,
1010.3,1.2914789,103.8589902,17.3,,
1015.3,1.2914866,103.8589459,17.4,,
1020.3,1.2914943,103.8589015,17.7,,
1025.3,1.2915019,103.8588572,18.0,,
1030.3,1.2915096,103.8588129,18.3,,
1035.3,1.2915241,103.8587703,18.7,,
1040.3,1.2915389,103.8587278,19.2,,
1045.3,1.2915541,103.8586855,19.7,,
1050.3,1.2915699,103.8586434,20.2,,
1055.3,1.2915857,103.8586012,20.8,,
1060.3,1.2916015,103.8585591,21.4,,
1065.3,1.2916195,103.8585180,21.9,,
1070.3,1.2916419,103.8584790,22.5,,
1075.3,1.2916642,103.8584400,23.1,,
1080.3,1.2916866,103.8584009,23.6,,
1085.3,1.2917090,103.8583619,24.1,,
1090.3,1.2917313,103.8583228,24.5,,
1095.3,1.2917544,103.8582842,24.8,,
1100.3,1.2917772,103.8582455,25.1,,
1105.3,1.2917996,103.8582064,25.3,,
1110.3,1.2918220,103.8581674,25.4,,
1115.3,1.2918444,103.8581284,25.4,,
1120.3,1.2918668,103.8580894,25.3,,
1125.3,1.2918893,103.8580505,25.1,,
1130.3,1.2919118,103.8580115,24.7,,
1135.3,1.2919343,103.8579725,24.4,,
1140.3,1.2919567,103.8579335,23.8,,
1145.3,1.2919792,103.8578945,23.3,,
1150.4,1.2920020,103.8578558,22.6,,
1155.4,1.2920245,103.8578168,21.9,,
1160.4,1.2920471,103.8577779,21.1,,
1165.4,1.2920696,103.8577390,20.3,,
1170.4,1.2920921,103.8577000,19.6,,
1175.4,1.2921143,103.8576609,18.8,,
1180.4,1.2921364,103.8576217,18.0,,
1185.4,1.2921584,103.8575825,17.3,,
1190.4,1.2921805,103.8575432,16.6,,
1195.4,1.2922025,103.8575040,15.9,,
1200.4,1.2922246,103.8574648,15.4,,
1205.4,1.2922467,103.8574256,14.9,,
1210.4,1.2922687,103.8573864,14.5,,
1215.4,1.2922908,103.8573472,14.0,,
1220.4,1.2923129,103.8573080,13.8,,
1225.4,1.2923349,103.8572688,13.5,,
1230.4,1.2923571,103.8572296,13.4,,
1235.4,1.2923801,103.8571910,13.2,,
1240.4,1.2924033,103.8571524,13.2,,
1245.4,1.2924265,103.8571139,13.1,,
1250.4,1.2924497,103.8570754,13.1,,
1255.4,1.2924726,103.8570366,13.2,,
1260.4,1.2924955,103.8569979,13.2,,
1265.4,1.2925184,103.8569592,13.3,,
1270.4,1.2925415,103.8569206,13.5,,
1275.4,1.2925645,103.8568819,13.6,,
1280.4,1.2925874,103.8568432,13.8,,
1285.4,1.2926102,103.8568044,13.9,,
1290.4,1.2926330,103.8567656,14.2,,
1295.4,1.2926558,103.8567268,14.4,,
1300.4,1.2926786,103.8566881,14.6,,
1305.4,1.2927014,103.8566493,14.9,,
1310.4,1.2927242,103.8566105,15.1,,
1315.4,1.2927470,103.8565717,15.4,,
1320.4,1.2927698,103.8565329,15.7,,
1325.4,1.2927922,103.8564939,16.0,,
1330.4,1.2928142,103.8564547,16.3,,
1335.4,1.2928362,103.8564154,16.5,,
1340.4,1.2928582,103.8563762,16.8,,
1345.4,1.2928802,103.8563370,17.0,,
1350.4,1.2929022,103.8562977,17.2,,
1355.4,1.2929242,103.8562585,17.3,,
1360.4,1.2929462,103.8562192,17.4,,
1365.4,1.2929684,103.8561801,17.5,,
1370.4,1.2929905,103.8561409,17.5,,
1375.4,1.2930126,103.8561017,17.5,,
1380.4,1.2930347,103.8560626,17.5,,
1385.4,1.2930568,103.8560234,17.5,,
1390.4,1.2930790,103.8559842,17.5,,
1395.4,1.2931014,103.8559452,17.5,,
1400.4,1.2931238,103.8559062,17.5,,
1405.4,1.2931463,103.8558672,17.5,,
1410.4,1.2931687,103.8558282,17.7,,
1415.4,1.2931390,103.8558028,17.8,,
1420.4,1.2931005,103.8557796,18.0,,
1425.4,1.2930619,103.8557564,18.2,,
1430.4,1.2930234,103.8557333,18.5,,
1435.4,1.2929848,103.8557101,18.8,,
1440.4,1.2929463,103.8556869,19.1,,
1445.4,1.2929077,103.8556638,19.4,,
1450.4,1.2928691,103.8556406,19.7,,
1455.4,1.2928307,103.8556172,20.1,,
1460.4,1.2927925,103.8555935,20.4,,
1465.4,1.2927542,103.8555698,20.7,,
1470.4,1.2927160,103.8555461,21.0,,
1475.4,1.2926777,103.8555225,21.3,,
1480.5,1.2926395,103.8554988,21.7,,
1485.5,1.2926012,103.8554751,22.0,,
1490.5,1.2925630,103.8554515,22.5,,
1495.5,1.2925247,103.8554278,23.0,,
1500.5,1.2924862,103.8554046,23.6,,
1505.5,1.2924470,103.8553825,24.2,,
1510.5,1.2924078,103.8553604,25.1,,
1515.5,1.2923686,103.8553383,25.9,,
1520.5,1.2923295,103.8553162,26.9,,
1525.5,1.2922903,103.8552941,28.0,,
1530.5,1.2922505,103.8552732,29.1,,
1535.5,1.2922107,103.8552523,30.2,,
1540.5,1.2921708,103.8552313,31.4,,
1545.5,1.2921310,103.8552104,32.5,,
1550.5,1.2920912,103.8551895,33.5,,
1555.5,1.2920514,103.8551686,34.6,,
1560.5,1.2920115,103.8551477,35.3,,
1565.5,1.2919717,103.8551268,36.1,,
1570.5,1.2919319,103.8551059,36.5,,
1575.5,1.2918920,103.8550850,36.9,,
1580.5,1.2918522,103.8550641,36.8,,
1585.5,1.2918124,103.8550431,36.7,,
1590.5,1.2917726,103.8550222,36.1,,
1595.5,1.2917327,103.8550013,35.5,,
1600.5,1.2916929,103.8549804,34.5,,
1605.5,1.2916531,103.8549595,33.5,,
1610.5,1.2916133,103.8549386,32.1,,
1615.5,1.2915730,103.8549187,30.7,,
1620.5,1.2915317,103.8549008,29.2,,
1625.5,1.2914904,103.8548828,27.7,,
1630.5,1.2914515,103.8548645,26.3,,
1635.5,1.2914835,103.8548328,24.9,,
1640.5,1.2915155,103.8548012,23.7,,
1645.5,1.2915474,103.8547695,22.5,,
1650.5,1.2915794,103.8547379,21.7,,
1655.5,1.2916113,103.8547062,20.8,,
1660.5,1.2916433,103.8546745,20.4,,
1665.5,1.2916751,103.8546427,20.0,,
1670.5,1.2917067,103.8546107,20.0,,
1675.5,1.2917383,103.8545787,19.9,,
1680.5,1.2917699,103.8545467,20.1,,
1685.5,1.2918016,103.8545147,20.3,,
1690.5,1.2918332,103.8544827,20.6,,
1695.5,1.2918655,103.8544514,20.9,,
1700.5,1.2918984,103.8544208,21.3,,
1705.5,1.2919314,103.8543902,21.6,,
1710.5,1.2919643,103.8543595,21.8,,
1715.5,1.2919973,103.8543289,22.0,,
1720.5,1.2920296,103.8542977,22.2,,
1725.5,1.2920616,103.8542660,22.3,,
1730.5,1.2920936,103.8542344,22.5,,
1735.5,1.2921256,103.8542028,22.6,,
1740.5,1.2921576,103.8541712,22.8,,
1745.5,1.2921897,103.8541396,23.0,,
1750.5,1.2922217,103.8541080,23.3,,
1755.5,1.2922535,103.8540762,23.7,,
1760.5,1.2922853,103.8540444,24.1,,
1765.5,1.2923171,103.8540126,24.6,,
1770.5,1.2923489,103.8539807,25.1,,
1775.5,1.2923806,103.8539489,25.6,,
1780.5,1.2924107,103.8539156,26.1,,
1785.5,1.2924352,103.8538779,26.6,,
1790.5,1.2924597,103.8538402,26.9,,
1795.5,1.2924842,103.8538025,27.3,,
1800.5,1.2925087,103.8537647,27.5,,
1805.5,1.2925332,103.8537270,27.6,,
1810.6,1.2925578,103.8536893,27.6,,
1815.6,1.2925823,103.8536516,27.5,,
1820.6,1.2926025,103.8536131,27.3,,
1825.6,1.2925923,103.8535693,27.0,,
1830.6,1.2925820,103.8535255,26.5,,
1835.6,1.2925673,103.8534835,26.1,,
1840.6,1.2925451,103.8534443,25.5,,
1845.6,1.2925230,103.8534051,24.9,,
1850.6,1.2924950,103.8533702,24.3,,
1855.6,1.2924651,103.8533366,23.6,,
1860.6,1.2924351,103.8533030,22.9,,
1865.6,1.2924052,103.8532694,22.2,,
1870.6,1.2923707,103.8532416,21.6,,
1875.6,1.2923312,103.8532200,20.9,,
1880.6,1.2922917,103.8531985,20.2,,
1885.6,1.2922523,103.8531769,19.5,,
1890.6,1.2922128,103.8531553,18.9,,
1895.6,1.2921733,103.8531338,18.3,,
1900.6,1.2921339,103.8531122,17.7,,
1905.6,1.2920944,103.8530906,17.1,,
1910.6,1.2920549,103.8530690,16.5,,
1915.6,1.2920155,103.8530474,15.9,,
1920.6,1.2919760,103.8530259,15.4,,
1925.6,1.2919365,103.8530043,14.9,,
1930.6,1.2918972,103.8529825,14.4,,
1935.6,1.2918580,103.8529604,14.0,,
1940.6,1.2918188,103.8529383,13.6,,
1945.6,1.2917796,103.8529162,13.2,,
1950.6,1.2917405,103.8528940,12.9,,
1955.6,1.2917013,103.8528719,12.7,,
1960.6,1.2916621,103.8528498,12.5,,
1965.6,1.2916229,103.8528277,12.3,,
1970.6,1.2915838,103.8528056,12.3,,
1975.6,1.2915446,103.8527835,12.2,,
1980.6,1.2915054,103.8527614,12.3,,
1985.6,1.2914662,103.8527393,12.3,,
1990.6,1.2914271,103.8527172,12.5,,
1995.6,1.2913879,103.8526951,12.6,,
2000.6,1.2913487,103.8526730,12.8,,
2005.6,1.2913095,103.8526509,13.0,,
2010.6,1.2912703,103.8526289,13.3,,
2015.6,1.2912308,103.8526073,13.5,,
2020.6,1.2911914,103.8525857,13.8,,
2025.6,1.2911519,103.8525641,14.1,,
2030.6,1.2911125,103.8525425,14.4,,
2035.6,1.2910731,103.8525208,14.7,,
2040.6,1.2910337,103.8524989,15.0,,
2045.6,1.2909944,103.8524771,15.3,,
2050.6,1.2909551,103.8524552,15.6,,
2055.6,1.2909158,103.8524334,15.9,,
2060.6,1.2908765,103.8524114,16.3,,
2065.6,1.2908374,103.8523893,16.6,,
2070.6,1.2907982,103.8523672,17.0,,
2075.6,1.2907590,103.8523451,17.3,,
2080.6,1.2907198,103.8523230,17.7,,
2085.6,1.2906805,103.8523012,18.0,,
2090.6,1.2906412,103.8522793,18.4,,
2095.6,1.2906019,103.8522574,18.7,,
2100.6,1.2905626,103.8522356,19.0,,
2105.6,1.2905233,103.8522137,19.2,,
2110.6,1.2904839,103.8521918,19.4,,
2115.6,1.2904446,103.8521700,19.5,,
2120.6,1.2904053,103.8521481,19.6,,
2125.6,1.2903660,103.8521262,19.6,,
2130.6,1.2903267,103.8521044,19.6,,
2135.7,1.2902874,103.8520825,19.5,,
2140.7,1.2902481,103.8520607,19.4,,
2145.7,1.2902088,103.8520388,19.2,,
2150.7,1.2901695,103.8520169,18.9,,
2155.7,1.2901301,103.8519951,18.7,,
2160.7,1.2900908,103.8519732,18.4,,
2165.7,1.2900515,103.8519513,18.1,,
2170.7,1.2900122,103.8519295,17.8,,
2175.7,1.2899729,103.8519076,17.4,,
2180.7,1.2899336,103.8518857,17.1,,
2185.7,1.2898943,103.8518639,16.7,,
2190.7,1.2898550,103.8518420,16.4,,
2195.7,1.2898157,103.8518202,16.1,,
2200.7,1.2897763,103.8517983,15.8,,
2205.7,1.2897370,103.8517764,15.5,,
2210.7,1.2896977,103.8517546,15.2,,
2215.7,1.2896584,103.8517327,15.0,,
2220.7,1.2896191,103.8517108,14.7,,
2225.7,1.2895798,103.8516890,14.5,,
2230.7,1.2895405,103.8516671,14.3,,
2235.7,1.2895012,103.8516453,14.0,,
2240.7,1.2894618,103.8516234,13.8,,
2245.7,1.2894225,103.8516015,13.5,,
2250.7,1.2893832,103.8515797,13.2,,
2255.7,1.2893437,103.8515583,13.0,,
2260.7,1.2893040,103.8515370,12.7,,
2265.7,1.2892644,103.8515157,12.4,,
2270.7,1.2892248,103.8514944,12.1,,
2275.7,1.2891850,103.8514734,11.7,,
2280.7,1.2891428,103.8514578,11.5,,
2285.7,1.2890983,103.8514521,11.2,,
2290.7,1.2890686,103.8514821,11.0,,
2295.7,1.2890415,103.8515180,10.9,,
2300.7,1.2890143,103.8515539,10.8,,
2305.7,1.2889871,103.8515897,10.8,,
2310.7,1.2889600,103.8516256,10.9,,
2315.7,1.2889330,103.8516616,11.0,,
2320.7,1.2889062,103.8516977,11.3,,
2325.7,1.2888794,103.8517339,11.6,,
2330.7,1.2888526,103.8517700,12.1,,
2335.7,1.2888258,103.8518061,12.6,,
2340.7,1.2887990,103.8518423,13.2,,
2345.7,1.2887727,103.8518787,13.9,,
2350.7,1.2887472,103.8519158,14.6,,
2355.7,1.2887217,103.8519529,15.4,,
2360.7,1.2886962,103.8519899,16.2,,
2365.7,1.2886707,103.8520270,17.0,,
2370.7,1.2886458,103.8520645,17.7,,
2375.7,1.2886186,103.8521002,18.4,,
2380.7,1.2885897,103.8521347,19.1,,
2385.7,1.2885608,103.8521692,19.7,,
2390.7,1.2885320,103.8522037,20.1,,
2395.7,1.2885031,103.8522381,20.5,,
2400.7,1.2884752,103.8522734,20.6,,
2405.7,1.2884436,103.8523052,20.7,,
2410.7,1.2884096,103.8523347,20.5,,
2415.7,1.2883715,103.8523576,20.4,,
2420.7,1.2883455,103.8523933,19.9,,
2425.7,1.2883132,103.8524022,19.4,,
2430.7,1.2882702,103.8523890,18.7,,
2435.7,1.2882262,103.8523819,17.9,,
2440.7,1.2881812,103.8523803,16.9,,
2445.7,1.2881363,103.8523787,16.0,,
2450.7,1.2880915,103.8523784,14.8,,
2455.7,1.2880483,103.8523907,13.7,,
2460.7,1.2880050,103.8524031,12.5,,
2465.8,1.2879617,103.8524154,11.2,,
2470.8,1.2879185,103.8524278,10.0,,
2475.8,1.2878752,103.8524401,8.7,,
2480.8,1.2878326,103.8524535,7.4,,
2485.8,1.2877979,103.8524822,6.1,,
2490.8,1.2877632,103.8525108,4.9,,
2495.8,1.2877285,103.8525394,3.6,,
2500.8,1.2876980,103.8525725,2.5,,
2505.8,1.2876681,103.8526061,1.3,,
2510.8,1.2876364,103.8526379,0.2,,
2515.8,1.2876047,103.8526698,-0.9,,
2520.8,1.2875729,103.8527017,-1.7,,
2525.8,1.2875412,103.8527336,-2.6,,
2530.8,1.2875095,103.8527655,-3.3,,
2535.8,1.2874802,103.8527996,-3.9,,
2540.8,1.2874520,103.8528347,-4.2,,
2545.8,1.2874238,103.8528697,-4.6,,
2550.8,1.2873956,103.8529048,-4.6,,
2555.8,1.2873674,103.8529398,-4.6,,
2560.8,1.2873392,103.8529749,-4.3,,
2565.8,1.2873111,103.8530100,-4.0,,
2570.8,1.2872829,103.8530450,-3.5,,
2575.8,1.2872547,103.8530801,-2.9,,
2580.8,1.2872265,103.8531151,-2.2,,
2585.8,1.2871983,103.8531502,-1.4,,
2590.8,1.2871701,103.8531852,-0.5,,
2595.8,1.2871419,103.8532203,0.3,,
2600.8,1.2871137,103.8532554,1.2,,
2605.8,1.2870823,103.8532874,2.1,,
2610.8,1.2870467,103.8533146,3.0,,
2615.8,1.2870090,103.8533392,3.9,,
2620.8,1.2869705,103.8533623,4.8,,
2625.8,1.2869339,103.8533882,5.6,,
2630.8,1.2869004,103.8534182,6.4,,
2635.8,1.2868659,103.8534469,7.1,,
2640.8,1.2868287,103.8534722,7.8,,
2645.8,1.2867915,103.8534975,8.4,,
2650.8,1.2867545,103.8535231,8.9,,
2655.8,1.2867179,103.8535492,9.4,,
2660.8,1.2866812,103.8535753,9.7,,
2665.8,1.2866446,103.8536014,10.0,,
2670.8,1.2866078,103.8536273,10.1,,
2675.8,1.2865710,103.8536515,10.2,,
2680.8,1.2865778,103.8536959,10.1,,
2685.8,1.2865929,103.8537380,10.0,,
2690.8,1.2866225,103.8537656,9.7,,
2695.8,1.2866668,103.8537738,9.4,,
2700.8,1.2867110,103.8537822,9.0,,
2705.8,1.2867552,103.8537906,8.6,,
2710.8,1.2867993,103.8537990,8.2,,
2715.8,1.2868435,103.8538074,7.8,,
2720.8,1.2868877,103.8538158,7.4,,
2725.8,1.2869319,103.8538242,7.0,,
2730.8,1.2869761,103.8538325,6.7,,
2735.8,1.2870203,103.8538409,6.4,,
2740.8,1.2870645,103.8538493,6.2,,
2745.8,1.2871087,103.8538577,5.9,,
2750.8,1.2871529,103.8538661,5.8,,
2755.8,1.2871971,103.8538745,5.6,,
2760.8,1.2872413,103.8538828,5.5,,
2765.8,1.2872855,103.8538912,5.5,,
2770.8,1.2873296,103.8538996,5.5,,
2775.8,1.2873738,103.8539080,5.5,,
2780.8,1.2874180,103.8539164,5.5,,
2785.8,1.2874622,103.8539247,5.6,,
2790.8,1.2875064,103.8539331,5.6,,
2795.9,1.2875506,103.8539415,5.7,,
2800.9,1.2875948,103.8539499,5.8,,
2805.9,1.2876390,103.8539583,5.9,,
2810.9,1.2876832,103.8539667,5.9,,
2815.9,1.2877274,103.8539750,6.0,,
2820.9,1.2877716,103.8539834,6.1,,
2825.9,1.2878158,103.8539918,6.1,,
2830.9,1.2878600,103.8540002,6.2,,
2835.9,1.2879041,103.8540086,6.2,,
2840.9,1.2879483,103.8540170,6.2,,
2845.9,1.2879925,103.8540253,6.2,,
2850.9,1.2880367,103.8540337,6.1,,
2855.9,1.2880809,103.8540421,6.0,,
2860.9,1.2881251,103.8540505,5.9,,
2865.9,1.2881693,103.8540589,5.8,,
2870.9,1.2882135,103.8540672,5.6,,
2875.9,1.2882577,103.8540756,5.4,,
2880.9,1.2883019,103.8540840,5.2,,
2885.9,1.2883461,103.8540924,5.1,,
2890.9,1.2883903,103.8541008,4.9,,
2895.9,1.2884345,103.8541092,4.7,,
2900.9,1.2884786,103.8541175,4.6,,
2905.9,1.2885228,103.8541259,4.5,,
2910.9,1.2885670,103.8541343,4.4,,
2915.9,1.2886112,103.8541427,4.4,,
2920.9,1.2886554,103.8541511,4.4,,
2925.9,1.2886996,103.8541595,4.5,,
2930.9,1.2887438,103.8541678,4.6,,
2935.9,1.2887880,103.8541762,4.7,,
2940.9,1.2888322,103.8541846,4.9,,
2945.9,1.2888764,103.8541930,5.1,,
2950.9,1.2889206,103.8542014,5.4,,
2955.9,1.2889648,103.8542098,5.7,,
2960.9,1.2890089,103.8542181,5.9,,
2965.9,1.2890531,103.8542265,6.2,,
2970.9,1.2890973,103.8542349,6.4,,
2975.9,1.2891415,103.8542433,6.6,,
2980.9,1.2891857,103.8542517,6.7,,
2985.9,1.2892299,103.8542600,6.9,,
2990.9,1.2892735,103.8542705,6.9,,
2995.9,1.2893158,103.8542860,6.9,,
3000.9,1.2893580,103.8543014,6.9,,
3005.9,1.2894002,103.8543169,6.8,,
3010.9,1.2894425,103.8543324,6.6,,
3015.9,1.2894847,103.8543479,6.5,,
3020.9,1.2895269,103.8543634,6.2,,
3025.9,1.2895692,103.8543788,6.0,,
3030.9,1.2896114,103.8543943,5.8,,
3035.9,1.2896536,103.8544098,5.5,,
3040.9,1.2896959,103.8544253,5.3,,
3045.9,1.2897381,103.8544408,5.1,,
3050.9,1.2897803,103.8544563,4.9,,
3055.9,1.2898226,103.8544717,4.7,,
3060.9,1.2898648,103.8544872,4.6,,
3065.9,1.2899070,103.8545027,4.5,,
3070.9,1.2899493,103.8545182,4.5,,
3075.9,1.2899915,103.8545337,4.4,,
3080.9,1.2900337,103.8545491,4.4,,
3085.9,1.2900760,103.8545646,4.5,,
3090.9,1.2901182,103.8545801,4.5,,
3095.9,1.2901604,103.8545956,4.6,,
3100.9,1.2902027,103.8546111,4.7,,
3105.9,1.2902449,103.8546265,4.8,,
3110.9,1.2902871,103.8546420,5.0,,
3115.9,1.2903294,103.8546575,5.2,,
3121.0,1.2903716,103.8546730,5.4,,
3126.0,1.2904139,103.8546882,5.7,,
3131.0,1.2904564,103.8547030,6.1,,
3136.0,1.2904989,103.8547178,6.4,,
3141.0,1.2905414,103.8547326,7.0,,
3146.0,1.2905839,103.8547473,7.5,,
3151.0,1.2906263,103.8547621,8.3,,
3156.0,1.2906688,103.8547769,9.0,,
3161.0,1.2907113,103.8547916,10.0,,
3166.0,1.2907538,103.8548064,10.9,,
3171.0,1.2907963,103.8548212,12.1,,
3176.0,1.2908388,103.8548360,13.3,,
3181.0,1.2908813,103.8548507,14.6,,
3186.0,1.2909237,103.8548655,15.9,,
3191.0,1.2909662,103.8548803,17.2,,
3196.0,1.2910086,103.8548955,18.6,,
3201.0,1.2910509,103.8549107,19.8,,
3206.0,1.2910932,103.8549259,21.1,,
3211.0,1.2911356,103.8549409,22.2,,
3216.0,1.2911780,103.8549560,23.3,,
3221.0,1.2912204,103.8549710,24.1,,
3226.0,1.2912628,103.8549860,24.9,,
3231.0,1.2913052,103.8550010,25.4,,
3236.0,1.2913073,103.8550264,25.9,,
3241.0,1.2912774,103.8550600,26.1,,
3246.0,1.2912486,103.8550946,26.2,,
3251.0,1.2912198,103.8551291,26.1,,
3256.0,1.2911910,103.8551637,25.9,,
3261.0,1.2911623,103.8551983,25.4,,
3266.0,1.2911332,103.8552326,24.9,,
3271.0,1.2911038,103.8552667,24.1,,
3276.0,1.2910745,103.8553008,23.3,,
3281.0,1.2910452,103.8553349,22.3,,
3286.0,1.2910158,103.8553690,21.4,,
3291.0,1.2909865,103.8554031,20.3,,
3296.0,1.2909572,103.8554372,19.2,,
3301.0,1.2909278,103.8554713,18.0,,
3306.0,1.2908985,103.8555054,16.9,,
3311.0,1.2908691,103.8555395,15.8,,
3316.0,1.2908398,103.8555736,14.8,,
3321.0,1.2908104,103.8556077,13.8,,
3326.0,1.2907811,103.8556418,12.9,,
3331.0,1.2907517,103.8556759,12.1,,
3336.0,1.2907224,103.8557100,11.4,,
3341.0,1.2906930,103.8557441,10.8,,
3346.0,1.2906637,103.8557782,10.2,,
3351.0,1.2906344,103.8558123,9.8,,
3356.0,1.2906050,103.8558464,9.4,,
3361.0,1.2905757,103.8558805,9.1,,
3366.0,1.2905463,103.8559146,8.8,,
3371.0,1.2905170,103.8559487,8.7,,
3376.0,1.2904876,103.8559828,8.5,,
3381.0,1.2904583,103.8560169,8.4,,
3386.0,1.2904289,103.8560509,8.3,,
3391.0,1.2903996,103.8560850,8.3,,
3396.0,1.2903702,103.8561191,8.2,,
3401.0,1.2903409,103.8561532,8.2,,
3406.0,1.2903115,103.8561873,8.2,,
3411.0,1.2902822,103.8562214,8.3,,
3416.0,1.2902529,103.8562555,8.3,,
3421.0,1.2902236,103.8562897,8.3,,
3426.0,1.2901947,103.8563242,8.4,,
3431.0,1.2901656,103.8563585,8.4,,
3436.0,1.2901350,103.8563915,8.4,,
3441.0,1.2901044,103.8564244,8.4,,
3446.0,1.2900738,103.8564574,8.4,,
3451.1,1.2900432,103.8564904,8.3,,
3456.1,1.2900127,103.8565234,8.2,,
3461.1,1.2899837,103.8565577,8.0,,
3466.1,1.2899590,103.8565953,7.9,,
3471.1,1.2899343,103.8566329,7.6,,
3476.1,1.2899104,103.8566709,7.4,,
3481.1,1.2898908,103.8567114,7.0,,
3486.1,1.2898713,103.8567520,6.7,,
3491.1,1.2898527,103.8567929,6.3,,
3496.1,1.2898390,103.8568357,5.9,,
3501.1,1.2898253,103.8568786,5.5,,
3506.1,1.2898128,103.8569218,5.0,,
3511.1,1.2898003,103.8569650,4.7,,
3516.1,1.2897905,103.8570088,4.3,,
3521.1,1.2897833,103.8570533,4.0,,
3526.1,1.2897762,103.8570977,3.8,,
3531.1,1.2897702,103.8571423,3.7,,
3536.1,1.2897645,103.8571869,3.5,,
3541.1,1.2897587,103.8572315,3.6,,
3546.1,1.2897553,103.8572763,3.7,,
3551.1,1.2897540,103.8573213,3.9,,
3556.1,1.2897516,103.8573662,4.2,,
3561.1,1.2897492,103.8574111,4.6,,
3566.1,1.2897468,103.8574561,5.0,,
3571.1,1.2897444,103.8575010,5.6,,
3576.1,1.2897420,103.8575459,6.1,,
3581.1,1.2897397,103.8575908,6.7,,
3586.1,1.2897373,103.8576358,7.3,,
3591.1,1.2897349,103.8576807,7.9,,
3596.1,1.2897325,103.8577256,8.5,,
3601.1,1.2897301,103.8577706,9.1,,
3606.1,1.2897277,103.8578155,9.7,,
3611.1,1.2897253,103.8578604,10.3,,
3616.1,1.2897229,103.8579053,10.8,,
3621.1,1.2897205,103.8579503,11.4,,
3626.1,1.2897181,103.8579952,11.9,,
3631.1,1.2897158,103.8580401,12.5,,
3636.1,1.2897134,103.8580850,13.0,,
3641.1,1.2897110,103.8581300,13.5,,
3646.1,1.2897086,103.8581749,14.1,,
3651.1,1.2897062,103.8582198,14.6,,
3656.1,1.2897038,103.8582648,15.2,,
3661.1,1.2897014,103.8583097,15.7,,
3666.1,1.2896991,103.8583546,16.2,,
3671.1,1.2896967,103.8583995,16.7,,
3676.1,1.2896943,103.8584445,17.1,,
3681.1,1.2896920,103.8584894,17.5,,
3686.1,1.2896896,103.8585343,17.8,,
3691.1,1.2896872,103.8585793,18.1,,
3696.1,1.2896848,103.8586242,18.3,,
3701.1,1.2896824,103.8586691,18.4,,
3706.1,1.2896800,103.8587140,18.5,,
3711.1,1.2896776,103.8587590,18.5,,
3716.1,1.2896752,103.8588039,18.6,,
3721.1,1.2896729,103.8588488,18.6,,
3726.1,1.2896705,103.8588937,18.6,,
3731.1,1.2896681,103.8589387,18.8,,
3736.1,1.2896657,103.8589836,18.9,,
3741.1,1.2896633,103.8590285,19.1,,
3746.1,1.2896609,103.8590735,19.3,,
3751.1,1.2896585,103.8591184,19.7,,
3756.1,1.2896561,103.8591633,20.1,,
3761.1,1.2896539,103.8592082,20.7,,
3766.1,1.2896518,103.8592532,21.3,,
3771.1,1.2896497,103.8592981,22.0,,
3776.1,1.2896476,103.8593431,22.7,,
3781.2,1.2896455,103.8593880,23.6,,
3786.2,1.2896434,103.8594330,24.4,,
3791.2,1.2896413,103.8594779,25.2,,
3796.2,1.2896391,103.8595228,26.1,,
3801.2,1.2896364,103.8595677,26.9,,
3806.2,1.2896338,103.8596127,27.6,,
3811.2,1.2896312,103.8596576,28.2,,
3816.2,1.2896286,103.8597025,28.8,,
3821.2,1.2896260,103.8597474,29.1,,
3826.2,1.2896234,103.8597923,29.4,,
3831.2,1.2896208,103.8598372,29.4,,
3836.2,1.2896182,103.8598822,29.4,,
3841.2,1.2896156,103.8599271,29.1,,
3846.2,1.2896130,103.8599720,28.9,,
3851.2,1.2896106,103.8600169,28.5,,
3856.2,1.2896083,103.8600618,28.0,,
3861.2,1.2896059,103.8601068,27.6,,
3866.2,1.2896035,103.8601517,27.1,,
3871.2,1.2896011,103.8601966,26.8,,
3876.2,1.2895987,103.8602416,26.4,,
3881.2,1.2895964,103.8602865,26.2,,
3886.2,1.2895940,103.8603314,26.0,,
3891.2,1.2895916,103.8603763,26.0,,
3896.2,1.2895892,103.8604213,26.0,,
3901.2,1.2895868,103.8604662,26.2,,
3906.2,1.2895844,103.8605111,26.4,,
3911.2,1.2895820,103.8605561,26.7,,
3916.2,1.2895797,103.8606010,27.1,,
3921.2,1.2895773,103.8606459,27.4,,
3926.2,1.2895749,103.8606908,27.7,,
3931.2,1.2895725,103.8607358,28.0,,
3936.2,1.2895701,103.8607807,28.3,,
3941.2,1.2895677,103.8608256,28.4,,
3946.2,1.2895653,103.8608705,28.5,,
3951.2,1.2895629,103.8609155,28.4,,
3956.2,1.2895605,103.8609604,28.3,,
3961.2,1.2895569,103.8610052,28.1,,
3966.2,1.2895515,103.8610499,27.8,,
3971.2,1.2895426,103.8610936,27.4,,
3976.2,1.2895250,103.8611350,27.0,,
3981.2,1.2895074,103.8611764,26.4,,
3986.2,1.2894857,103.8612149,25.9,,
3991.2,1.2894527,103.8612455,25.2,,
3996.2,1.2894113,103.8612627,24.6,,
4001.2,1.2893690,103.8612770,23.9,,
4006.2,1.2893240,103.8612770,23.2,,
4011.2,1.2892790,103.8612770,22.5,,
4016.2,1.2892341,103.8612770,21.8,,
4021.2,1.2891891,103.8612776,21.0,,
4026.2,1.2891441,103.8612785,20.3,,
4031.2,1.2891003,103.8612881,19.5,,
4036.2,1.2890568,103.8612994,18.8,,
4041.2,1.2890152,103.8613165,18.0,,
4046.2,1.2889739,103.8613340,17.2,,
4051.2,1.2889388,103.8613623,16.5,,
4056.2,1.2889044,103.8613910,15.7,,
4061.2,1.2888815,103.8614297,15.0,,
4066.2,1.2888585,103.8614684,14.3,,
4071.2,1.2888458,103.8615113,13.6,,
4076.2,1.2888354,103.8615550,12.9,,
4081.2,1.2888278,103.8615993,12.2,,
4086.2,1.2888228,103.8616440,11.5,,
4091.2,1.2888178,103.8616887,10.8,,
4096.2,1.2888128,103.8617334,10.1,,
4101.2,1.2888077,103.8617782,9.4,,
4106.3,1.2888027,103.8618229,8.7,,
4111.3,1.2887977,103.8618676,8.0,,
4116.3,1.2887927,103.8619123,7.2,,
4121.3,1.2887879,103.8619570,6.5,,
4126.3,1.2887833,103.8620018,5.8,,
4131.3,1.2887788,103.8620465,5.1,,
4136.3,1.2887742,103.8620913,4.4,,
4141.3,1.2887697,103.8621361,3.7,,
4146.3,1.2887651,103.8621808,3.1,,
4151.3,1.2887605,103.8622256,2.6,,
4156.3,1.2887560,103.8622703,2.1,,
4161.3,1.2887514,103.8623151,1.7,,
4166.3,1.2887469,103.8623599,1.3,,
4171.3,1.2887423,103.8624046,1.0,,
4176.3,1.2887377,103.8624494,0.7,,
4181.3,1.2887332,103.8624941,0.6,,
4186.3,1.2887286,103.8625389,0.4,,
4191.3,1.2887241,103.8625836,0.3,,
4196.3,1.2887195,103.8626284,0.2,,
4201.3,1.2887149,103.8626732,0.1,,
4206.3,1.2887104,103.8627179,0.1,,
4211.3,1.2887058,103.8627627,0.1,,
4216.3,1.2887030,103.8628076,0.0,,
4221.3,1.2887010,103.8628525,0.0,,
4226.3,1.2886993,103.8628975,0.0,,
4231.3,1.2886976,103.8629424,0.0,,
4236.3,1.2886959,103.8629874,0.0,,
4241.3,1.2886942,103.8630324,0.0,,
4246.3,1.2886925,103.8630773,0.0,,
4251.3,1.2886908,103.8631223,0.0,,
4256.3,1.2886891,103.8631672,0.0,,
4261.3,1.2886874,103.8632122,0.0,,
4266.3,1.2886857,103.8632572,0.0,,
4271.3,1.2886840,103.8633021,0.0,,
4276.3,1.2886823,103.8633471,0.0,,
4281.3,1.2886807,103.8633920,0.0,,
4286.3,1.2886790,103.8634370,0.0,,
4291.3,1.2886773,103.8634820,0.0,,
4296.3,1.2886756,103.8635269,0.0,,
4301.3,1.2886736,103.8635719,0.0,,
4306.3,1.2886714,103.8636168,0.0,,
4311.3,1.2886692,103.8636617,0.0,,
4316.3,1.2886669,103.8637067,0.0,,
4321.3,1.2886647,103.8637516,0.0,,
4326.3,1.2886625,103.8637965,0.0,,
4331.3,1.2886603,103.8638415,0.0,,
4336.3,1.2886597,103.8638864,0.0,,
4341.3,1.2886630,103.8639313,0.0,,
4346.3,1.2886786,103.8639731,0.0,,
4351.3,1.2887100,103.8640053,0.0,,
4356.3,1.2887449,103.8640336,0.0,,
4361.3,1.2887811,103.8640602,0.0,,
4366.3,1.2888190,103.8640844,0.0,,
4371.3,1.2888569,103.8641086,0.0,,
4376.3,1.2888948,103.8641328,0.0,,
4381.3,1.2889327,103.8641571,0.0,,
4386.3,1.2889706,103.8641813,0.0,,
4391.3,1.2890085,103.8642055,0.0,,
4396.3,1.2890464,103.8642298,0.0,,
4401.3,1.2890844,103.8642540,0.0,,
4406.3,1.2891223,103.8642782,0.0,,
4411.3,1.2891602,103.8643024,0.0,,
4416.3,1.2891981,103.8643267,0.0,,
4421.3,1.2892360,103.8643509,0.0,,
4426.3,1.2892739,103.8643751,0.0,,
4431.3,1.2893119,103.8643992,0.1,,
4436.4,1.2893522,103.8644191,0.1,,
4441.4,1.2893925,103.8644391,0.1,,
4446.4,1.2894364,103.8644481,0.2,,
4451.4,1.2894807,103.8644558,0.2,,
4456.4,1.2895253,103.8644579,0.3,,
4461.4,1.2895701,103.8644545,0.3,,
4466.4,1.2896150,103.8644511,0.4,,
4471.4,1.2896598,103.8644475,0.5,,
4476.4,1.2897045,103.8644423,0.6,,
4481.4,1.2897492,103.8644371,0.7,,
4486.4,1.2897938,103.8644319,0.8,,
4491.4,1.2898385,103.8644267,0.9,,
4496.4,1.2898832,103.8644215,1.1,,
4501.4,1.2899279,103.8644164,1.1,,
4506.4,1.2899726,103.8644112,1.2,,
4511.4,1.2900172,103.8644060,1.3,,
4516.4,1.2900619,103.8644008,1.3,,
4521.4,1.2901066,103.8643956,1.4,,
4526.4,1.2901513,103.8643905,1.4,,
4531.4,1.2901960,103.8643853,1.3,,
4536.4,1.2902406,103.8643801,1.3,,
4541.4,1.2902853,103.8643749,1.3,,
4546.4,1.2903300,103.8643697,1.2,,
4551.4,1.2903747,103.8643645,1.1,,
4556.4,1.2904194,103.8643594,1.1,,
4561.4,1.2904640,103.8643542,1.0,,
4566.4,1.2905087,103.8643490,1.0,,
4571.4,1.2905534,103.8643438,1.0,,
4576.4,1.2905981,103.8643386,1.0,,
4581.4,1.2906428,103.8643335,1.0,,
4586.4,1.2906874,103.8643283,1.1,,
4591.4,1.2907321,103.8643231,1.1,,
4596.4,1.2907768,103.8643179,1.2,,
4601.4,1.2908215,103.8643127,1.3,,
4606.4,1.2908662,103.8643076,1.5,,
4611.4,1.2909108,103.8643024,1.6,,
4616.4,1.2909555,103.8642972,1.7,,
4621.4,1.2910002,103.8642920,1.8,,
4626.4,1.2910449,103.8642868,1.8,,
4631.4,1.2910896,103.8642817,1.8,,
4636.4,1.2911342,103.8642765,1.8,,
4641.4,1.2911789,103.8642713,1.8,,
4646.4,1.2912236,103.8642661,1.7,,
4651.4,1.2912683,103.8642609,1.5,,
4656.4,1.2913130,103.8642558,1.4,,
4661.4,1.2913576,103.8642506,1.2,,
4666.4,1.2914023,103.8642454,1.1,,
4671.4,1.2914470,103.8642402,0.9,,
4676.4,1.2914917,103.8642350,0.8,,
4681.4,1.2915364,103.8642298,0.7,,
4686.4,1.2915811,103.8642247,0.5,,
4691.4,1.2916257,103.8642195,0.5,,
4696.4,1.2916704,103.8642143,0.4,,
4701.4,1.2917150,103.8642084,0.5,,
4706.4,1.2917595,103.8642017,0.5,,
4711.4,1.2918040,103.8641951,0.6,,
4716.4,1.2918485,103.8641884,0.7,,
4721.4,1.2918929,103.8641818,1.0,,
4726.4,1.2919374,103.8641751,1.2,,
4731.4,1.2919819,103.8641685,1.6,,
4736.4,1.2920264,103.8641618,2.1,,
4741.4,1.2920709,103.8641552,2.6,,
4746.4,1.2921154,103.8641485,3.2,,
4751.4,1.2921598,103.8641418,3.9,,
4756.4,1.2922043,103.8641352,4.7,,
4761.5,1.2922488,103.8641285,5.5,,
4766.5,1.2922933,103.8641219,6.4,,
4771.5,1.2923378,103.8641152,7.2,,
4776.5,1.2923823,103.8641086,8.1,,
4781.5,1.2924268,103.8641019,8.9,,
4786.5,1.2924712,103.8640953,9.7,,
4791.5,1.2925157,103.8640886,10.3,,
4796.5,1.2925602,103.8640820,10.9,,
4801.5,1.2926047,103.8640753,11.3,,
4806.5,1.2926492,103.8640686,11.7,,
4811.5,1.2926937,103.8640620,11.8,,
4816.5,1.2927382,103.8640553,11.9,,
4821.5,1.2927826,103.8640487,11.8,,
4826.5,1.2928271,103.8640420,11.6,,
4831.5,1.2928716,103.8640354,11.2,,
4836.5,1.2929161,103.8640287,10.9,,
4841.5,1.2929606,103.8640221,10.3,,
4846.5,1.2930051,103.8640154,9.8,,
4851.5,1.2930495,103.8640088,9.2,,
4856.5,1.2930940,103.8640021,8.6,,
4861.5,1.2931385,103.8639954,8.0,,
4866.5,1.2931830,103.8639888,7.3,,
4871.5,1.2932275,103.8639821,6.8,,
4876.5,1.2932720,103.8639755,6.2,,
4881.5,1.2933165,103.8639688,5.8,,
4886.5,1.2933609,103.8639622,5.4,,
4891.5,1.2934054,103.8639555,5.1,,
4896.5,1.2934499,103.8639489,4.9,,
4901.5,1.2934944,103.8639422,5.0,,
4906.5,1.2935389,103.8639356,5.0,,
4911.5,1.2935834,103.8639289,5.3,,
4916.5,1.2936279,103.8639222,5.7,,
4921.5,1.2936723,103.8639156,6.3,,
4926.5,1.2937168,103.8639089,6.9,,
4931.5,1.2937613,103.8639023,7.7,,
4936.5,1.2938058,103.8638956,8.6,,
4941.5,1.2938503,103.8638890,9.5,,
4946.5,1.2938948,103.8638823,10.5,,
4951.5,1.2939392,103.8638757,11.5,,
4956.5,1.2939837,103.8638690,12.5,,
4961.5,1.2940282,103.8638624,13.4,,
