# mexico_city: centreline in race direction, 5 m spacing. Source: TUMFTM racetrack-database (LGPL-3.0) geo-referenced onto OpenStreetMap (ODbL); elevation srtm30m via OpenTopoData
# widths are metres from the centreline to the track edge (TUMFTM only, blank for OSM)
s_m,lat,lon,elev_m,w_right_m,w_left_m
0.0,19.4060063,-99.0927639,2236.5,7.10,6.59
5.0,19.4059998,-99.0927168,2236.5,7.12,6.59
10.0,19.4059933,-99.0926696,2236.5,7.13,6.59
15.0,19.4059868,-99.0926224,2236.4,7.13,6.59
20.0,19.4059804,-99.0925751,2236.3,7.13,6.59
25.0,19.4059740,-99.0925279,2236.2,7.13,6.60
30.0,19.4059676,-99.0924807,2236.1,7.12,6.60
35.0,19.4059612,-99.0924335,2236.0,7.12,6.60
40.0,19.4059549,-99.0923863,2235.9,7.12,6.60
45.0,19.4059485,-99.0923391,2235.8,7.12,6.60
50.0,19.4059423,-99.0922918,2235.7,7.11,6.61
55.0,19.4059360,-99.0922446,2235.6,7.11,6.61
60.0,19.4059297,-99.0921974,2235.6,7.11,6.61
65.0,19.4059235,-99.0921501,2235.5,7.11,6.61
70.0,19.4059173,-99.0921029,2235.4,7.11,6.61
75.0,19.4059111,-99.0920556,2235.4,7.10,6.62
80.0,19.4059049,-99.0920084,2235.4,7.10,6.62
85.0,19.4058987,-99.0919611,2235.3,7.10,6.62
90.0,19.4058925,-99.0919139,2235.3,7.10,6.62
95.0,19.4058863,-99.0918666,2235.2,7.09,6.62
100.1,19.4058802,-99.0918194,2235.2,7.09,6.62
105.1,19.4058740,-99.0917721,2235.2,7.09,6.63
110.1,19.4058679,-99.0917249,2235.1,7.09,6.63
115.1,19.4058617,-99.0916776,2235.1,7.09,6.63
120.1,19.4058556,-99.0916304,2235.1,7.08,6.63
125.1,19.4058495,-99.0915831,2235.1,7.08,6.63
130.1,19.4058433,-99.0915359,2235.2,7.08,6.64
135.1,19.4058372,-99.0914886,2235.2,7.08,6.64
140.1,19.4058311,-99.0914414,2235.3,7.07,6.64
145.1,19.4058250,-99.0913941,2235.4,7.07,6.64
150.1,19.4058189,-99.0913469,2235.6,7.07,6.64
155.1,19.4058127,-99.0912996,2235.8,7.07,6.65
160.1,19.4058066,-99.0912523,2236.0,7.06,6.65
165.1,19.4058005,-99.0912051,2236.2,7.06,6.65
170.1,19.4057944,-99.0911578,2236.4,7.06,6.65
175.1,19.4057883,-99.0911106,2236.7,7.06,6.65
180.1,19.4057822,-99.0910633,2236.9,7.06,6.66
185.1,19.4057761,-99.0910161,2237.1,7.05,6.66
190.1,19.4057700,-99.0909688,2237.3,7.05,6.66
195.1,19.4057639,-99.0909215,2237.5,7.05,6.66
200.1,19.4057578,-99.0908743,2237.7,7.05,6.66
205.1,19.4057517,-99.0908270,2237.8,7.04,6.66
210.1,19.4057456,-99.0907798,2238.0,7.04,6.67
215.1,19.4057395,-99.0907325,2238.1,7.04,6.67
220.1,19.4057334,-99.0906852,2238.2,7.04,6.67
225.1,19.4057273,-99.0906380,2238.3,7.04,6.67
230.1,19.4057212,-99.0905907,2238.4,7.03,6.67
235.1,19.4057151,-99.0905435,2238.5,7.03,6.68
240.1,19.4057090,-99.0904962,2238.6,7.03,6.68
245.1,19.4057029,-99.0904490,2238.7,7.03,6.68
250.1,19.4056968,-99.0904017,2238.8,7.02,6.68
255.1,19.4056907,-99.0903544,2238.9,7.02,6.68
260.1,19.4056845,-99.0903072,2239.0,7.02,6.69
265.1,19.4056784,-99.0902599,2239.0,7.02,6.69
270.1,19.4056723,-99.0902127,2239.1,7.02,6.69
275.1,19.4056662,-99.0901654,2239.1,7.01,6.69
280.1,19.4056601,-99.0901182,2239.2,7.01,6.69
285.1,19.4056539,-99.0900709,2239.2,7.01,6.70
290.1,19.4056478,-99.0900237,2239.1,7.01,6.70
295.2,19.4056417,-99.0899764,2239.1,7.00,6.70
300.2,19.4056356,-99.0899291,2239.0,7.00,6.70
305.2,19.4056294,-99.0898819,2238.9,7.00,6.70
310.2,19.4056233,-99.0898346,2238.7,7.00,6.70
315.2,19.4056172,-99.0897874,2238.6,6.99,6.71
320.2,19.4056110,-99.0897401,2238.3,6.99,6.71
325.2,19.4056049,-99.0896929,2238.1,6.99,6.71
330.2,19.4055988,-99.0896456,2237.8,6.99,6.71
335.2,19.4055927,-99.0895984,2237.5,6.99,6.71
340.2,19.4055865,-99.0895511,2237.2,6.98,6.72
345.2,19.4055804,-99.0895039,2236.9,6.98,6.72
350.2,19.4055742,-99.0894566,2236.6,6.98,6.72
355.2,19.4055681,-99.0894094,2236.2,6.98,6.72
360.2,19.4055620,-99.0893621,2235.9,6.97,6.72
365.2,19.4055558,-99.0893148,2235.6,6.97,6.73
370.2,19.4055497,-99.0892676,2235.3,6.97,6.73
375.2,19.4055436,-99.0892203,2235.0,6.97,6.73
380.2,19.4055374,-99.0891731,2234.7,6.97,6.73
385.2,19.4055313,-99.0891258,2234.5,6.96,6.73
390.2,19.4055251,-99.0890786,2234.3,6.96,6.74
395.2,19.4055190,-99.0890313,2234.0,6.96,6.74
400.2,19.4055129,-99.0889841,2233.8,6.96,6.74
405.2,19.4055067,-99.0889368,2233.6,6.95,6.74
410.2,19.4055006,-99.0888896,2233.4,6.95,6.74
415.2,19.4054944,-99.0888423,2233.2,6.95,6.75
420.2,19.4054883,-99.0887951,2233.0,6.95,6.75
425.2,19.4054822,-99.0887478,2232.8,6.94,6.75
430.2,19.4054760,-99.0887006,2232.6,6.94,6.75
435.2,19.4054699,-99.0886533,2232.4,6.94,6.75
440.2,19.4054637,-99.0886061,2232.2,6.94,6.75
445.2,19.4054576,-99.0885588,2232.1,6.94,6.76
450.2,19.4054515,-99.0885115,2231.9,6.93,6.76
455.2,19.4054453,-99.0884643,2231.7,6.93,6.76
460.2,19.4054392,-99.0884170,2231.6,6.93,6.76
465.2,19.4054331,-99.0883698,2231.4,6.93,6.76
470.2,19.4054269,-99.0883225,2231.3,6.92,6.77
475.2,19.4054208,-99.0882753,2231.3,6.92,6.77
480.2,19.4054146,-99.0882280,2231.2,6.92,6.77
485.2,19.4054085,-99.0881808,2231.1,6.92,6.77
490.3,19.4054024,-99.0881335,2231.1,6.92,6.77
495.3,19.4053962,-99.0880863,2231.1,6.91,6.78
500.3,19.4053901,-99.0880390,2231.1,6.91,6.78
505.3,19.4053840,-99.0879918,2231.1,6.91,6.78
510.3,19.4053779,-99.0879445,2231.1,6.91,6.78
515.3,19.4053717,-99.0878973,2231.1,6.90,6.78
520.3,19.4053656,-99.0878500,2231.1,6.90,6.79
525.3,19.4053595,-99.0878027,2231.1,6.90,6.79
530.3,19.4053533,-99.0877555,2231.1,6.90,6.79
535.3,19.4053472,-99.0877082,2231.0,6.89,6.79
540.3,19.4053411,-99.0876610,2231.0,6.89,6.79
545.3,19.4053350,-99.0876137,2230.9,6.89,6.79
550.3,19.4053288,-99.0875665,2230.8,6.89,6.80
555.3,19.4053227,-99.0875192,2230.7,6.89,6.80
560.3,19.4053166,-99.0874720,2230.7,6.88,6.80
565.3,19.4053105,-99.0874247,2230.6,6.88,6.80
570.3,19.4053043,-99.0873775,2230.6,6.88,6.80
575.3,19.4052982,-99.0873302,2230.6,6.88,6.81
580.3,19.4052921,-99.0872829,2230.6,6.87,6.81
585.3,19.4052860,-99.0872357,2230.6,6.87,6.81
590.3,19.4052798,-99.0871884,2230.8,6.87,6.81
595.3,19.4052737,-99.0871412,2230.9,6.87,6.81
600.3,19.4052676,-99.0870939,2231.2,6.87,6.82
605.3,19.4052615,-99.0870467,2231.4,6.86,6.82
610.3,19.4052553,-99.0869994,2231.8,6.86,6.82
615.3,19.4052492,-99.0869522,2232.1,6.86,6.82
620.3,19.4052431,-99.0869049,2232.6,6.86,6.82
625.3,19.4052370,-99.0868576,2233.0,6.85,6.83
630.3,19.4052309,-99.0868104,2233.6,6.85,6.83
635.3,19.4052247,-99.0867631,2234.1,6.85,6.83
640.3,19.4052186,-99.0867159,2234.6,6.85,6.83
645.3,19.4052125,-99.0866686,2235.2,6.84,6.83
650.3,19.4052064,-99.0866214,2235.7,6.84,6.83
655.3,19.4052002,-99.0865741,2236.3,6.84,6.84
660.3,19.4051941,-99.0865269,2236.8,6.84,6.84
665.3,19.4051880,-99.0864796,2237.2,6.84,6.84
670.3,19.4051819,-99.0864323,2237.6,6.83,6.84
675.3,19.4051757,-99.0863851,2238.1,6.83,6.84
680.3,19.4051696,-99.0863378,2238.4,6.83,6.85
685.4,19.4051635,-99.0862906,2238.7,6.83,6.85
690.4,19.4051574,-99.0862433,2238.9,6.82,6.85
695.4,19.4051512,-99.0861961,2239.1,6.82,6.85
700.4,19.4051451,-99.0861488,2239.2,6.82,6.85
705.4,19.4051390,-99.0861016,2239.3,6.82,6.86
710.4,19.4051329,-99.0860543,2239.3,6.82,6.86
715.4,19.4051267,-99.0860071,2239.4,6.81,6.86
720.4,19.4051206,-99.0859598,2239.3,6.81,6.86
725.4,19.4051145,-99.0859125,2239.3,6.81,6.86
730.4,19.4051083,-99.0858653,2239.3,6.81,6.87
735.4,19.4051022,-99.0858180,2239.3,6.80,6.87
740.4,19.4050961,-99.0857708,2239.2,6.80,6.87
745.4,19.4050899,-99.0857235,2239.2,6.80,6.87
750.4,19.4050838,-99.0856763,2239.1,6.80,6.87
755.4,19.4050777,-99.0856290,2239.1,6.79,6.87
760.4,19.4050715,-99.0855818,2239.1,6.79,6.88
765.4,19.4050654,-99.0855345,2239.1,6.79,6.88
770.4,19.4050593,-99.0854873,2239.0,6.79,6.88
775.4,19.4050531,-99.0854400,2239.0,6.79,6.88
780.4,19.4050470,-99.0853928,2239.0,6.78,6.88
785.4,19.4050408,-99.0853455,2239.0,6.78,6.89
790.4,19.4050347,-99.0852983,2239.0,6.78,6.89
795.4,19.4050286,-99.0852510,2238.9,6.78,6.89
800.4,19.4050224,-99.0852038,2238.9,6.77,6.89
805.4,19.4050163,-99.0851565,2238.9,6.77,6.89
810.4,19.4050101,-99.0851092,2238.8,6.77,6.90
815.4,19.4050040,-99.0850620,2238.8,6.77,6.90
820.4,19.4049979,-99.0850147,2238.7,6.77,6.90
825.4,19.4049917,-99.0849675,2238.6,6.76,6.90
830.4,19.4049856,-99.0849202,2238.5,6.76,6.90
835.4,19.4049795,-99.0848730,2238.4,6.76,6.91
840.4,19.4049733,-99.0848257,2238.3,6.76,6.91
845.4,19.4049672,-99.0847785,2238.2,6.75,6.91
850.4,19.4049611,-99.0847312,2238.0,6.75,6.91
855.4,19.4049549,-99.0846840,2237.8,6.75,6.91
860.4,19.4049488,-99.0846367,2237.6,6.75,6.91
865.4,19.4049427,-99.0845895,2237.4,6.74,6.92
870.4,19.4049366,-99.0845422,2237.1,6.74,6.92
875.4,19.4049305,-99.0844949,2236.8,6.74,6.92
880.5,19.4049244,-99.0844477,2236.5,6.74,6.92
885.5,19.4049183,-99.0844004,2236.1,6.74,6.92
890.5,19.4049122,-99.0843532,2235.7,6.73,6.93
895.5,19.4049061,-99.0843059,2235.3,6.73,6.93
900.5,19.4049000,-99.0842586,2234.8,6.73,6.93
905.5,19.4048939,-99.0842114,2234.4,6.73,6.93
910.5,19.4048879,-99.0841641,2233.9,6.72,6.93
915.5,19.4048818,-99.0841169,2233.4,6.72,6.94
920.5,19.4048757,-99.0840696,2232.9,6.72,6.94
925.5,19.4048695,-99.0840224,2232.3,6.72,6.94
930.5,19.4048633,-99.0839751,2231.9,6.72,6.94
935.5,19.4048570,-99.0839279,2231.4,6.71,6.94
940.5,19.4048506,-99.0838807,2231.0,6.71,6.95
945.5,19.4048441,-99.0838335,2230.6,6.71,6.95
950.5,19.4048375,-99.0837863,2230.4,6.73,6.97
955.5,19.4048307,-99.0837391,2230.1,7.09,7.26
960.5,19.4048238,-99.0836920,2229.9,7.46,7.55
965.5,19.4048167,-99.0836449,2229.8,7.82,7.84
970.5,19.4048094,-99.0835978,2229.7,8.18,8.13
975.5,19.4048017,-99.0835508,2229.7,8.42,8.61
980.5,19.4047887,-99.0835052,2229.9,8.31,9.57
985.5,19.4047590,-99.0834698,2230.0,8.22,9.69
990.5,19.4047175,-99.0834523,2230.2,8.15,8.75
995.5,19.4046725,-99.0834511,2230.5,8.02,8.40
1000.5,19.4046278,-99.0834565,2230.9,7.88,8.21
1005.5,19.4045831,-99.0834613,2231.3,7.74,8.02
1010.5,19.4045382,-99.0834654,2231.9,7.60,7.83
1015.5,19.4044934,-99.0834692,2232.5,7.46,7.63
1020.5,19.4044485,-99.0834729,2233.3,7.32,7.44
1025.5,19.4044037,-99.0834767,2234.0,7.17,7.25
1030.5,19.4043589,-99.0834810,2234.9,7.03,7.06
1035.5,19.4043141,-99.0834860,2235.8,6.94,6.90
1040.5,19.4042695,-99.0834918,2236.9,6.93,6.80
1045.5,19.4042249,-99.0834983,2237.9,6.92,6.71
1050.5,19.4041803,-99.0835045,2239.0,6.91,6.61
1055.5,19.4041356,-99.0835096,2240.1,6.91,6.51
1060.5,19.4040907,-99.0835125,2241.1,6.91,6.42
1065.5,19.4040457,-99.0835122,2242.1,7.07,6.39
1070.5,19.4040009,-99.0835078,2243.0,7.22,6.36
1075.6,19.4039573,-99.0834972,2243.9,7.22,6.25
1080.6,19.4039200,-99.0834715,2244.5,6.40,5.76
1085.6,19.4038955,-99.0834316,2245.2,6.10,5.69
1090.6,19.4038778,-99.0833878,2245.5,6.00,5.79
1095.6,19.4038598,-99.0833441,2245.8,5.91,5.90
1100.6,19.4038400,-99.0833012,2245.8,5.80,6.01
1105.6,19.4038202,-99.0832584,2245.8,5.66,6.13
1110.6,19.4038024,-99.0832146,2245.6,5.46,6.28
1115.6,19.4037836,-99.0831713,2245.3,5.26,6.43
1120.6,19.4037589,-99.0831317,2244.9,5.15,6.60
1125.6,19.4037237,-99.0831030,2244.4,5.85,7.04
1130.6,19.4036800,-99.0830938,2243.8,6.73,7.45
1135.6,19.4036352,-99.0830970,2243.3,6.63,7.30
1140.6,19.4035907,-99.0831046,2242.6,6.50,7.14
1145.6,19.4035463,-99.0831123,2242.0,6.36,6.97
1150.6,19.4035019,-99.0831194,2241.3,6.22,6.80
1155.6,19.4034573,-99.0831261,2240.6,6.09,6.64
1160.6,19.4034128,-99.0831326,2239.9,5.95,6.47
1165.6,19.4033682,-99.0831391,2239.2,5.81,6.29
1170.6,19.4033236,-99.0831458,2238.5,5.67,6.12
1175.6,19.4032791,-99.0831528,2237.8,5.53,5.95
1180.6,19.4032347,-99.0831605,2237.1,5.39,5.79
1185.6,19.4031905,-99.0831690,2236.4,5.28,5.64
1190.6,19.4031464,-99.0831788,2235.9,5.28,5.58
1195.6,19.4031027,-99.0831899,2235.3,5.30,5.53
1200.6,19.4030593,-99.0832025,2234.8,5.31,5.49
1205.6,19.4030163,-99.0832164,2234.4,5.32,5.46
1210.6,19.4029736,-99.0832314,2234.0,5.32,5.45
1215.6,19.4029311,-99.0832471,2233.7,5.32,5.45
1220.6,19.4028887,-99.0832630,2233.5,5.32,5.44
1225.6,19.4028461,-99.0832783,2233.4,5.33,5.43
1230.6,19.4028032,-99.0832929,2233.3,5.33,5.42
1235.6,19.4027603,-99.0833073,2233.3,5.33,5.41
1240.6,19.4027176,-99.0833221,2233.3,5.34,5.40
1245.6,19.4026752,-99.0833381,2233.4,5.33,5.40
1250.6,19.4026332,-99.0833553,2233.5,5.30,5.43
1255.6,19.4025917,-99.0833737,2233.5,5.23,5.51
1260.6,19.4025507,-99.0833932,2233.6,5.16,5.59
1265.6,19.4025100,-99.0834136,2233.7,5.10,5.67
1270.7,19.4024697,-99.0834349,2233.8,5.06,5.73
1275.7,19.4024298,-99.0834569,2233.8,5.12,5.69
1280.7,19.4023902,-99.0834795,2233.8,5.19,5.66
1285.7,19.4023509,-99.0835027,2233.9,5.26,5.62
1290.7,19.4023119,-99.0835264,2233.9,5.33,5.58
1295.7,19.4022730,-99.0835503,2233.9,5.39,5.54
1300.7,19.4022342,-99.0835745,2233.8,5.43,5.52
1305.7,19.4021955,-99.0835989,2233.8,5.43,5.52
1310.7,19.4021568,-99.0836233,2233.8,5.42,5.52
1315.7,19.4021182,-99.0836477,2233.8,5.41,5.51
1320.7,19.4020795,-99.0836721,2233.8,5.41,5.51
1325.7,19.4020409,-99.0836966,2233.8,5.40,5.51
1330.7,19.4020023,-99.0837210,2233.8,5.40,5.51
1335.7,19.4019637,-99.0837455,2233.8,5.39,5.51
1340.7,19.4019251,-99.0837700,2233.8,5.38,5.51
1345.7,19.4018865,-99.0837945,2233.9,5.38,5.51
1350.7,19.4018479,-99.0838190,2233.9,5.37,5.51
1355.7,19.4018093,-99.0838435,2233.9,5.36,5.51
1360.7,19.4017707,-99.0838681,2233.9,5.36,5.50
1365.7,19.4017322,-99.0838926,2233.9,5.35,5.50
1370.7,19.4016936,-99.0839172,2233.9,5.35,5.50
1375.7,19.4016550,-99.0839418,2233.9,5.34,5.50
1380.7,19.4016165,-99.0839664,2233.9,5.33,5.50
1385.7,19.4015779,-99.0839910,2233.9,5.33,5.50
1390.7,19.4015394,-99.0840156,2233.8,5.32,5.50
1395.7,19.4015008,-99.0840402,2233.8,5.31,5.50
1400.7,19.4014623,-99.0840648,2233.8,5.31,5.50
1405.7,19.4014238,-99.0840894,2233.8,5.30,5.49
1410.7,19.4013853,-99.0841141,2233.8,5.29,5.49
1415.7,19.4013467,-99.0841387,2233.7,5.29,5.49
1420.7,19.4013082,-99.0841634,2233.7,5.28,5.49
1425.7,19.4012697,-99.0841880,2233.7,5.28,5.49
1430.7,19.4012312,-99.0842127,2233.7,5.28,5.48
1435.7,19.4011927,-99.0842374,2233.8,5.29,5.47
1440.7,19.4011542,-99.0842620,2233.8,5.30,5.46
1445.7,19.4011157,-99.0842867,2233.8,5.31,5.45
1450.7,19.4010772,-99.0843114,2233.8,5.32,5.44
1455.7,19.4010387,-99.0843361,2233.8,5.33,5.43
1460.7,19.4010002,-99.0843608,2233.8,5.34,5.42
1465.8,19.4009617,-99.0843855,2233.8,5.35,5.41
1470.8,19.4009232,-99.0844102,2233.8,5.36,5.40
1475.8,19.4008848,-99.0844349,2233.8,5.37,5.39
1480.8,19.4008463,-99.0844596,2233.7,5.38,5.38
1485.8,19.4008078,-99.0844843,2233.7,5.38,5.37
1490.8,19.4007693,-99.0845090,2233.7,5.39,5.36
1495.8,19.4007308,-99.0845337,2233.6,5.40,5.35
1500.8,19.4006923,-99.0845584,2233.6,5.41,5.34
1505.8,19.4006539,-99.0845831,2233.5,5.42,5.33
1510.8,19.4006154,-99.0846078,2233.5,5.43,5.32
1515.8,19.4005769,-99.0846325,2233.5,5.44,5.31
1520.8,19.4005384,-99.0846572,2233.5,5.45,5.30
1525.8,19.4004999,-99.0846819,2233.5,5.46,5.29
1530.8,19.4004614,-99.0847066,2233.5,5.47,5.28
1535.8,19.4004229,-99.0847313,2233.5,5.48,5.27
1540.8,19.4003845,-99.0847560,2233.6,5.48,5.27
1545.8,19.4003460,-99.0847807,2233.6,5.48,5.27
1550.8,19.4003075,-99.0848054,2233.6,5.46,5.29
1555.8,19.4002690,-99.0848301,2233.6,5.44,5.31
1560.8,19.4002305,-99.0848547,2233.6,5.42,5.33
1565.8,19.4001920,-99.0848794,2233.6,5.40,5.35
1570.8,19.4001535,-99.0849041,2233.6,5.39,5.37
1575.8,19.4001149,-99.0849288,2233.5,5.37,5.39
1580.8,19.4000764,-99.0849534,2233.4,5.35,5.41
1585.8,19.4000379,-99.0849781,2233.4,5.33,5.43
1590.8,19.3999994,-99.0850027,2233.2,5.32,5.45
1595.8,19.3999609,-99.0850274,2233.1,5.30,5.47
1600.8,19.3999224,-99.0850521,2232.9,5.28,5.49
1605.8,19.3998839,-99.0850767,2232.8,5.26,5.51
1610.8,19.3998454,-99.0851014,2232.6,5.25,5.53
1615.8,19.3998069,-99.0851262,2232.4,5.23,5.55
1620.8,19.3997685,-99.0851509,2232.3,5.21,5.58
1625.8,19.3997300,-99.0851757,2232.1,5.19,5.60
1630.8,19.3996916,-99.0852005,2231.9,5.17,5.62
1635.8,19.3996532,-99.0852253,2231.8,5.16,5.63
1640.8,19.3996148,-99.0852502,2231.7,5.15,5.64
1645.8,19.3995765,-99.0852752,2231.5,5.15,5.65
1650.8,19.3995381,-99.0853001,2231.5,5.14,5.66
1655.8,19.3994998,-99.0853252,2231.4,5.14,5.67
1660.9,19.3994616,-99.0853502,2231.4,5.14,5.68
1665.9,19.3994233,-99.0853754,2231.4,5.13,5.69
1670.9,19.3993852,-99.0854006,2231.4,5.13,5.70
1675.9,19.3993470,-99.0854259,2231.5,5.12,5.71
1680.9,19.3993089,-99.0854512,2231.6,5.12,5.71
1685.9,19.3992708,-99.0854766,2231.7,5.12,5.72
1690.9,19.3992328,-99.0855021,2231.9,5.11,5.73
1695.9,19.3991948,-99.0855277,2232.0,5.11,5.74
1700.9,19.3991569,-99.0855533,2232.2,5.10,5.75
1705.9,19.3991190,-99.0855791,2232.5,5.10,5.76
1710.9,19.3990812,-99.0856049,2232.7,5.10,5.77
1715.9,19.3990434,-99.0856309,2232.9,5.09,5.78
1720.9,19.3990058,-99.0856569,2233.2,5.09,5.78
1725.9,19.3989682,-99.0856831,2233.4,5.08,5.79
1730.9,19.3989307,-99.0857095,2233.7,5.09,5.80
1735.9,19.3988933,-99.0857361,2233.9,5.15,5.80
1740.9,19.3988561,-99.0857629,2234.1,5.36,5.78
1745.9,19.3988190,-99.0857899,2234.3,5.57,5.76
1750.9,19.3987821,-99.0858171,2234.4,5.78,5.73
1755.9,19.3987452,-99.0858445,2234.5,5.99,5.71
1760.9,19.3987084,-99.0858719,2234.6,6.19,5.70
1765.9,19.3986715,-99.0858992,2234.7,6.36,5.76
1770.9,19.3986345,-99.0859264,2234.6,6.49,5.88
1775.9,19.3985974,-99.0859532,2234.6,6.62,6.00
1780.9,19.3985599,-99.0859796,2234.5,6.75,6.12
1785.9,19.3985222,-99.0860056,2234.5,6.87,6.24
1790.9,19.3984843,-99.0860313,2234.3,7.00,6.36
1795.9,19.3984462,-99.0860567,2234.2,7.13,6.48
1800.9,19.3984081,-99.0860821,2234.0,7.26,6.60
1805.9,19.3983700,-99.0861074,2233.8,7.39,6.72
1810.9,19.3983319,-99.0861328,2233.7,7.52,6.84
1815.9,19.3982933,-99.0861572,2233.5,7.67,7.01
1820.9,19.3982516,-99.0861730,2233.4,7.89,7.42
1825.9,19.3982073,-99.0861705,2233.3,8.33,7.89
1830.9,19.3981670,-99.0861507,2233.2,9.09,8.10
1835.9,19.3981354,-99.0861170,2233.1,9.33,8.23
1840.9,19.3981102,-99.0860775,2233.1,9.16,8.30
1845.9,19.3980871,-99.0860366,2233.1,9.00,8.37
1850.9,19.3980641,-99.0859956,2233.2,8.84,8.43
1856.0,19.3980406,-99.0859549,2233.3,8.67,8.50
1861.0,19.3980166,-99.0859146,2233.4,8.51,8.57
1866.0,19.3979919,-99.0858747,2233.6,8.34,8.64
1871.0,19.3979663,-99.0858355,2233.8,8.11,8.54
1876.0,19.3979399,-99.0857969,2234.0,7.69,8.01
1881.0,19.3979124,-99.0857592,2234.2,7.26,7.44
1886.0,19.3978840,-99.0857221,2234.5,6.79,6.90
1891.0,19.3978542,-99.0856865,2234.8,6.13,6.55
1896.0,19.3978183,-99.0856601,2235.0,5.40,6.24
1901.0,19.3977746,-99.0856576,2235.2,5.40,5.67
1906.0,19.3977332,-99.0856747,2235.5,5.56,5.72
1911.0,19.3976972,-99.0857030,2235.6,5.50,5.98
1916.0,19.3976651,-99.0857364,2235.8,5.46,6.06
1921.0,19.3976349,-99.0857718,2235.9,5.57,5.85
1926.0,19.3976061,-99.0858084,2236.0,5.65,5.69
1931.0,19.3975785,-99.0858460,2235.9,5.67,5.64
1936.0,19.3975515,-99.0858843,2235.8,5.66,5.63
1941.0,19.3975250,-99.0859228,2235.7,5.65,5.63
1946.0,19.3974985,-99.0859613,2235.5,5.64,5.62
1951.0,19.3974717,-99.0859997,2235.2,5.63,5.62
1956.0,19.3974447,-99.0860378,2234.9,5.61,5.61
1961.0,19.3974175,-99.0860758,2234.6,5.60,5.61
1966.0,19.3973902,-99.0861137,2234.3,5.59,5.60
1971.0,19.3973629,-99.0861516,2233.9,5.58,5.60
1976.0,19.3973358,-99.0861897,2233.6,5.57,5.59
1981.0,19.3973089,-99.0862279,2233.4,5.55,5.59
1986.0,19.3972822,-99.0862663,2233.1,5.54,5.58
1991.0,19.3972556,-99.0863047,2233.0,5.53,5.58
1996.0,19.3972289,-99.0863431,2232.9,5.52,5.57
2001.0,19.3972020,-99.0863814,2232.9,5.51,5.57
2006.0,19.3971748,-99.0864194,2233.0,5.49,5.57
2011.0,19.3971472,-99.0864570,2233.2,5.48,5.56
2016.0,19.3971194,-99.0864946,2233.4,5.47,5.56
2021.0,19.3970931,-99.0865332,2233.7,5.44,5.56
2026.0,19.3970711,-99.0865746,2234.0,5.29,5.62
2031.0,19.3970581,-99.0866199,2234.5,5.20,5.80
2036.0,19.3970569,-99.0866672,2234.9,5.31,6.09
2041.0,19.3970666,-99.0867135,2235.4,5.30,6.17
2046.0,19.3970851,-99.0867568,2236.0,5.62,5.63
2051.1,19.3971110,-99.0867955,2236.5,5.71,5.28
2056.1,19.3971433,-99.0868284,2237.0,5.32,5.69
2061.1,19.3971812,-99.0868537,2237.5,5.30,5.84
2066.1,19.3972233,-99.0868694,2238.1,5.54,6.06
2071.1,19.3972678,-99.0868756,2238.5,5.80,6.45
2076.1,19.3973127,-99.0868752,2239.0,5.87,6.43
2081.1,19.3973576,-99.0868717,2239.3,5.87,6.23
2086.1,19.3974024,-99.0868671,2239.7,5.86,6.02
2091.1,19.3974471,-99.0868619,2239.9,5.84,5.87
2096.1,19.3974917,-99.0868562,2240.2,5.79,5.81
2101.1,19.3975364,-99.0868501,2240.3,5.72,5.79
2106.1,19.3975810,-99.0868438,2240.4,5.66,5.76
2111.1,19.3976255,-99.0868373,2240.4,5.61,5.72
2116.1,19.3976701,-99.0868309,2240.4,5.58,5.66
2121.1,19.3977147,-99.0868245,2240.3,5.56,5.59
2126.1,19.3977593,-99.0868182,2240.2,5.53,5.53
2131.1,19.3978039,-99.0868119,2240.0,5.50,5.47
2136.1,19.3978485,-99.0868056,2239.8,5.48,5.41
2141.1,19.3978931,-99.0867993,2239.5,5.46,5.37
2146.1,19.3979377,-99.0867931,2239.2,5.45,5.36
2151.1,19.3979823,-99.0867868,2238.9,5.45,5.37
2156.1,19.3980269,-99.0867806,2238.6,5.45,5.38
2161.1,19.3980715,-99.0867745,2238.3,5.46,5.38
2166.1,19.3981161,-99.0867683,2238.0,5.46,5.39
2171.1,19.3981607,-99.0867622,2237.7,5.46,5.39
2176.1,19.3982053,-99.0867560,2237.5,5.46,5.40
2181.1,19.3982500,-99.0867499,2237.3,5.46,5.40
2186.1,19.3982946,-99.0867438,2237.1,5.46,5.41
2191.1,19.3983392,-99.0867377,2237.0,5.46,5.41
2196.1,19.3983838,-99.0867316,2236.8,5.46,5.42
2201.1,19.3984284,-99.0867255,2236.8,5.46,5.43
2206.1,19.3984731,-99.0867194,2236.8,5.46,5.43
2211.1,19.3985177,-99.0867134,2236.9,5.46,5.44
2216.1,19.3985623,-99.0867073,2237.0,5.46,5.44
2221.1,19.3986069,-99.0867012,2237.1,5.46,5.45
2226.1,19.3986515,-99.0866951,2237.2,5.46,5.45
2231.1,19.3986962,-99.0866890,2237.3,5.46,5.46
2236.1,19.3987408,-99.0866829,2237.4,5.46,5.46
2241.1,19.3987854,-99.0866768,2237.5,5.47,5.47
2246.2,19.3988300,-99.0866707,2237.5,5.47,5.48
2251.2,19.3988746,-99.0866645,2237.4,5.47,5.48
2256.2,19.3989193,-99.0866584,2237.4,5.47,5.49
2261.2,19.3989639,-99.0866522,2237.1,5.47,5.49
2266.2,19.3990085,-99.0866461,2236.9,5.47,5.50
2271.2,19.3990531,-99.0866399,2236.5,5.47,5.50
2276.2,19.3990977,-99.0866337,2236.0,5.47,5.50
2281.2,19.3991423,-99.0866276,2235.5,5.48,5.50
2286.2,19.3991869,-99.0866214,2234.9,5.48,5.49
2291.2,19.3992315,-99.0866153,2234.2,5.49,5.48
2296.2,19.3992762,-99.0866091,2233.5,5.49,5.47
2301.2,19.3993208,-99.0866030,2232.7,5.50,5.47
2306.2,19.3993654,-99.0865969,2231.9,5.50,5.46
2311.2,19.3994100,-99.0865908,2231.2,5.51,5.45
2316.2,19.3994546,-99.0865847,2230.4,5.51,5.44
2321.2,19.3994993,-99.0865787,2229.7,5.52,5.43
2326.2,19.3995439,-99.0865726,2228.9,5.52,5.42
2331.2,19.3995885,-99.0865666,2228.3,5.53,5.41
2336.2,19.3996331,-99.0865606,2227.7,5.53,5.37
2341.2,19.3996778,-99.0865545,2227.2,5.54,5.34
2346.2,19.3997224,-99.0865485,2226.6,5.54,5.30
2351.2,19.3997670,-99.0865424,2226.2,5.55,5.27
2356.2,19.3998116,-99.0865364,2225.9,5.55,5.24
2361.2,19.3998563,-99.0865307,2225.6,5.56,5.20
2366.2,19.3999010,-99.0865254,2225.3,5.56,5.17
2371.2,19.3999459,-99.0865217,2225.1,5.57,5.17
2376.2,19.3999908,-99.0865221,2224.9,5.54,5.25
2381.2,19.4000349,-99.0865300,2224.8,5.48,5.42
2386.2,19.4000763,-99.0865479,2224.6,5.63,5.52
2391.2,19.4001136,-99.0865742,2224.6,5.96,5.35
2396.2,19.4001468,-99.0866063,2224.5,6.13,5.17
2401.2,19.4001765,-99.0866421,2224.5,6.05,5.23
2406.2,19.4002033,-99.0866804,2224.5,5.92,5.35
2411.2,19.4002280,-99.0867202,2224.6,5.78,5.47
2416.2,19.4002517,-99.0867608,2224.7,5.67,5.56
2421.2,19.4002750,-99.0868015,2225.0,5.61,5.59
2426.2,19.4002984,-99.0868423,2225.2,5.54,5.62
2431.2,19.4003218,-99.0868830,2225.5,5.48,5.64
2436.2,19.4003452,-99.0869237,2225.8,5.41,5.67
2441.3,19.4003689,-99.0869643,2226.3,5.35,5.70
2446.3,19.4003928,-99.0870047,2226.7,5.28,5.72
2451.3,19.4004170,-99.0870450,2227.2,5.22,5.75
2456.3,19.4004416,-99.0870848,2227.8,5.17,5.78
2461.3,19.4004671,-99.0871242,2228.3,5.13,5.81
2466.3,19.4004936,-99.0871627,2228.9,5.10,5.85
2471.3,19.4005214,-99.0872001,2229.6,5.08,5.89
2476.3,19.4005509,-99.0872361,2230.2,5.05,5.92
2481.3,19.4005823,-99.0872703,2230.9,5.06,5.92
2486.3,19.4006157,-99.0873022,2231.5,5.16,5.83
2491.3,19.4006510,-99.0873318,2232.1,5.29,5.71
2496.3,19.4006879,-99.0873591,2232.7,5.36,5.63
2501.3,19.4007261,-99.0873842,2233.3,5.30,5.65
2506.3,19.4007655,-99.0874072,2233.8,5.16,5.73
2511.3,19.4008058,-99.0874284,2234.3,5.06,5.78
2516.3,19.4008468,-99.0874479,2234.8,5.12,5.69
2521.3,19.4008884,-99.0874660,2235.1,5.32,5.46
2526.3,19.4009303,-99.0874834,2235.5,5.52,5.23
2531.3,19.4009722,-99.0875009,2235.8,5.66,5.10
2536.3,19.4010138,-99.0875191,2236.1,5.67,5.15
2541.3,19.4010547,-99.0875389,2236.3,5.67,5.23
2546.3,19.4010946,-99.0875609,2236.5,5.71,5.23
2551.3,19.4011330,-99.0875857,2236.7,5.78,5.16
2556.3,19.4011695,-99.0876134,2236.9,5.85,5.10
2561.3,19.4012041,-99.0876439,2237.1,5.89,5.08
2566.3,19.4012365,-99.0876770,2237.2,5.84,5.17
2571.3,19.4012667,-99.0877123,2237.4,5.76,5.33
2576.3,19.4012953,-99.0877491,2237.7,5.73,5.41
2581.3,19.4013231,-99.0877866,2237.9,5.81,5.35
2586.3,19.4013510,-99.0878240,2238.1,5.94,5.25
2591.3,19.4013784,-99.0878618,2238.3,6.07,5.14
2596.3,19.4014037,-99.0879012,2238.5,6.20,5.03
2601.3,19.4014251,-99.0879431,2238.7,6.25,4.99
2606.3,19.4014412,-99.0879875,2238.9,6.15,5.05
2611.3,19.4014530,-99.0880335,2239.1,6.01,5.16
2616.3,19.4014621,-99.0880802,2239.2,5.87,5.26
2621.3,19.4014699,-99.0881272,2239.3,5.75,5.35
2626.3,19.4014768,-99.0881743,2239.4,5.72,5.40
2631.3,19.4014830,-99.0882216,2239.4,5.76,5.43
2636.4,19.4014888,-99.0882689,2239.4,5.79,5.46
2641.4,19.4014941,-99.0883162,2239.2,5.83,5.49
2646.4,19.4014991,-99.0883636,2239.1,5.86,5.52
2651.4,19.4015040,-99.0884111,2238.8,5.87,5.53
2656.4,19.4015088,-99.0884585,2238.6,5.84,5.54
2661.4,19.4015135,-99.0885059,2238.2,5.81,5.54
2666.4,19.4015181,-99.0885534,2237.8,5.79,5.55
2671.4,19.4015227,-99.0886008,2237.4,5.76,5.56
2676.4,19.4015271,-99.0886483,2236.9,5.74,5.56
2681.4,19.4015314,-99.0886958,2236.5,5.71,5.57
2686.4,19.4015357,-99.0887433,2236.0,5.68,5.58
2691.4,19.4015399,-99.0887907,2235.5,5.66,5.58
2696.4,19.4015439,-99.0888383,2235.0,5.63,5.59
2701.4,19.4015479,-99.0888858,2234.6,5.61,5.59
2706.4,19.4015517,-99.0889333,2234.2,5.58,5.60
2711.4,19.4015555,-99.0889808,2233.9,5.56,5.61
2716.4,19.4015592,-99.0890284,2233.6,5.53,5.61
2721.4,19.4015628,-99.0890759,2233.4,5.50,5.62
2726.4,19.4015670,-99.0891234,2233.2,5.48,5.62
2731.4,19.4015721,-99.0891708,2233.1,5.45,5.63
2736.4,19.4015788,-99.0892179,2233.0,5.37,5.69
2741.4,19.4015876,-99.0892647,2233.0,5.20,5.83
2746.4,19.4015992,-99.0893108,2233.0,5.00,6.00
2751.4,19.4016140,-99.0893557,2233.1,4.85,6.13
2756.4,19.4016325,-99.0893992,2233.2,4.89,6.11
2761.4,19.4016549,-99.0894405,2233.3,5.06,5.99
2766.4,19.4016814,-99.0894789,2233.5,5.23,5.87
2771.4,19.4017121,-99.0895137,2233.7,5.24,5.87
2776.4,19.4017465,-99.0895443,2233.9,5.16,5.95
2781.4,19.4017839,-99.0895707,2234.2,5.07,6.04
2786.4,19.4018237,-99.0895928,2234.4,5.09,6.00
2791.4,19.4018652,-99.0896110,2234.7,5.19,5.85
2796.4,19.4019077,-99.0896266,2234.9,5.31,5.69
2801.4,19.4019507,-99.0896407,2235.2,5.40,5.56
2806.4,19.4019938,-99.0896545,2235.5,5.46,5.54
2811.4,19.4020369,-99.0896682,2235.8,5.48,5.58
2816.4,19.4020801,-99.0896816,2236.0,5.51,5.57
2821.4,19.4021234,-99.0896943,2236.3,5.58,5.47
2826.4,19.4021668,-99.0897068,2236.5,5.66,5.33
2831.5,19.4022101,-99.0897198,2236.7,5.73,5.19
2836.5,19.4022531,-99.0897339,2236.9,5.81,5.05
2841.5,19.4022954,-99.0897501,2237.1,5.92,4.98
2846.5,19.4023367,-99.0897689,2237.3,6.09,5.04
2851.5,19.4023764,-99.0897913,2237.4,6.28,5.14
2856.5,19.4024140,-99.0898173,2237.5,6.47,5.24
2861.5,19.4024495,-99.0898466,2237.5,6.63,5.33
2866.5,19.4024833,-99.0898780,2237.5,6.71,5.39
2871.5,19.4025159,-99.0899109,2237.5,6.75,5.44
2876.5,19.4025474,-99.0899450,2237.5,6.79,5.49
2881.5,19.4025774,-99.0899805,2237.4,6.83,5.53
2886.5,19.4026052,-99.0900179,2237.3,6.87,5.58
2891.5,19.4026305,-99.0900574,2237.2,6.86,5.63
2896.5,19.4026534,-99.0900984,2237.1,6.79,5.71
2901.5,19.4026743,-99.0901407,2237.0,6.70,5.79
2906.5,19.4026938,-99.0901836,2236.8,6.62,5.86
2911.5,19.4027125,-99.0902270,2236.7,6.53,5.94
2916.5,19.4027310,-99.0902705,2236.5,6.45,6.02
2921.5,19.4027497,-99.0903139,2236.4,6.36,6.09
2926.5,19.4027688,-99.0903570,2236.2,6.28,6.17
2931.5,19.4027884,-99.0904000,2236.1,6.19,6.25
2936.5,19.4028085,-99.0904427,2236.0,6.11,6.32
2941.5,19.4028289,-99.0904851,2235.9,6.03,6.37
2946.5,19.4028498,-99.0905274,2235.8,5.96,6.35
2951.5,19.4028711,-99.0905694,2235.8,5.89,6.29
2956.5,19.4028928,-99.0906112,2235.7,5.82,6.24
2961.5,19.4029149,-99.0906528,2235.7,5.76,6.18
2966.5,19.4029373,-99.0906941,2235.7,5.69,6.12
2971.5,19.4029600,-99.0907353,2235.7,5.62,6.07
2976.5,19.4029831,-99.0907762,2235.7,5.56,6.01
2981.5,19.4030065,-99.0908170,2235.7,5.57,5.88
2986.5,19.4030301,-99.0908576,2235.7,5.66,5.69
2991.5,19.4030538,-99.0908981,2235.6,5.75,5.49
2996.5,19.4030770,-99.0909390,2235.6,5.85,5.29
3001.5,19.4030989,-99.0909806,2235.4,5.88,5.27
3006.5,19.4031188,-99.0910234,2235.3,5.88,5.34
3011.5,19.4031369,-99.0910671,2235.1,5.87,5.42
3016.5,19.4031539,-99.0911112,2235.0,5.87,5.50
3021.5,19.4031709,-99.0911554,2234.7,5.88,5.54
3026.6,19.4031895,-99.0911988,2234.5,5.90,5.52
3031.6,19.4032104,-99.0912410,2234.3,5.94,5.47
3036.6,19.4032305,-99.0912836,2234.0,5.97,5.42
3041.6,19.4032462,-99.0913282,2233.8,6.01,5.37
3046.6,19.4032574,-99.0913744,2233.5,5.99,5.37
3051.6,19.4032659,-99.0914212,2233.3,5.94,5.41
3056.6,19.4032735,-99.0914682,2233.0,5.89,5.46
3061.6,19.4032808,-99.0915153,2232.8,5.84,5.50
3066.6,19.4032879,-99.0915624,2232.6,5.81,5.52
3071.6,19.4032947,-99.0916096,2232.5,5.81,5.53
3076.6,19.4033013,-99.0916567,2232.3,5.80,5.53
3081.6,19.4033077,-99.0917039,2232.3,5.80,5.54
3086.6,19.4033140,-99.0917512,2232.2,5.79,5.54
3091.6,19.4033201,-99.0917984,2232.2,5.79,5.55
3096.6,19.4033262,-99.0918457,2232.2,5.78,5.55
3101.6,19.4033322,-99.0918930,2232.3,5.78,5.56
3106.6,19.4033381,-99.0919403,2232.4,5.77,5.56
3111.6,19.4033440,-99.0919875,2232.6,5.77,5.57
3116.6,19.4033499,-99.0920348,2232.7,5.76,5.57
3121.6,19.4033559,-99.0920821,2232.9,5.76,5.57
3126.6,19.4033618,-99.0921294,2233.1,5.75,5.58
3131.6,19.4033679,-99.0921767,2233.3,5.75,5.58
3136.6,19.4033739,-99.0922239,2233.5,5.74,5.59
3141.6,19.4033800,-99.0922712,2233.6,5.74,5.59
3146.6,19.4033861,-99.0923184,2233.8,5.73,5.60
3151.6,19.4033923,-99.0923657,2233.9,5.73,5.60
3156.6,19.4033984,-99.0924129,2233.9,5.72,5.61
3161.6,19.4034046,-99.0924602,2233.9,5.72,5.61
3166.6,19.4034108,-99.0925074,2233.9,5.71,5.62
3171.6,19.4034170,-99.0925547,2233.8,5.70,5.62
3176.6,19.4034232,-99.0926019,2233.8,5.70,5.63
3181.6,19.4034293,-99.0926492,2233.6,5.69,5.63
3186.6,19.4034355,-99.0926964,2233.5,5.69,5.64
3191.6,19.4034417,-99.0927437,2233.4,5.68,5.64
3196.6,19.4034478,-99.0927909,2233.2,5.68,5.64
3201.6,19.4034540,-99.0928382,2233.1,5.67,5.65
3206.6,19.4034601,-99.0928854,2233.0,5.67,5.65
3211.6,19.4034662,-99.0929327,2232.9,5.66,5.66
3216.6,19.4034724,-99.0929799,2232.8,5.66,5.66
3221.7,19.4034785,-99.0930272,2232.7,5.65,5.67
3226.7,19.4034846,-99.0930744,2232.7,5.65,5.67
3231.7,19.4034907,-99.0931217,2232.7,5.64,5.68
3236.7,19.4034968,-99.0931690,2232.7,5.64,5.68
3241.7,19.4035029,-99.0932162,2232.8,5.63,5.69
3246.7,19.4035090,-99.0932635,2232.8,5.63,5.69
3251.7,19.4035151,-99.0933107,2232.9,5.62,5.70
3256.7,19.4035211,-99.0933580,2233.0,5.62,5.70
3261.7,19.4035272,-99.0934053,2233.1,5.61,5.70
3266.7,19.4035333,-99.0934525,2233.2,5.61,5.71
3271.7,19.4035394,-99.0934998,2233.3,5.60,5.71
3276.7,19.4035455,-99.0935470,2233.4,5.60,5.72
3281.7,19.4035516,-99.0935943,2233.6,5.59,5.72
3286.7,19.4035577,-99.0936416,2233.7,5.59,5.73
3291.7,19.4035638,-99.0936888,2233.9,5.58,5.73
3296.7,19.4035699,-99.0937361,2234.1,5.58,5.74
3301.7,19.4035760,-99.0937833,2234.3,5.57,5.74
3306.7,19.4035821,-99.0938306,2234.5,5.57,5.75
3311.7,19.4035882,-99.0938778,2234.8,5.56,5.75
3316.7,19.4035944,-99.0939251,2235.0,5.56,5.76
3321.7,19.4036005,-99.0939723,2235.3,5.55,5.76
3326.7,19.4036067,-99.0940196,2235.6,5.55,5.76
3331.7,19.4036128,-99.0940669,2235.9,5.54,5.77
3336.7,19.4036190,-99.0941141,2236.2,5.54,5.77
3341.7,19.4036251,-99.0941614,2236.5,5.53,5.78
3346.7,19.4036313,-99.0942086,2236.8,5.53,5.78
3351.7,19.4036374,-99.0942559,2237.1,5.52,5.79
3356.7,19.4036436,-99.0943031,2237.3,5.52,5.79
3361.7,19.4036497,-99.0943504,2237.6,5.51,5.80
3366.7,19.4036558,-99.0943976,2237.8,5.51,5.80
3371.7,19.4036618,-99.0944449,2238.0,5.50,5.81
3376.7,19.4036679,-99.0944922,2238.2,5.50,5.81
3381.7,19.4036739,-99.0945394,2238.3,5.49,5.82
3386.7,19.4036799,-99.0945867,2238.4,5.49,5.82
3391.7,19.4036859,-99.0946340,2238.5,5.48,5.82
3396.7,19.4036920,-99.0946812,2238.6,5.48,5.83
3401.7,19.4036987,-99.0947284,2238.6,5.47,5.83
3406.7,19.4037056,-99.0947755,2238.6,5.47,5.84
3411.7,19.4037126,-99.0948226,2238.6,5.53,5.78
3416.8,19.4037220,-99.0948692,2238.5,5.74,5.57
3421.8,19.4037375,-99.0949138,2238.5,5.63,5.68
3426.8,19.4037632,-99.0949522,2238.4,5.19,6.15
3431.8,19.4037989,-99.0949805,2238.4,5.04,6.42
3436.8,19.4038401,-99.0949993,2238.4,5.07,6.53
3441.8,19.4038836,-99.0950110,2238.3,5.12,6.52
3446.8,19.4039281,-99.0950180,2238.3,5.18,6.46
3451.8,19.4039729,-99.0950220,2238.3,5.25,6.40
3456.8,19.4040178,-99.0950248,2238.2,5.31,6.34
3461.8,19.4040627,-99.0950274,2238.2,5.37,6.28
3466.8,19.4041076,-99.0950301,2238.2,5.44,6.22
3471.8,19.4041526,-99.0950328,2238.2,5.50,6.16
3476.8,19.4041975,-99.0950356,2238.1,5.56,6.10
3481.8,19.4042424,-99.0950386,2238.1,5.63,6.04
3486.8,19.4042873,-99.0950417,2238.0,5.69,5.98
3491.8,19.4043321,-99.0950450,2237.8,5.76,5.92
3496.8,19.4043770,-99.0950485,2237.7,5.82,5.86
3501.8,19.4044219,-99.0950523,2237.4,5.88,5.80
3506.8,19.4044667,-99.0950563,2237.2,5.95,5.74
3511.8,19.4045115,-99.0950606,2236.9,6.01,5.67
3516.8,19.4045563,-99.0950652,2236.5,6.08,5.61
3521.8,19.4046010,-99.0950701,2236.1,6.14,5.58
3526.8,19.4046457,-99.0950754,2235.7,6.23,5.64
3531.8,19.4046904,-99.0950810,2235.3,6.33,5.73
3536.8,19.4047351,-99.0950869,2234.8,6.42,5.82
3541.8,19.4047797,-99.0950929,2234.3,6.52,5.91
3546.8,19.4048243,-99.0950991,2233.9,6.61,6.01
3551.8,19.4048689,-99.0951054,2233.4,6.70,6.10
3556.8,19.4049135,-99.0951116,2233.0,6.80,6.19
3561.8,19.4049581,-99.0951179,2232.6,6.89,6.28
3566.8,19.4050027,-99.0951242,2232.2,6.99,6.38
3571.8,19.4050473,-99.0951308,2231.9,7.08,6.47
3576.8,19.4050918,-99.0951377,2231.6,7.18,6.56
3581.8,19.4051362,-99.0951451,2231.4,7.27,6.66
3586.8,19.4051805,-99.0951532,2231.1,7.37,6.75
3591.8,19.4052247,-99.0951625,2231.0,7.33,7.03
3596.8,19.4052672,-99.0951775,2230.8,7.24,7.03
3601.8,19.4053032,-99.0952052,2230.6,7.12,6.42
3606.8,19.4053272,-99.0952448,2230.5,6.77,6.21
3611.9,19.4053382,-99.0952906,2230.3,6.35,6.03
3616.9,19.4053356,-99.0953377,2230.1,6.38,5.62
3621.9,19.4053195,-99.0953818,2230.0,6.56,5.27
3626.9,19.4052925,-99.0954196,2229.8,6.26,5.73
3631.9,19.4052590,-99.0954512,2229.7,5.94,6.12
3636.9,19.4052223,-99.0954788,2229.5,5.82,6.03
3641.9,19.4051846,-99.0955047,2229.5,5.73,5.85
3646.9,19.4051469,-99.0955308,2229.4,5.65,5.67
3651.9,19.4051102,-99.0955583,2229.4,5.56,5.48
3656.9,19.4050751,-99.0955881,2229.5,5.31,5.55
3661.9,19.4050430,-99.0956215,2229.7,4.85,5.94
3666.9,19.4050171,-99.0956603,2229.9,4.72,5.80
3671.9,19.4050031,-99.0957053,2230.2,4.88,5.28
3676.9,19.4050060,-99.0957526,2230.6,5.23,4.71
3681.9,19.4050183,-99.0957983,2231.2,5.05,5.46
3686.9,19.4050348,-99.0958426,2231.7,4.89,5.78
3691.9,19.4050590,-99.0958827,2232.4,4.84,5.62
3696.9,19.4050867,-99.0959203,2233.1,4.91,5.27
3701.9,19.4051083,-99.0959619,2233.8,5.33,4.45
3706.9,19.4051219,-99.0960073,2234.6,5.54,4.29
3711.9,19.4051311,-99.0960539,2235.3,5.60,4.49
3716.9,19.4051378,-99.0961011,2236.0,5.65,4.72
3721.9,19.4051431,-99.0961485,2236.6,5.70,4.94
3726.9,19.4051477,-99.0961959,2237.3,5.75,5.16
3731.9,19.4051519,-99.0962434,2237.8,5.80,5.39
3736.9,19.4051558,-99.0962909,2238.3,5.67,5.45
3741.9,19.4051595,-99.0963385,2238.6,5.50,5.48
3746.9,19.4051631,-99.0963860,2238.9,5.33,5.50
3751.9,19.4051667,-99.0964336,2239.1,5.15,5.53
3756.9,19.4051705,-99.0964811,2239.3,4.98,5.56
3761.9,19.4051748,-99.0965286,2239.3,4.81,5.59
3766.9,19.4051807,-99.0965758,2239.4,4.64,5.61
3771.9,19.4051895,-99.0966226,2239.4,4.62,5.68
3776.9,19.4052021,-99.0966684,2239.4,4.63,5.75
3781.9,19.4052191,-99.0967125,2239.4,4.64,5.82
3786.9,19.4052408,-99.0967543,2239.4,4.66,5.91
3791.9,19.4052674,-99.0967927,2239.6,4.92,6.23
3796.9,19.4053009,-99.0968243,2239.7,5.21,6.59
3801.9,19.4053427,-99.0968415,2239.9,5.53,6.82
3807.0,19.4053876,-99.0968444,2240.1,5.85,6.97
3812.0,19.4054324,-99.0968412,2240.4,6.18,7.12
3817.0,19.4054769,-99.0968339,2240.7,6.40,7.26
3822.0,19.4055208,-99.0968235,2241.1,6.58,7.39
3827.0,19.4055641,-99.0968107,2241.6,6.76,7.53
3832.0,19.4056070,-99.0967961,2242.0,6.94,7.66
3837.0,19.4056492,-99.0967796,2242.5,7.00,7.72
3842.0,19.4056907,-99.0967614,2242.9,6.93,7.70
3847.0,19.4057315,-99.0967413,2243.3,6.87,7.69
3852.0,19.4057715,-99.0967195,2243.7,6.80,7.67
3857.0,19.4058107,-99.0966959,2244.1,6.74,7.65
3862.0,19.4058488,-99.0966707,2244.4,6.68,7.52
3867.0,19.4058860,-99.0966438,2244.7,6.62,7.24
3872.0,19.4059223,-99.0966156,2244.9,6.56,6.96
3877.0,19.4059577,-99.0965862,2245.1,6.50,6.68
3882.0,19.4059923,-99.0965557,2245.1,6.39,6.50
3887.0,19.4060262,-99.0965243,2245.2,6.23,6.41
3892.0,19.4060594,-99.0964922,2245.2,6.07,6.32
3897.0,19.4060920,-99.0964593,2245.1,5.91,6.23
3902.0,19.4061238,-99.0964255,2245.0,5.78,6.14
3907.0,19.4061545,-99.0963907,2244.8,5.82,6.09
3912.0,19.4061840,-99.0963547,2244.6,5.85,6.10
3917.0,19.4062120,-99.0963173,2244.4,5.79,6.27
3922.0,19.4062382,-99.0962786,2244.2,5.76,6.43
3927.0,19.4062623,-99.0962383,2243.9,6.00,6.41
3932.0,19.4062841,-99.0961966,2243.6,6.25,6.38
3937.0,19.4063038,-99.0961537,2243.3,6.44,6.41
3942.0,19.4063212,-99.0961097,2242.9,6.59,6.46
3947.0,19.4063365,-99.0960648,2242.6,6.74,6.51
3952.0,19.4063498,-99.0960193,2242.2,6.61,6.77
3957.0,19.4063609,-99.0959730,2241.8,6.45,7.06
3962.0,19.4063700,-99.0959263,2241.5,6.29,7.35
3967.0,19.4063772,-99.0958793,2241.1,6.22,7.40
3972.0,19.4063829,-99.0958319,2240.7,6.20,7.34
3977.0,19.4063872,-99.0957845,2240.3,6.18,7.28
3982.0,19.4063907,-99.0957369,2240.0,6.16,7.21
3987.0,19.4063936,-99.0956893,2239.6,6.13,7.15
3992.0,19.4063962,-99.0956417,2239.3,6.11,7.09
3997.0,19.4063986,-99.0955941,2238.9,6.09,7.03
4002.1,19.4064000,-99.0955464,2238.6,6.07,6.96
4007.1,19.4063995,-99.0954987,2238.3,6.06,6.91
4012.1,19.4063963,-99.0954511,2238.1,6.08,6.90
4017.1,19.4063907,-99.0954038,2237.8,6.10,6.88
4022.1,19.4063838,-99.0953566,2237.6,6.12,6.86
4027.1,19.4063765,-99.0953096,2237.4,6.14,6.84
4032.1,19.4063696,-99.0952624,2237.2,6.17,6.82
4037.1,19.4063629,-99.0952153,2237.0,6.19,6.81
4042.1,19.4063563,-99.0951681,2236.8,6.21,6.79
4047.1,19.4063499,-99.0951209,2236.7,6.23,6.77
4052.1,19.4063436,-99.0950736,2236.5,6.25,6.75
4057.1,19.4063373,-99.0950264,2236.4,6.27,6.74
4062.1,19.4063310,-99.0949792,2236.2,6.30,6.72
4067.1,19.4063246,-99.0949320,2236.1,6.32,6.70
4072.1,19.4063182,-99.0948848,2235.9,6.34,6.68
4077.1,19.4063118,-99.0948375,2235.8,6.36,6.67
4082.1,19.4063053,-99.0947903,2235.6,6.38,6.65
4087.1,19.4062987,-99.0947432,2235.5,6.40,6.63
4092.1,19.4062921,-99.0946960,2235.4,6.43,6.61
4097.1,19.4062855,-99.0946488,2235.2,6.45,6.60
4102.1,19.4062788,-99.0946016,2235.1,6.46,6.60
4107.1,19.4062721,-99.0945545,2235.0,6.48,6.60
4112.1,19.4062653,-99.0945073,2234.9,6.50,6.60
4117.1,19.4062585,-99.0944602,2234.7,6.51,6.60
4122.1,19.4062516,-99.0944130,2234.7,6.53,6.60
4127.1,19.4062447,-99.0943659,2234.6,6.55,6.60
4132.1,19.4062378,-99.0943188,2234.6,6.56,6.60
4137.1,19.4062308,-99.0942716,2234.6,6.58,6.59
4142.1,19.4062238,-99.0942245,2234.6,6.59,6.59
4147.1,19.4062167,-99.0941774,2234.6,6.61,6.59
4152.1,19.4062096,-99.0941303,2234.7,6.63,6.59
4157.1,19.4062025,-99.0940832,2234.8,6.64,6.59
4162.1,19.4061954,-99.0940361,2234.9,6.66,6.59
4167.1,19.4061882,-99.0939890,2235.0,6.68,6.59
4172.1,19.4061810,-99.0939419,2235.1,6.69,6.59
4177.1,19.4061739,-99.0938948,2235.1,6.71,6.59
4182.1,19.4061667,-99.0938478,2235.2,6.73,6.59
4187.1,19.4061595,-99.0938007,2235.3,6.74,6.59
4192.1,19.4061523,-99.0937536,2235.3,6.76,6.59
4197.2,19.4061451,-99.0937065,2235.4,6.77,6.59
4202.2,19.4061379,-99.0936594,2235.4,6.79,6.59
4207.2,19.4061307,-99.0936123,2235.4,6.81,6.59
4212.2,19.4061235,-99.0935652,2235.4,6.82,6.59
4217.2,19.4061164,-99.0935182,2235.4,6.84,6.59
4222.2,19.4061093,-99.0934711,2235.4,6.86,6.59
4227.2,19.4061021,-99.0934240,2235.4,6.87,6.59
4232.2,19.4060950,-99.0933769,2235.4,6.89,6.59
4237.2,19.4060880,-99.0933298,2235.5,6.90,6.59
4242.2,19.4060810,-99.0932826,2235.5,6.92,6.59
4247.2,19.4060740,-99.0932355,2235.6,6.94,6.59
4252.2,19.4060670,-99.0931884,2235.7,6.95,6.59
4257.2,19.4060601,-99.0931413,2235.8,6.97,6.59
4262.2,19.4060532,-99.0930941,2235.9,6.99,6.59
4267.2,19.4060464,-99.0930470,2236.1,7.00,6.59
4272.2,19.4060396,-99.0929998,2236.2,7.02,6.59
4277.2,19.4060329,-99.0929527,2236.3,7.04,6.59
4282.2,19.4060262,-99.0929055,2236.4,7.05,6.59
4287.2,19.4060195,-99.0928583,2236.4,7.07,6.59
4292.2,19.4060129,-99.0928111,2236.5,7.08,6.59
