# miami: centreline in race direction, 5 m spacing. Source: OpenStreetMap contributors (ODbL); elevation srtm30m via OpenTopoData
# widths are metres from the centreline to the track edge (TUMFTM only, blank for OSM)
s_m,lat,lon,elev_m,w_right_m,w_left_m
0.0,25.9599655,-80.2389969,6.9,,
5.0,25.9599422,-80.2389541,7.1,,
10.0,25.9599189,-80.2389113,7.3,,
15.0,25.9598957,-80.2388685,7.6,,
20.0,25.9598724,-80.2388258,7.8,,
25.0,25.9598491,-80.2387830,8.1,,
30.0,25.9598258,-80.2387402,8.3,,
35.0,25.9598025,-80.2386974,8.6,,
40.0,25.9597792,-80.2386546,8.9,,
45.0,25.9597559,-80.2386119,9.3,,
50.0,25.9597326,-80.2385691,9.6,,
55.0,25.9597093,-80.2385263,10.0,,
60.0,25.9596860,-80.2384835,10.3,,
65.0,25.9596627,-80.2384408,10.7,,
70.0,25.9596395,-80.2383980,11.1,,
75.0,25.9596162,-80.2383552,11.4,,
80.0,25.9595929,-80.2383124,11.8,,
85.0,25.9595697,-80.2382696,12.0,,
90.0,25.9595464,-80.2382268,12.3,,
95.0,25.9595231,-80.2381840,12.4,,
100.0,25.9594998,-80.2381413,12.6,,
105.0,25.9594765,-80.2380985,12.6,,
110.0,25.9594532,-80.2380557,12.5,,
115.0,25.9594299,-80.2380129,12.4,,
120.0,25.9594066,-80.2379702,12.2,,
125.0,25.9593833,-80.2379274,11.9,,
130.0,25.9593600,-80.2378846,11.5,,
135.0,25.9593368,-80.2378418,11.1,,
140.0,25.9593135,-80.2377990,10.7,,
145.0,25.9592902,-80.2377563,10.3,,
150.0,25.9592669,-80.2377135,9.8,,
155.0,25.9592437,-80.2376707,9.4,,
160.0,25.9592205,-80.2376278,9.1,,
165.0,25.9591975,-80.2375849,8.8,,
170.0,25.9591744,-80.2375419,8.5,,
175.0,25.9591513,-80.2374990,8.4,,
180.0,25.9591282,-80.2374561,8.2,,
185.0,25.9591049,-80.2374133,8.3,,
190.0,25.9590817,-80.2373705,8.3,,
195.0,25.9590584,-80.2373277,8.4,,
200.0,25.9590352,-80.2372849,8.5,,
205.0,25.9590119,-80.2372421,8.8,,
210.0,25.9589887,-80.2371993,9.0,,
215.0,25.9589654,-80.2371565,9.2,,
220.0,25.9589422,-80.2371137,9.5,,
225.0,25.9589189,-80.2370709,9.8,,
230.0,25.9588957,-80.2370281,10.0,,
235.0,25.9588725,-80.2369852,10.3,,
240.0,25.9588493,-80.2369424,10.5,,
245.0,25.9588260,-80.2368996,10.7,,
250.0,25.9588028,-80.2368568,10.9,,
255.0,25.9587795,-80.2368140,11.0,,
260.0,25.9587563,-80.2367712,11.2,,
265.0,25.9587330,-80.2367284,11.2,,
270.0,25.9587096,-80.2366857,11.3,,
275.0,25.9586861,-80.2366430,11.3,,
280.0,25.9586627,-80.2366004,11.3,,
285.0,25.9586392,-80.2365577,11.2,,
290.0,25.9586158,-80.2365151,11.2,,
295.0,25.9585923,-80.2364724,11.1,,
300.0,25.9585688,-80.2364297,11.0,,
305.0,25.9585454,-80.2363871,10.9,,
310.0,25.9585220,-80.2363444,10.8,,
315.0,25.9584986,-80.2363017,10.7,,
320.0,25.9584752,-80.2362589,10.6,,
325.0,25.9584518,-80.2362162,10.5,,
330.0,25.9584284,-80.2361735,10.3,,
335.0,25.9584050,-80.2361308,10.2,,
340.0,25.9583816,-80.2360881,10.0,,
345.0,25.9583582,-80.2360454,9.8,,
350.0,25.9583348,-80.2360027,9.7,,
355.0,25.9583114,-80.2359600,9.4,,
360.0,25.9582881,-80.2359173,9.2,,
365.0,25.9582647,-80.2358746,8.9,,
370.0,25.9582413,-80.2358319,8.6,,
375.0,25.9582179,-80.2357891,8.2,,
380.0,25.9581945,-80.2357464,7.9,,
385.0,25.9581711,-80.2357037,7.5,,
390.0,25.9581477,-80.2356610,7.1,,
395.0,25.9581242,-80.2356184,6.6,,
400.0,25.9581005,-80.2355759,6.2,,
405.0,25.9580769,-80.2355333,5.8,,
410.0,25.9580532,-80.2354908,5.4,,
415.0,25.9580296,-80.2354483,5.0,,
420.0,25.9580059,-80.2354057,4.6,,
425.0,25.9579795,-80.2353654,4.3,,
430.0,25.9579502,-80.2353279,4.1,,
435.0,25.9579120,-80.2353015,3.9,,
440.0,25.9578684,-80.2352901,3.7,,
445.0,25.9578237,-80.2352867,3.7,,
450.0,25.9577795,-80.2352930,3.7,,
455.0,25.9577382,-80.2353116,3.8,,
460.0,25.9577032,-80.2353422,3.9,,
465.0,25.9576715,-80.2353778,4.1,,
470.0,25.9576399,-80.2354134,4.3,,
475.0,25.9576124,-80.2354529,4.6,,
480.0,25.9575849,-80.2354924,4.8,,
485.0,25.9575573,-80.2355320,5.1,,
490.0,25.9575298,-80.2355715,5.4,,
495.0,25.9575021,-80.2356108,5.6,,
500.0,25.9574741,-80.2356500,5.8,,
505.0,25.9574462,-80.2356892,6.0,,
510.0,25.9574183,-80.2357284,6.2,,
515.0,25.9573884,-80.2357657,6.2,,
520.0,25.9573568,-80.2358013,6.3,,
525.0,25.9573252,-80.2358369,6.3,,
530.0,25.9572905,-80.2358686,6.3,,
535.0,25.9572557,-80.2359003,6.2,,
540.0,25.9572173,-80.2359252,6.1,,
545.0,25.9571758,-80.2359444,5.9,,
550.0,25.9571321,-80.2359562,5.7,,
555.0,25.9570880,-80.2359652,5.5,,
560.0,25.9570431,-80.2359685,5.2,,
565.0,25.9569982,-80.2359682,4.9,,
570.0,25.9569536,-80.2359615,4.7,,
575.0,25.9569092,-80.2359538,4.4,,
580.0,25.9568649,-80.2359451,4.1,,
585.0,25.9568209,-80.2359353,3.8,,
590.0,25.9567770,-80.2359241,3.5,,
595.0,25.9567326,-80.2359167,3.2,,
600.0,25.9566877,-80.2359185,3.0,,
605.0,25.9566429,-80.2359227,2.8,,
610.0,25.9565981,-80.2359269,2.6,,
615.0,25.9565543,-80.2359383,2.4,,
620.0,25.9565108,-80.2359506,2.3,,
625.0,25.9564685,-80.2359677,2.3,,
630.0,25.9564263,-80.2359847,2.2,,
635.0,25.9563840,-80.2360018,2.3,,
640.0,25.9563434,-80.2360230,2.3,,
645.0,25.9563043,-80.2360475,2.4,,
650.0,25.9562683,-80.2360775,2.6,,
655.0,25.9562342,-80.2361100,2.8,,
660.0,25.9562019,-80.2361447,3.0,,
665.0,25.9561695,-80.2361794,3.3,,
670.0,25.9561372,-80.2362142,3.6,,
675.0,25.9561113,-80.2362551,4.0,,
680.0,25.9560854,-80.2362960,4.3,,
685.0,25.9560595,-80.2363369,4.7,,
690.0,25.9560336,-80.2363778,5.1,,
695.0,25.9560118,-80.2364213,5.5,,
700.0,25.9559915,-80.2364660,5.9,,
705.0,25.9559712,-80.2365106,6.3,,
710.0,25.9559509,-80.2365553,6.7,,
715.0,25.9559314,-80.2366002,7.1,,
720.0,25.9559140,-80.2366464,7.4,,
725.0,25.9558967,-80.2366925,7.7,,
730.0,25.9558793,-80.2367387,7.9,,
735.0,25.9558620,-80.2367848,8.1,,
740.0,25.9558497,-80.2368329,8.3,,
745.0,25.9558376,-80.2368811,8.3,,
750.0,25.9558255,-80.2369292,8.4,,
755.0,25.9558150,-80.2369778,8.3,,
760.0,25.9558054,-80.2370267,8.3,,
765.0,25.9557958,-80.2370756,8.2,,
770.0,25.9557862,-80.2371244,8.0,,
775.0,25.9557795,-80.2371738,7.8,,
780.0,25.9557736,-80.2372234,7.6,,
785.0,25.9557680,-80.2372730,7.3,,
790.0,25.9557655,-80.2373229,7.1,,
795.0,25.9557629,-80.2373729,6.9,,
800.0,25.9557606,-80.2374228,6.6,,
805.0,25.9557603,-80.2374728,6.4,,
810.0,25.9557600,-80.2375228,6.2,,
815.0,25.9557608,-80.2375728,6.1,,
820.0,25.9557654,-80.2376225,5.9,,
825.0,25.9557700,-80.2376723,5.8,,
830.0,25.9557746,-80.2377220,5.8,,
835.0,25.9557817,-80.2377714,5.8,,
840.0,25.9557898,-80.2378206,5.7,,
845.0,25.9557978,-80.2378698,5.8,,
850.0,25.9558085,-80.2379183,5.8,,
855.0,25.9558192,-80.2379669,5.9,,
860.0,25.9558306,-80.2380153,6.0,,
865.0,25.9558436,-80.2380632,6.1,,
870.0,25.9558566,-80.2381110,6.2,,
875.0,25.9558716,-80.2381582,6.3,,
880.0,25.9558871,-80.2382051,6.5,,
885.0,25.9559026,-80.2382520,6.6,,
890.0,25.9559181,-80.2382990,6.8,,
895.0,25.9559367,-80.2383444,6.9,,
900.0,25.9559575,-80.2383887,7.1,,
905.0,25.9559785,-80.2384330,7.3,,
910.0,25.9560004,-80.2384766,7.5,,
915.0,25.9560223,-80.2385203,7.6,,
920.0,25.9560447,-80.2385636,7.8,,
925.0,25.9560680,-80.2386065,8.0,,
930.0,25.9560912,-80.2386493,8.2,,
935.0,25.9561144,-80.2386921,8.4,,
940.0,25.9561376,-80.2387349,8.5,,
945.0,25.9561608,-80.2387778,8.7,,
950.0,25.9561840,-80.2388206,8.9,,
955.0,25.9562073,-80.2388634,9.0,,
960.0,25.9562305,-80.2389063,9.1,,
965.0,25.9562537,-80.2389491,9.3,,
970.0,25.9562771,-80.2389918,9.4,,
975.0,25.9563006,-80.2390344,9.5,,
980.0,25.9563241,-80.2390771,9.5,,
985.0,25.9563476,-80.2391197,9.6,,
990.0,25.9563711,-80.2391623,9.6,,
995.0,25.9563946,-80.2392050,9.6,,
1000.0,25.9564181,-80.2392476,9.6,,
1005.0,25.9564416,-80.2392902,9.6,,
1010.0,25.9564651,-80.2393329,9.6,,
1015.0,25.9564886,-80.2393755,9.5,,
1020.0,25.9565121,-80.2394181,9.5,,
1025.0,25.9565356,-80.2394608,9.4,,
1030.0,25.9565591,-80.2395034,9.3,,
1035.0,25.9565826,-80.2395460,9.3,,
1040.0,25.9566061,-80.2395887,9.2,,
1045.0,25.9566296,-80.2396313,9.1,,
1050.0,25.9566531,-80.2396739,9.1,,
1055.0,25.9566766,-80.2397166,9.1,,
1060.0,25.9567001,-80.2397592,9.1,,
1065.0,25.9567236,-80.2398018,9.1,,
1070.0,25.9567471,-80.2398445,9.1,,
1075.0,25.9567706,-80.2398871,9.1,,
1080.0,25.9567941,-80.2399297,9.2,,
1085.0,25.9568176,-80.2399724,9.2,,
1090.0,25.9568411,-80.2400150,9.3,,
1095.0,25.9568646,-80.2400576,9.3,,
1100.0,25.9568881,-80.2401003,9.4,,
1105.0,25.9569117,-80.2401429,9.5,,
1110.0,25.9569352,-80.2401855,9.5,,
1115.0,25.9569587,-80.2402281,9.6,,
1120.0,25.9569822,-80.2402707,9.6,,
1125.0,25.9570058,-80.2403134,9.7,,
1130.0,25.9570293,-80.2403560,9.7,,
1135.0,25.9570528,-80.2403986,9.7,,
1140.0,25.9570763,-80.2404412,9.7,,
1145.0,25.9571006,-80.2404833,9.7,,
1150.0,25.9571247,-80.2405256,9.7,,
1155.0,25.9571461,-80.2405695,9.7,,
1160.0,25.9571675,-80.2406135,9.7,,
1165.0,25.9571854,-80.2406594,9.6,,
1170.0,25.9572033,-80.2407052,9.6,,
1175.0,25.9572118,-80.2407544,9.6,,
1180.0,25.9572203,-80.2408035,9.6,,
1185.0,25.9572261,-80.2408530,9.6,,
1190.0,25.9572304,-80.2409028,9.6,,
1195.0,25.9572328,-80.2409527,9.6,,
1200.0,25.9572333,-80.2410027,9.6,,
1205.0,25.9572317,-80.2410526,9.6,,
1210.0,25.9572282,-80.2411025,9.6,,
1215.0,25.9572235,-80.2411522,9.5,,
1220.0,25.9572159,-80.2412015,9.5,,
1225.0,25.9572075,-80.2412505,9.4,,
1230.0,25.9571921,-80.2412975,9.3,,
1235.0,25.9571762,-80.2413443,9.2,,
1239.9,25.9571561,-80.2413890,9.0,,
1244.9,25.9571359,-80.2414337,8.8,,
1249.9,25.9571114,-80.2414755,8.7,,
1254.9,25.9570854,-80.2415163,8.5,,
1259.9,25.9570594,-80.2415571,8.3,,
1264.9,25.9570334,-80.2415979,8.1,,
1269.9,25.9570074,-80.2416387,7.9,,
1274.9,25.9569814,-80.2416795,7.7,,
1279.9,25.9569554,-80.2417203,7.6,,
1284.9,25.9569292,-80.2417609,7.5,,
1289.9,25.9569033,-80.2418018,7.3,,
1294.9,25.9568801,-80.2418446,7.3,,
1299.9,25.9568569,-80.2418874,7.3,,
1304.9,25.9568406,-80.2419341,7.4,,
1309.9,25.9568244,-80.2419807,7.4,,
1314.9,25.9568134,-80.2420292,7.6,,
1319.9,25.9568026,-80.2420777,7.7,,
1324.9,25.9567955,-80.2421271,8.0,,
1329.9,25.9567890,-80.2421766,8.2,,
1334.9,25.9567880,-80.2422264,8.4,,
1339.9,25.9567886,-80.2422765,8.7,,
1344.9,25.9567910,-80.2423263,8.9,,
1349.9,25.9567991,-80.2423755,9.2,,
1354.9,25.9568072,-80.2424246,9.4,,
1359.9,25.9568208,-80.2424722,9.6,,
1364.9,25.9568356,-80.2425194,9.8,,
1369.9,25.9568537,-80.2425652,10.0,,
1374.9,25.9568726,-80.2426106,10.1,,
1379.9,25.9568934,-80.2426546,10.3,,
1384.9,25.9569215,-80.2426936,10.4,,
1389.9,25.9569496,-80.2427326,10.5,,
1394.9,25.9569778,-80.2427717,10.5,,
1399.9,25.9570080,-80.2428086,10.6,,
1404.9,25.9570392,-80.2428446,10.5,,
1409.9,25.9570704,-80.2428807,10.5,,
1414.9,25.9571015,-80.2429167,10.5,,
1419.9,25.9571327,-80.2429528,10.4,,
1424.9,25.9571639,-80.2429888,10.2,,
1429.9,25.9571950,-80.2430249,10.1,,
1434.9,25.9572262,-80.2430609,9.9,,
1439.9,25.9572574,-80.2430970,9.7,,
1444.9,25.9572858,-80.2431354,9.4,,
1449.9,25.9573102,-80.2431774,9.1,,
1454.9,25.9573321,-80.2432209,8.8,,
1459.9,25.9573488,-80.2432673,8.5,,
1464.9,25.9573654,-80.2433138,8.1,,
1469.9,25.9573815,-80.2433604,7.7,,
1474.9,25.9573930,-80.2434088,7.3,,
1479.9,25.9574046,-80.2434571,6.9,,
1484.9,25.9574116,-80.2435065,6.6,,
1489.9,25.9574169,-80.2435561,6.2,,
1494.9,25.9574180,-80.2436061,5.8,,
1499.9,25.9574188,-80.2436561,5.4,,
1504.9,25.9574156,-80.2437059,5.1,,
1509.9,25.9574116,-80.2437557,4.8,,
1514.9,25.9574048,-80.2438051,4.5,,
1519.9,25.9573959,-80.2438541,4.3,,
1524.9,25.9573849,-80.2439026,4.1,,
1529.9,25.9573738,-80.2439511,3.9,,
1534.9,25.9573615,-80.2439991,3.9,,
1539.9,25.9573483,-80.2440470,3.8,,
1544.9,25.9573351,-80.2440948,3.8,,
1549.9,25.9573174,-80.2441407,3.8,,
1554.9,25.9572991,-80.2441863,3.9,,
1559.9,25.9572807,-80.2442320,3.9,,
1564.9,25.9572610,-80.2442768,4.1,,
1569.9,25.9572364,-80.2443187,4.2,,
1574.9,25.9572118,-80.2443605,4.3,,
1579.9,25.9571871,-80.2444024,4.5,,
1584.9,25.9571613,-80.2444431,4.7,,
1589.9,25.9571289,-80.2444777,4.8,,
1594.9,25.9570964,-80.2445123,5.0,,
1599.9,25.9570639,-80.2445469,5.1,,
1604.9,25.9570315,-80.2445815,5.3,,
1609.9,25.9569948,-80.2446101,5.4,,
1614.9,25.9569566,-80.2446366,5.5,,
1619.9,25.9569184,-80.2446629,5.7,,
1624.9,25.9568778,-80.2446845,5.8,,
1629.9,25.9568373,-80.2447061,5.9,,
1634.9,25.9567960,-80.2447256,6.0,,
1639.9,25.9567535,-80.2447419,6.1,,
1644.9,25.9567109,-80.2447579,6.1,,
1649.9,25.9566665,-80.2447657,6.2,,
1654.9,25.9566221,-80.2447735,6.3,,
1659.9,25.9565773,-80.2447768,6.4,,
1664.9,25.9565323,-80.2447780,6.4,,
1669.9,25.9564874,-80.2447773,6.5,,
1674.9,25.9564425,-80.2447758,6.5,,
1679.9,25.9563987,-80.2447648,6.6,,
1684.9,25.9563552,-80.2447523,6.6,,
1689.9,25.9563128,-80.2447356,6.6,,
1694.9,25.9562719,-80.2447155,6.6,,
1699.9,25.9562349,-80.2446871,6.6,,
1704.9,25.9562021,-80.2446534,6.6,,
1709.9,25.9561729,-80.2446155,6.6,,
1714.9,25.9561484,-80.2445736,6.5,,
1719.9,25.9561289,-80.2445286,6.5,,
1724.9,25.9561147,-80.2444815,6.5,,
1729.9,25.9561079,-80.2444322,6.5,,
1734.9,25.9561092,-80.2443822,6.5,,
1739.9,25.9561139,-80.2443325,6.5,,
1744.9,25.9561188,-80.2442828,6.6,,
1749.9,25.9561244,-80.2442332,6.7,,
1754.9,25.9561303,-80.2441836,6.8,,
1759.9,25.9561361,-80.2441340,6.9,,
1764.9,25.9561420,-80.2440844,7.1,,
1769.9,25.9561476,-80.2440348,7.2,,
1774.9,25.9561501,-80.2439849,7.4,,
1779.9,25.9561526,-80.2439349,7.6,,
1784.9,25.9561542,-80.2438850,7.8,,
1789.9,25.9561542,-80.2438350,7.9,,
1794.9,25.9561542,-80.2437850,8.1,,
1799.9,25.9561501,-80.2437352,8.2,,
1804.9,25.9561460,-80.2436854,8.4,,
1809.9,25.9561409,-80.2436357,8.5,,
1814.9,25.9561353,-80.2435861,8.6,,
1819.9,25.9561278,-80.2435368,8.7,,
1824.9,25.9561178,-80.2434881,8.8,,
1829.9,25.9561078,-80.2434393,8.8,,
1834.9,25.9560978,-80.2433905,8.9,,
1839.9,25.9560878,-80.2433418,8.9,,
1844.9,25.9560778,-80.2432930,9.0,,
1849.9,25.9560678,-80.2432443,9.0,,
1854.9,25.9560579,-80.2431955,9.1,,
1859.9,25.9560479,-80.2431467,9.1,,
1864.9,25.9560379,-80.2430980,9.1,,
1869.9,25.9560279,-80.2430492,9.2,,
1874.9,25.9560179,-80.2430005,9.2,,
1879.9,25.9560082,-80.2429516,9.3,,
1884.9,25.9559986,-80.2429028,9.3,,
1889.9,25.9559890,-80.2428539,9.4,,
1894.9,25.9559794,-80.2428050,9.4,,
1899.9,25.9559699,-80.2427562,9.4,,
1904.9,25.9559603,-80.2427073,9.4,,
1909.9,25.9559507,-80.2426585,9.4,,
1914.9,25.9559411,-80.2426096,9.4,,
1919.9,25.9559315,-80.2425607,9.4,,
1924.9,25.9559220,-80.2425119,9.2,,
1929.9,25.9559124,-80.2424630,9.1,,
1934.9,25.9559030,-80.2424141,8.9,,
1939.9,25.9558977,-80.2423645,8.8,,
1944.9,25.9558923,-80.2423148,8.5,,
1949.9,25.9558869,-80.2422652,8.2,,
1954.9,25.9558839,-80.2422153,7.9,,
1959.9,25.9558819,-80.2421653,7.6,,
1964.9,25.9558802,-80.2421154,7.2,,
1969.9,25.9558799,-80.2420654,6.9,,
1974.9,25.9558795,-80.2420153,6.5,,
1979.9,25.9558792,-80.2419653,6.1,,
1984.9,25.9558796,-80.2419153,5.8,,
1989.9,25.9558809,-80.2418653,5.4,,
1994.9,25.9558822,-80.2418154,5.1,,
1999.9,25.9558835,-80.2417654,4.8,,
2004.9,25.9558847,-80.2417154,4.6,,
2009.9,25.9558860,-80.2416654,4.4,,
2014.9,25.9558873,-80.2416154,4.3,,
2019.9,25.9558886,-80.2415654,4.2,,
2024.9,25.9558899,-80.2415154,4.1,,
2029.9,25.9558912,-80.2414654,4.1,,
2034.9,25.9558925,-80.2414154,4.2,,
2039.9,25.9558938,-80.2413655,4.3,,
2044.9,25.9558951,-80.2413155,4.4,,
2049.9,25.9558964,-80.2412655,4.6,,
2054.9,25.9558977,-80.2412155,4.8,,
2059.9,25.9558989,-80.2411655,5.0,,
2064.9,25.9559002,-80.2411155,5.1,,
2069.9,25.9559015,-80.2410655,5.3,,
2074.9,25.9559028,-80.2410155,5.5,,
2079.9,25.9559041,-80.2409655,5.6,,
2084.9,25.9559054,-80.2409156,5.7,,
2089.9,25.9559067,-80.2408656,5.8,,
2094.9,25.9559080,-80.2408156,5.8,,
2099.9,25.9559092,-80.2407656,5.8,,
2104.9,25.9559105,-80.2407156,5.7,,
2109.9,25.9559118,-80.2406656,5.7,,
2114.9,25.9559131,-80.2406156,5.6,,
2119.9,25.9559144,-80.2405656,5.5,,
2124.9,25.9559157,-80.2405156,5.5,,
2129.9,25.9559170,-80.2404657,5.4,,
2134.9,25.9559183,-80.2404157,5.4,,
2139.9,25.9559195,-80.2403657,5.4,,
2144.9,25.9559208,-80.2403157,5.5,,
2149.9,25.9559221,-80.2402657,5.5,,
2154.9,25.9559234,-80.2402157,5.7,,
2159.9,25.9559247,-80.2401657,5.8,,
2164.9,25.9559260,-80.2401157,6.0,,
2169.9,25.9559273,-80.2400657,6.2,,
2174.9,25.9559286,-80.2400158,6.5,,
2179.9,25.9559298,-80.2399658,6.7,,
2184.9,25.9559311,-80.2399158,7.0,,
2189.9,25.9559324,-80.2398658,7.3,,
2194.9,25.9559337,-80.2398158,7.6,,
2199.9,25.9559350,-80.2397658,7.8,,
2204.9,25.9559363,-80.2397158,8.1,,
2209.9,25.9559372,-80.2396658,8.4,,
2214.9,25.9559379,-80.2396158,8.6,,
2219.9,25.9559373,-80.2395658,8.8,,
2224.9,25.9559362,-80.2395158,9.0,,
2229.9,25.9559310,-80.2394663,9.2,,
2234.9,25.9559233,-80.2394170,9.3,,
2239.9,25.9559150,-80.2393679,9.4,,
2244.9,25.9559061,-80.2393188,9.5,,
2249.9,25.9558957,-80.2392702,9.6,,
2254.9,25.9558840,-80.2392219,9.6,,
2259.9,25.9558723,-80.2391737,9.7,,
2264.9,25.9558606,-80.2391254,9.6,,
2269.9,25.9558482,-80.2390773,9.6,,
2274.9,25.9558334,-80.2390301,9.5,,
2279.9,25.9558187,-80.2389829,9.5,,
2284.9,25.9558039,-80.2389356,9.3,,
2289.9,25.9557891,-80.2388884,9.2,,
2294.9,25.9557738,-80.2388414,9.0,,
2299.9,25.9557585,-80.2387943,8.9,,
2304.9,25.9557432,-80.2387473,8.7,,
2309.9,25.9557279,-80.2387003,8.5,,
2314.9,25.9557126,-80.2386533,8.3,,
2319.9,25.9556974,-80.2386062,8.1,,
2324.9,25.9556821,-80.2385592,7.9,,
2329.9,25.9556671,-80.2385120,7.7,,
2334.9,25.9556527,-80.2384647,7.5,,
2339.9,25.9556383,-80.2384173,7.4,,
2344.9,25.9556239,-80.2383699,7.3,,
2349.9,25.9556094,-80.2383226,7.2,,
2354.9,25.9555950,-80.2382752,7.1,,
2359.9,25.9555806,-80.2382278,7.1,,
2364.9,25.9555662,-80.2381805,7.1,,
2369.9,25.9555517,-80.2381331,7.2,,
2374.9,25.9555361,-80.2380862,7.3,,
2379.9,25.9555202,-80.2380394,7.4,,
2384.9,25.9555044,-80.2379926,7.5,,
2389.9,25.9554885,-80.2379458,7.6,,
2394.9,25.9554746,-80.2378983,7.8,,
2399.9,25.9554612,-80.2378506,8.0,,
2404.9,25.9554478,-80.2378028,8.2,,
2409.9,25.9554344,-80.2377551,8.4,,
2414.9,25.9554210,-80.2377073,8.5,,
2419.9,25.9554076,-80.2376596,8.7,,
2424.9,25.9553942,-80.2376119,8.9,,
2429.9,25.9553809,-80.2375641,9.0,,
2434.9,25.9553694,-80.2375157,9.1,,
2439.9,25.9553580,-80.2374674,9.2,,
2444.9,25.9553465,-80.2374190,9.2,,
2449.9,25.9553351,-80.2373707,9.2,,
2454.9,25.9553236,-80.2373223,9.2,,
2459.9,25.9553122,-80.2372739,9.1,,
2464.9,25.9553030,-80.2372250,9.0,,
2469.9,25.9552944,-80.2371759,8.9,,
2474.9,25.9552857,-80.2371268,8.7,,
2479.9,25.9552771,-80.2370778,8.6,,
2484.9,25.9552704,-80.2370283,8.4,,
2489.9,25.9552653,-80.2369787,8.2,,
2494.9,25.9552601,-80.2369290,7.9,,
2499.9,25.9552550,-80.2368793,7.7,,
2504.9,25.9552501,-80.2368296,7.6,,
2509.9,25.9552464,-80.2367798,7.4,,
2514.9,25.9552428,-80.2367299,7.2,,
2519.9,25.9552392,-80.2366801,7.1,,
2524.9,25.9552356,-80.2366302,7.0,,
2529.9,25.9552320,-80.2365804,6.9,,
2534.9,25.9552306,-80.2365304,6.8,,
2539.9,25.9552309,-80.2364804,6.8,,
2544.9,25.9552313,-80.2364304,6.7,,
2549.9,25.9552316,-80.2363804,6.7,,
2554.9,25.9552319,-80.2363304,6.6,,
2559.9,25.9552323,-80.2362804,6.6,,
2564.9,25.9552343,-80.2362305,6.5,,
2569.9,25.9552376,-80.2361806,6.4,,
2574.9,25.9552409,-80.2361307,6.4,,
2579.9,25.9552442,-80.2360808,6.3,,
2584.9,25.9552475,-80.2360310,6.2,,
2589.9,25.9552508,-80.2359811,6.1,,
2594.9,25.9552541,-80.2359312,6.0,,
2599.9,25.9552574,-80.2358813,6.0,,
2604.9,25.9552638,-80.2358318,5.9,,
2609.9,25.9552706,-80.2357824,5.9,,
2614.9,25.9552775,-80.2357330,6.0,,
2619.9,25.9552843,-80.2356836,6.0,,
2624.9,25.9552912,-80.2356341,6.1,,
2629.9,25.9552980,-80.2355847,6.3,,
2634.9,25.9553063,-80.2355356,6.4,,
2639.9,25.9553178,-80.2354873,6.6,,
2644.9,25.9553294,-80.2354389,6.8,,
2649.9,25.9553409,-80.2353906,7.1,,
2654.9,25.9553528,-80.2353424,7.3,,
2659.9,25.9553655,-80.2352944,7.5,,
2664.9,25.9553782,-80.2352464,7.7,,
2669.9,25.9553908,-80.2351984,7.8,,
2674.9,25.9554039,-80.2351506,8.0,,
2679.9,25.9554177,-80.2351030,8.1,,
2684.9,25.9554315,-80.2350554,8.1,,
2689.9,25.9554453,-80.2350078,8.1,,
2694.9,25.9554606,-80.2349608,8.0,,
2699.9,25.9554761,-80.2349138,8.0,,
2704.9,25.9554916,-80.2348669,7.8,,
2709.9,25.9555072,-80.2348200,7.7,,
2714.9,25.9555227,-80.2347731,7.5,,
2719.9,25.9555383,-80.2347261,7.3,,
2724.9,25.9555538,-80.2346792,7.0,,
2729.9,25.9555694,-80.2346323,6.8,,
2734.9,25.9555849,-80.2345854,6.6,,
2739.9,25.9556004,-80.2345384,6.4,,
2744.9,25.9556160,-80.2344915,6.2,,
2749.9,25.9556315,-80.2344446,6.0,,
2754.9,25.9556471,-80.2343977,5.8,,
2759.9,25.9556626,-80.2343507,5.7,,
2764.9,25.9556782,-80.2343038,5.6,,
2769.9,25.9556937,-80.2342569,5.5,,
2774.9,25.9557093,-80.2342100,5.4,,
2779.9,25.9557248,-80.2341630,5.4,,
2784.9,25.9557403,-80.2341161,5.4,,
2789.9,25.9557559,-80.2340692,5.4,,
2794.9,25.9557714,-80.2340222,5.4,,
2799.9,25.9557870,-80.2339753,5.5,,
2804.9,25.9558029,-80.2339286,5.6,,
2809.9,25.9558194,-80.2338820,5.7,,
2814.9,25.9558359,-80.2338355,5.8,,
2819.9,25.9558516,-80.2337887,5.9,,
2824.9,25.9558672,-80.2337417,6.1,,
2829.9,25.9558827,-80.2336948,6.2,,
2834.9,25.9558983,-80.2336479,6.3,,
2839.9,25.9559138,-80.2336010,6.4,,
2844.9,25.9559294,-80.2335540,6.5,,
2849.9,25.9559449,-80.2335071,6.6,,
2854.9,25.9559605,-80.2334602,6.6,,
2859.9,25.9559760,-80.2334133,6.6,,
2864.9,25.9559916,-80.2333663,6.5,,
2869.9,25.9560071,-80.2333194,6.5,,
2874.9,25.9560227,-80.2332725,6.3,,
2879.9,25.9560382,-80.2332256,6.2,,
2884.9,25.9560538,-80.2331786,6.0,,
2889.9,25.9560693,-80.2331317,5.9,,
2894.9,25.9560849,-80.2330848,5.7,,
2899.9,25.9561004,-80.2330379,5.5,,
2904.9,25.9561160,-80.2329910,5.3,,
2909.9,25.9561317,-80.2329441,5.1,,
2914.9,25.9561481,-80.2328976,5.0,,
2919.9,25.9561645,-80.2328510,4.8,,
2924.9,25.9561809,-80.2328044,4.7,,
2929.9,25.9561973,-80.2327578,4.6,,
2934.9,25.9562137,-80.2327113,4.6,,
2939.9,25.9562301,-80.2326647,4.6,,
2944.9,25.9562471,-80.2326184,4.6,,
2949.9,25.9562653,-80.2325727,4.7,,
2954.9,25.9562836,-80.2325270,4.8,,
2959.9,25.9563018,-80.2324813,4.8,,
2964.9,25.9563201,-80.2324356,5.0,,
2969.9,25.9563383,-80.2323899,5.1,,
2974.9,25.9563565,-80.2323442,5.3,,
2979.9,25.9563753,-80.2322987,5.4,,
2984.9,25.9563941,-80.2322533,5.6,,
2989.9,25.9564128,-80.2322078,5.8,,
2994.9,25.9564316,-80.2321624,6.0,,
2999.9,25.9564512,-80.2321174,6.2,,
3004.9,25.9564714,-80.2320727,6.4,,
3009.9,25.9564916,-80.2320281,6.6,,
3014.9,25.9565118,-80.2319834,6.8,,
3019.9,25.9565321,-80.2319387,7.0,,
3024.9,25.9565524,-80.2318941,7.1,,
3029.9,25.9565735,-80.2318500,7.2,,
3034.9,25.9565947,-80.2318059,7.3,,
3039.9,25.9566159,-80.2317617,7.4,,
3044.9,25.9566385,-80.2317186,7.4,,
3049.9,25.9566617,-80.2316757,7.4,,
3054.9,25.9566849,-80.2316329,7.3,,
3059.9,25.9567081,-80.2315900,7.2,,
3064.9,25.9567313,-80.2315472,7.0,,
3069.9,25.9567545,-80.2315044,6.9,,
3074.9,25.9567777,-80.2314615,6.7,,
3079.9,25.9568009,-80.2314187,6.5,,
3084.9,25.9568241,-80.2313759,6.2,,
3089.9,25.9568473,-80.2313330,6.0,,
3094.9,25.9568705,-80.2312902,5.8,,
3099.9,25.9568937,-80.2312473,5.5,,
3104.9,25.9569169,-80.2312045,5.3,,
3109.9,25.9569401,-80.2311617,5.1,,
3114.9,25.9569633,-80.2311188,5.0,,
3119.9,25.9569865,-80.2310760,4.8,,
3124.9,25.9570097,-80.2310332,4.7,,
3129.9,25.9570329,-80.2309903,4.6,,
3134.9,25.9570562,-80.2309475,4.6,,
3139.9,25.9570794,-80.2309046,4.5,,
3144.9,25.9571026,-80.2308618,4.5,,
3149.9,25.9571258,-80.2308190,4.5,,
3154.9,25.9571499,-80.2307768,4.5,,
3159.9,25.9571759,-80.2307360,4.5,,
3164.9,25.9572061,-80.2306990,4.5,,
3169.9,25.9572392,-80.2306656,4.5,,
3174.9,25.9572787,-80.2306420,4.5,,
3179.9,25.9573221,-80.2306305,4.5,,
3184.9,25.9573668,-80.2306315,4.5,,
3189.9,25.9574100,-80.2306447,4.4,,
3194.9,25.9574465,-80.2306732,4.4,,
3199.9,25.9574714,-80.2307145,4.4,,
3204.9,25.9574939,-80.2307578,4.4,,
3209.9,25.9575166,-80.2308009,4.5,,
3214.9,25.9575406,-80.2308432,4.5,,
3219.9,25.9575645,-80.2308856,4.6,,
3224.9,25.9575885,-80.2309279,4.7,,
3229.9,25.9576124,-80.2309702,4.8,,
3234.9,25.9576364,-80.2310125,4.9,,
3239.9,25.9576624,-80.2310532,5.0,,
3244.9,25.9576910,-80.2310917,5.1,,
3249.9,25.9577205,-80.2311294,5.3,,
3254.9,25.9577531,-80.2311638,5.4,,
3259.9,25.9577885,-80.2311946,5.6,,
3264.9,25.9578271,-80.2312201,5.7,,
3269.9,25.9578692,-80.2312376,5.9,,
3274.9,25.9579115,-80.2312544,6.0,,
3279.9,25.9579548,-80.2312677,6.2,,
3284.9,25.9579987,-80.2312774,6.4,,
3289.9,25.9580436,-80.2312801,6.5,,
3294.9,25.9580885,-80.2312782,6.7,,
3299.9,25.9581334,-80.2312757,6.9,,
3304.9,25.9581773,-80.2312650,7.1,,
3309.9,25.9582212,-80.2312542,7.3,,
3314.9,25.9582627,-80.2312349,7.5,,
3319.9,25.9583038,-80.2312148,7.7,,
3324.9,25.9583395,-80.2311846,7.9,,
3329.9,25.9583736,-80.2311522,8.1,,
3334.9,25.9584004,-80.2311121,8.2,,
3339.9,25.9584256,-80.2310709,8.4,,
3344.9,25.9584412,-80.2310241,8.5,,
3349.9,25.9584525,-80.2309757,8.6,,
3354.9,25.9584587,-80.2309262,8.7,,
3359.9,25.9584608,-80.2308763,8.8,,
3364.9,25.9584606,-80.2308263,8.9,,
3369.9,25.9584599,-80.2307763,8.9,,
3374.9,25.9584592,-80.2307263,9.0,,
3379.9,25.9584586,-80.2306763,9.0,,
3384.9,25.9584579,-80.2306263,9.1,,
3389.9,25.9584572,-80.2305763,9.1,,
3394.9,25.9584566,-80.2305263,9.1,,
3399.9,25.9584559,-80.2304763,9.2,,
3404.9,25.9584552,-80.2304263,9.2,,
3409.9,25.9584545,-80.2303763,9.3,,
3414.9,25.9584587,-80.2303266,9.4,,
3419.9,25.9584703,-80.2302782,9.4,,
3424.9,25.9584864,-80.2302315,9.5,,
3429.9,25.9585080,-80.2301879,9.5,,
3434.9,25.9585345,-80.2301474,9.5,,
3439.9,25.9585634,-80.2301092,9.6,,
3444.9,25.9585967,-80.2300756,9.6,,
3449.9,25.9586305,-80.2300426,9.6,,
3454.9,25.9586690,-80.2300168,9.5,,
3459.9,25.9587075,-80.2299910,9.5,,
3464.9,25.9587460,-80.2299652,9.3,,
3469.9,25.9587851,-80.2299404,9.2,,
3474.9,25.9588243,-80.2299160,9.0,,
3479.9,25.9588635,-80.2298916,8.9,,
3484.9,25.9589028,-80.2298671,8.6,,
3489.9,25.9589420,-80.2298427,8.4,,
3494.9,25.9589812,-80.2298182,8.1,,
3499.9,25.9590204,-80.2297938,7.8,,
3504.9,25.9590624,-80.2297762,7.5,,
3509.9,25.9591065,-80.2297733,7.1,,
3514.9,25.9591454,-80.2297963,6.8,,
3519.9,25.9591675,-80.2298391,6.4,,
3524.9,25.9591796,-80.2298873,6.0,,
3529.9,25.9591923,-80.2299352,5.7,,
3534.9,25.9592142,-80.2299784,5.3,,
3539.9,25.9592534,-80.2300002,4.9,,
3544.9,25.9592981,-80.2299981,4.5,,
3549.9,25.9593424,-80.2299896,4.1,,
3554.9,25.9593861,-80.2299778,3.7,,
3559.9,25.9594296,-80.2299654,3.4,,
3564.9,25.9594731,-80.2299527,3.0,,
3569.9,25.9595166,-80.2299400,2.7,,
3574.9,25.9595601,-80.2299273,2.5,,
3579.9,25.9596036,-80.2299146,2.3,,
3584.9,25.9596471,-80.2299019,2.1,,
3589.9,25.9596906,-80.2298892,2.0,,
3594.9,25.9597340,-80.2298765,2.0,,
3599.9,25.9597775,-80.2298638,2.1,,
3604.9,25.9598210,-80.2298511,2.2,,
3609.9,25.9598645,-80.2298384,2.4,,
3614.9,25.9599080,-80.2298256,2.7,,
3619.9,25.9599517,-80.2298142,3.0,,
3624.9,25.9599965,-80.2298103,3.4,,
3629.9,25.9600396,-80.2298229,3.7,,
3634.9,25.9600736,-80.2298546,4.2,,
3639.9,25.9600970,-80.2298968,4.6,,
3644.9,25.9601106,-80.2299444,5.1,,
3649.9,25.9601173,-80.2299938,5.6,,
3654.9,25.9601211,-80.2300436,6.0,,
3659.9,25.9601230,-80.2300936,6.5,,
3664.9,25.9601250,-80.2301436,6.9,,
3669.9,25.9601269,-80.2301935,7.3,,
3674.9,25.9601289,-80.2302435,7.6,,
3679.9,25.9601308,-80.2302935,8.0,,
3684.9,25.9601327,-80.2303434,8.3,,
3689.9,25.9601347,-80.2303934,8.6,,
3694.9,25.9601366,-80.2304433,8.8,,
3699.9,25.9601386,-80.2304933,9.1,,
3704.9,25.9601405,-80.2305433,9.3,,
3709.8,25.9601424,-80.2305932,9.5,,
3714.8,25.9601444,-80.2306432,9.7,,
3719.8,25.9601463,-80.2306932,9.9,,
3724.8,25.9601483,-80.2307431,10.0,,
3729.8,25.9601502,-80.2307931,10.2,,
3734.8,25.9601521,-80.2308430,10.3,,
3739.8,25.9601541,-80.2308930,10.4,,
3744.8,25.9601560,-80.2309430,10.5,,
3749.8,25.9601580,-80.2309929,10.5,,
3754.8,25.9601599,-80.2310429,10.6,,
3759.8,25.9601618,-80.2310929,10.6,,
3764.8,25.9601638,-80.2311428,10.6,,
3769.8,25.9601657,-80.2311928,10.6,,
3774.8,25.9601677,-80.2312427,10.6,,
3779.8,25.9601696,-80.2312927,10.6,,
3784.8,25.9601715,-80.2313427,10.5,,
3789.8,25.9601735,-80.2313926,10.4,,
3794.8,25.9601754,-80.2314426,10.3,,
3799.8,25.9601774,-80.2314926,10.2,,
3804.8,25.9601793,-80.2315425,10.1,,
3809.8,25.9601812,-80.2315925,10.0,,
3814.8,25.9601832,-80.2316425,9.9,,
3819.8,25.9601851,-80.2316924,9.8,,
3824.8,25.9601871,-80.2317424,9.7,,
3829.8,25.9601890,-80.2317923,9.5,,
3834.8,25.9601909,-80.2318423,9.5,,
3839.8,25.9601929,-80.2318923,9.4,,
3844.8,25.9601948,-80.2319422,9.3,,
3849.8,25.9601968,-80.2319922,9.2,,
3854.8,25.9601987,-80.2320422,9.1,,
3859.8,25.9602006,-80.2320921,9.1,,
3864.8,25.9602026,-80.2321421,9.0,,
3869.8,25.9602045,-80.2321920,8.9,,
3874.8,25.9602065,-80.2322420,8.8,,
3879.8,25.9602084,-80.2322920,8.8,,
3884.8,25.9602103,-80.2323419,8.7,,
3889.8,25.9602123,-80.2323919,8.6,,
3894.8,25.9602142,-80.2324419,8.5,,
3899.8,25.9602162,-80.2324918,8.3,,
3904.8,25.9602181,-80.2325418,8.2,,
3909.8,25.9602200,-80.2325917,8.1,,
3914.8,25.9602220,-80.2326417,7.9,,
3919.8,25.9602239,-80.2326917,7.8,,
3924.8,25.9602259,-80.2327416,7.6,,
3929.8,25.9602278,-80.2327916,7.4,,
3934.8,25.9602298,-80.2328416,7.3,,
3939.8,25.9602317,-80.2328915,7.2,,
3944.8,25.9602336,-80.2329415,7.0,,
3949.8,25.9602356,-80.2329914,6.9,,
3954.8,25.9602375,-80.2330414,6.8,,
3959.8,25.9602395,-80.2330914,6.7,,
3964.8,25.9602414,-80.2331413,6.7,,
3969.8,25.9602433,-80.2331913,6.6,,
3974.8,25.9602453,-80.2332413,6.6,,
3979.8,25.9602472,-80.2332912,6.6,,
3984.8,25.9602492,-80.2333412,6.7,,
3989.8,25.9602511,-80.2333912,6.7,,
3994.8,25.9602530,-80.2334411,6.8,,
3999.8,25.9602550,-80.2334911,6.8,,
4004.8,25.9602569,-80.2335410,6.9,,
4009.8,25.9602589,-80.2335910,7.0,,
4014.8,25.9602608,-80.2336410,7.1,,
4019.8,25.9602627,-80.2336909,7.2,,
4024.8,25.9602647,-80.2337409,7.3,,
4029.8,25.9602666,-80.2337909,7.4,,
4034.8,25.9602686,-80.2338408,7.5,,
4039.8,25.9602705,-80.2338908,7.6,,
4044.8,25.9602724,-80.2339407,7.7,,
4049.8,25.9602744,-80.2339907,7.7,,
4054.8,25.9602763,-80.2340407,7.7,,
4059.8,25.9602783,-80.2340906,7.8,,
4064.8,25.9602802,-80.2341406,7.7,,
4069.8,25.9602821,-80.2341906,7.7,,
4074.8,25.9602841,-80.2342405,7.7,,
4079.8,25.9602860,-80.2342905,7.6,,
4084.8,25.9602876,-80.2343405,7.5,,
4089.8,25.9602875,-80.2343905,7.4,,
4094.8,25.9602873,-80.2344405,7.3,,
4099.8,25.9602872,-80.2344905,7.2,,
4104.8,25.9602871,-80.2345405,7.0,,
4109.8,25.9602870,-80.2345905,6.9,,
4114.8,25.9602869,-80.2346405,6.8,,
4119.8,25.9602868,-80.2346905,6.6,,
4124.8,25.9602867,-80.2347405,6.5,,
4129.8,25.9602865,-80.2347905,6.4,,
4134.8,25.9602864,-80.2348405,6.4,,
4139.8,25.9602863,-80.2348906,6.4,,
4144.8,25.9602862,-80.2349406,6.5,,
4149.8,25.9602861,-80.2349906,6.5,,
4154.8,25.9602860,-80.2350406,6.7,,
4159.8,25.9602859,-80.2350906,6.9,,
4164.8,25.9602857,-80.2351406,7.2,,
4169.8,25.9602856,-80.2351906,7.5,,
4174.8,25.9602855,-80.2352406,7.9,,
4179.8,25.9602854,-80.2352906,8.4,,
4184.8,25.9602853,-80.2353406,8.8,,
4189.8,25.9602852,-80.2353906,9.3,,
4194.8,25.9602851,-80.2354407,9.9,,
4199.8,25.9602849,-80.2354907,10.4,,
4204.8,25.9602862,-80.2355406,10.9,,
4209.8,25.9602883,-80.2355906,11.5,,
4214.8,25.9602905,-80.2356405,11.9,,
4219.8,25.9602926,-80.2356905,12.4,,
4224.8,25.9602948,-80.2357405,12.7,,
4229.8,25.9602969,-80.2357904,13.1,,
4234.8,25.9602991,-80.2358404,13.3,,
4239.8,25.9603012,-80.2358903,13.5,,
4244.8,25.9603033,-80.2359403,13.5,,
4249.8,25.9603055,-80.2359902,13.5,,
4254.8,25.9603076,-80.2360402,13.4,,
4259.8,25.9603098,-80.2360901,13.3,,
4264.8,25.9603119,-80.2361401,13.0,,
4269.8,25.9603141,-80.2361900,12.7,,
4274.8,25.9603162,-80.2362400,12.4,,
4279.8,25.9603183,-80.2362899,12.0,,
4284.8,25.9603205,-80.2363399,11.6,,
4289.8,25.9603226,-80.2363898,11.2,,
4294.8,25.9603248,-80.2364398,10.8,,
4299.8,25.9603269,-80.2364897,10.3,,
4304.8,25.9603291,-80.2365397,9.9,,
4309.8,25.9603312,-80.2365896,9.5,,
4314.8,25.9603333,-80.2366396,9.2,,
4319.8,25.9603355,-80.2366896,8.8,,
4324.8,25.9603376,-80.2367395,8.5,,
4329.8,25.9603398,-80.2367895,8.2,,
4334.8,25.9603419,-80.2368394,8.0,,
4339.8,25.9603441,-80.2368894,7.8,,
4344.8,25.9603462,-80.2369393,7.7,,
4349.8,25.9603483,-80.2369893,7.6,,
4354.8,25.9603505,-80.2370392,7.6,,
4359.8,25.9603526,-80.2370892,7.5,,
4364.8,25.9603548,-80.2371391,7.5,,
4369.8,25.9603569,-80.2371891,7.6,,
4374.8,25.9603591,-80.2372390,7.6,,
4379.8,25.9603612,-80.2372890,7.7,,
4384.8,25.9603633,-80.2373389,7.8,,
4389.8,25.9603655,-80.2373889,8.0,,
4394.8,25.9603676,-80.2374388,8.1,,
4399.8,25.9603698,-80.2374888,8.3,,
4404.8,25.9603719,-80.2375387,8.4,,
4409.8,25.9603741,-80.2375887,8.6,,
4414.8,25.9603762,-80.2376386,8.7,,
4419.8,25.9603783,-80.2376886,8.9,,
4424.8,25.9603805,-80.2377386,9.0,,
4429.8,25.9603826,-80.2377885,9.1,,
4434.8,25.9603848,-80.2378385,9.3,,
4439.8,25.9603869,-80.2378884,9.4,,
4444.8,25.9603891,-80.2379384,9.4,,
4449.8,25.9603912,-80.2379883,9.5,,
4454.8,25.9603933,-80.2380383,9.6,,
4459.8,25.9603955,-80.2380882,9.6,,
4464.8,25.9603976,-80.2381382,9.6,,
4469.8,25.9603998,-80.2381881,9.5,,
4474.8,25.9604019,-80.2382381,9.5,,
4479.8,25.9604041,-80.2382880,9.4,,
4484.8,25.9604062,-80.2383380,9.2,,
4489.8,25.9604083,-80.2383879,9.1,,
4494.8,25.9604105,-80.2384379,8.9,,
4499.8,25.9604126,-80.2384878,8.7,,
4504.8,25.9604148,-80.2385378,8.5,,
4509.8,25.9604169,-80.2385877,8.2,,
4514.8,25.9604191,-80.2386377,8.0,,
4519.8,25.9604212,-80.2386877,7.7,,
4524.8,25.9604233,-80.2387376,7.4,,
4529.8,25.9604255,-80.2387876,7.2,,
4534.8,25.9604276,-80.2388375,7.0,,
4539.8,25.9604298,-80.2388875,6.7,,
4544.8,25.9604319,-80.2389374,6.6,,
4549.8,25.9604341,-80.2389874,6.4,,
4554.8,25.9604362,-80.2390373,6.3,,
4559.8,25.9604383,-80.2390873,6.1,,
4564.8,25.9604405,-80.2391372,6.1,,
4569.8,25.9604426,-80.2391872,6.0,,
4574.8,25.9604445,-80.2392371,5.9,,
4579.8,25.9604465,-80.2392871,5.9,,
4584.8,25.9604484,-80.2393371,5.8,,
4589.8,25.9604503,-80.2393870,5.8,,
4594.8,25.9604522,-80.2394370,5.8,,
4599.8,25.9604542,-80.2394870,5.8,,
4604.8,25.9604561,-80.2395369,5.7,,
4609.8,25.9604580,-80.2395869,5.7,,
4614.8,25.9604599,-80.2396369,5.7,,
4619.8,25.9604618,-80.2396868,5.7,,
4624.8,25.9604638,-80.2397368,5.8,,
4629.8,25.9604657,-80.2397867,5.8,,
4634.8,25.9604676,-80.2398367,5.9,,
4639.8,25.9604695,-80.2398867,6.0,,
4644.8,25.9604714,-80.2399366,6.1,,
4649.8,25.9604734,-80.2399866,6.3,,
4654.8,25.9604753,-80.2400366,6.4,,
4659.8,25.9604772,-80.2400865,6.6,,
4664.8,25.9604791,-80.2401365,6.8,,
4669.8,25.9604810,-80.2401865,7.0,,
4674.8,25.9604830,-80.2402364,7.3,,
4679.8,25.9604852,-80.2402864,7.5,,
4684.8,25.9604874,-80.2403363,7.7,,
4689.8,25.9604897,-80.2403863,7.9,,
4694.8,25.9604919,-80.2404362,8.1,,
4699.8,25.9604941,-80.2404862,8.3,,
4704.8,25.9604963,-80.2405361,8.4,,
4709.8,25.9604985,-80.2405861,8.5,,
4714.8,25.9605008,-80.2406360,8.6,,
4719.8,25.9605030,-80.2406860,8.7,,
4724.8,25.9605052,-80.2407359,8.7,,
4729.8,25.9605074,-80.2407859,8.8,,
4734.8,25.9605096,-80.2408358,8.7,,
4739.8,25.9605119,-80.2408857,8.7,,
4744.8,25.9605141,-80.2409357,8.6,,
4749.8,25.9605163,-80.2409856,8.5,,
4754.8,25.9605185,-80.2410356,8.3,,
4759.8,25.9605207,-80.2410855,8.2,,
4764.8,25.9605230,-80.2411355,8.0,,
4769.8,25.9605252,-80.2411854,7.8,,
4774.8,25.9605274,-80.2412354,7.6,,
4779.8,25.9605292,-80.2412854,7.4,,
4784.8,25.9605309,-80.2413353,7.2,,
4789.8,25.9605326,-80.2413853,7.0,,
4794.8,25.9605343,-80.2414353,6.8,,
4799.8,25.9605360,-80.2414853,6.7,,
4804.8,25.9605377,-80.2415352,6.6,,
4809.8,25.9605394,-80.2415852,6.4,,
4814.8,25.9605411,-80.2416352,6.4,,
4819.8,25.9605428,-80.2416851,6.4,,
4824.8,25.9605444,-80.2417351,6.4,,
4829.8,25.9605461,-80.2417851,6.4,,
4834.8,25.9605478,-80.2418351,6.5,,
4839.8,25.9605495,-80.2418850,6.5,,
4844.8,25.9605512,-80.2419350,6.6,,
4849.8,25.9605529,-80.2419850,6.7,,
4854.8,25.9605546,-80.2420350,6.8,,
4859.8,25.9605563,-80.2420849,7.0,,
4864.8,25.9605580,-80.2421349,7.1,,
4869.8,25.9605597,-80.2421849,7.2,,
4874.8,25.9605614,-80.2422349,7.3,,
4879.8,25.9605631,-80.2422848,7.5,,
4884.8,25.9605648,-80.2423348,7.6,,
4889.8,25.9605665,-80.2423848,7.7,,
4894.8,25.9605682,-80.2424348,7.9,,
4899.8,25.9605699,-80.2424847,8.0,,
4904.8,25.9605716,-80.2425347,8.1,,
4909.8,25.9605733,-80.2425847,8.2,,
4914.8,25.9605750,-80.2426346,8.3,,
4919.8,25.9605767,-80.2426846,8.4,,
4924.8,25.9605784,-80.2427346,8.5,,
4929.8,25.9605790,-80.2427846,8.6,,
4934.8,25.9605784,-80.2428346,8.7,,
4939.8,25.9605723,-80.2428841,8.8,,
4944.8,25.9605580,-80.2429307,8.8,,
4949.8,25.9605310,-80.2429705,8.8,,
4954.8,25.9604914,-80.2429935,8.9,,
4959.8,25.9604475,-80.2430037,8.9,,
4964.8,25.9604027,-80.2430000,8.9,,
4969.8,25.9603592,-80.2429874,8.9,,
4974.8,25.9603191,-80.2429649,8.9,,
4979.8,25.9602825,-80.2429364,8.8,,
4984.8,25.9602503,-80.2429016,8.8,,
4989.8,25.9602224,-80.2428625,8.8,,
4994.8,25.9601963,-80.2428218,8.7,,
4999.8,25.9601704,-80.2427809,8.6,,
5004.8,25.9601447,-80.2427399,8.5,,
5009.8,25.9601189,-80.2426989,8.4,,
5014.8,25.9600932,-80.2426579,8.3,,
5019.8,25.9600674,-80.2426169,8.2,,
5024.8,25.9600417,-80.2425759,8.1,,
5029.8,25.9600160,-80.2425349,8.0,,
5034.8,25.9599902,-80.2424939,7.9,,
5039.8,25.9599647,-80.2424527,7.7,,
5044.8,25.9599395,-80.2424113,7.6,,
5049.8,25.9599142,-80.2423699,7.5,,
5054.8,25.9598890,-80.2423285,7.4,,
5059.8,25.9598638,-80.2422871,7.3,,
5064.8,25.9598397,-80.2422449,7.1,,
5069.8,25.9598163,-80.2422022,7.0,,
5074.8,25.9597929,-80.2421595,6.9,,
5079.8,25.9597744,-80.2421143,6.8,,
5084.8,25.9597603,-80.2420668,6.6,,
5089.8,25.9597462,-80.2420193,6.5,,
5094.8,25.9597368,-80.2419706,6.3,,
5099.8,25.9597315,-80.2419210,6.1,,
5104.8,25.9597261,-80.2418713,5.9,,
5109.8,25.9597215,-80.2418217,5.8,,
5114.8,25.9597251,-80.2417718,5.5,,
5119.8,25.9597288,-80.2417220,5.3,,
5124.8,25.9597325,-80.2416721,5.1,,
5129.8,25.9597417,-80.2416233,4.9,,
5134.8,25.9597523,-80.2415747,4.7,,
5139.8,25.9597630,-80.2415261,4.5,,
5144.8,25.9597817,-80.2414808,4.3,,
5149.8,25.9598018,-80.2414361,4.2,,
5154.8,25.9598219,-80.2413914,4.1,,
5159.8,25.9598420,-80.2413466,4.0,,
5164.8,25.9598622,-80.2413019,3.9,,
5169.8,25.9598823,-80.2412572,3.9,,
5174.8,25.9599024,-80.2412125,3.9,,
5179.8,25.9599223,-80.2411676,3.9,,
5184.8,25.9599415,-80.2411224,4.1,,
5189.8,25.9599607,-80.2410772,4.2,,
5194.8,25.9599799,-80.2410320,4.3,,
5199.8,25.9599991,-80.2409867,4.5,,
5204.8,25.9600182,-80.2409415,4.7,,
5209.8,25.9600373,-80.2408962,4.9,,
5214.8,25.9600563,-80.2408509,5.1,,
5219.8,25.9600754,-80.2408056,5.4,,
5224.8,25.9600939,-80.2407601,5.6,,
5229.8,25.9601096,-80.2407132,5.8,,
5234.8,25.9601253,-80.2406663,5.9,,
5239.8,25.9601410,-80.2406195,6.1,,
5244.8,25.9601567,-80.2405726,6.2,,
5249.8,25.9601702,-80.2405249,6.3,,
5254.8,25.9601827,-80.2404769,6.3,,
5259.8,25.9601952,-80.2404289,6.4,,
5264.8,25.9602078,-80.2403808,6.3,,
5269.8,25.9602152,-80.2403315,6.3,,
5274.8,25.9602226,-80.2402822,6.2,,
5279.8,25.9602299,-80.2402328,6.2,,
5284.8,25.9602344,-80.2401832,6.1,,
5289.8,25.9602359,-80.2401332,6.0,,
5294.8,25.9602373,-80.2400832,5.9,,
5299.8,25.9602388,-80.2400332,5.7,,
5304.8,25.9602388,-80.2399833,5.6,,
5309.8,25.9602379,-80.2399333,5.5,,
5314.8,25.9602369,-80.2398833,5.5,,
5319.8,25.9602360,-80.2398333,5.4,,
5324.8,25.9602318,-80.2397836,5.4,,
5329.8,25.9602245,-80.2397342,5.3,,
5334.8,25.9602173,-80.2396849,5.3,,
5339.8,25.9602100,-80.2396355,5.3,,
5344.8,25.9602008,-80.2395866,5.4,,
5349.8,25.9601895,-80.2395382,5.4,,
5354.8,25.9601782,-80.2394898,5.5,,
5359.8,25.9601669,-80.2394414,5.5,,
5364.8,25.9601532,-80.2393939,5.6,,
5369.8,25.9601373,-80.2393471,5.7,,
5374.8,25.9601213,-80.2393003,5.9,,
5379.8,25.9601046,-80.2392540,6.0,,
5384.8,25.9600813,-80.2392112,6.1,,
5389.8,25.9600580,-80.2391685,6.3,,
5394.8,25.9600349,-80.2391256,6.4,,
5399.8,25.9600118,-80.2390827,6.6,,
5404.8,25.9599886,-80.2390398,6.8,,
