# monaco: centreline in race direction, 5 m spacing. Source: OpenStreetMap contributors (ODbL); elevation eudem25m via OpenTopoData
# widths are metres from the centreline to the track edge (TUMFTM only, blank for OSM)
s_m,lat,lon,elev_m,w_right_m,w_left_m
0.0,43.7331499,7.4226056,6.5,,
5.0,43.7331135,7.4226422,6.6,,
10.0,43.7330774,7.4226792,6.8,,
15.0,43.7330430,7.4227192,6.9,,
20.0,43.7330086,7.4227593,7.1,,
25.0,43.7329755,7.4228014,7.3,,
30.0,43.7329442,7.4228460,7.4,,
35.0,43.7329147,7.4228929,7.6,,
40.0,43.7328855,7.4229403,7.8,,
45.0,43.7328591,7.4229907,8.1,,
50.0,43.7328354,7.4230435,8.3,,
55.0,43.7328140,7.4230982,8.6,,
60.0,43.7327943,7.4231541,8.9,,
65.0,43.7327752,7.4232105,9.2,,
70.0,43.7327563,7.4232669,9.5,,
75.0,43.7327373,7.4233233,10.0,,
80.0,43.7327144,7.4233768,10.4,,
85.0,43.7326896,7.4234287,10.8,,
90.0,43.7326552,7.4234659,11.3,,
95.0,43.7326132,7.4234876,11.8,,
100.0,43.7325691,7.4234984,12.3,,
105.0,43.7325259,7.4234831,12.8,,
110.0,43.7324907,7.4234457,13.3,,
115.0,43.7324677,7.4233924,13.8,,
120.0,43.7324539,7.4233332,14.3,,
125.0,43.7324417,7.4232733,14.8,,
130.0,43.7324294,7.4232134,15.3,,
135.0,43.7324172,7.4231536,15.6,,
140.0,43.7324049,7.4230937,16.0,,
145.0,43.7323926,7.4230339,16.3,,
150.0,43.7323829,7.4229732,16.7,,
155.0,43.7323753,7.4229118,16.9,,
160.0,43.7323686,7.4228503,17.1,,
165.0,43.7323638,7.4227885,17.2,,
170.0,43.7323618,7.4227263,17.3,,
175.0,43.7323628,7.4226641,17.2,,
180.0,43.7323650,7.4226020,17.2,,
185.0,43.7323766,7.4225420,17.1,,
190.0,43.7323992,7.4224888,16.9,,
195.0,43.7324310,7.4224451,16.7,,
200.0,43.7324715,7.4224195,16.4,,
205.0,43.7325161,7.4224141,16.1,,
210.0,43.7325606,7.4224056,15.8,,
215.0,43.7326043,7.4223914,15.4,,
220.0,43.7326470,7.4223717,15.0,,
225.0,43.7326881,7.4223467,14.6,,
230.0,43.7327274,7.4223166,14.3,,
235.0,43.7327645,7.4222813,13.9,,
240.0,43.7327993,7.4222419,13.6,,
245.0,43.7328341,7.4222026,13.2,,
250.0,43.7328692,7.4221637,12.9,,
255.0,43.7329062,7.4221283,12.6,,
260.0,43.7329440,7.4220947,12.3,,
265.0,43.7329823,7.4220621,12.1,,
270.0,43.7330205,7.4220293,11.8,,
275.0,43.7330585,7.4219959,11.5,,
280.0,43.7330964,7.4219626,11.3,,
285.0,43.7331344,7.4219293,11.0,,
290.0,43.7331740,7.4218999,10.7,,
295.0,43.7332138,7.4218707,10.4,,
300.0,43.7332541,7.4218434,10.1,,
305.0,43.7332945,7.4218160,9.8,,
310.0,43.7333371,7.4217962,9.5,,
315.0,43.7333800,7.4217778,9.2,,
320.0,43.7334231,7.4217600,8.8,,
325.0,43.7334665,7.4217436,8.4,,
330.0,43.7335100,7.4217280,8.1,,
335.0,43.7335535,7.4217120,7.7,,
340.0,43.7335966,7.4216946,7.3,,
345.0,43.7336396,7.4216763,6.9,,
350.0,43.7336826,7.4216579,6.5,,
355.0,43.7337255,7.4216396,6.2,,
360.0,43.7337687,7.4216221,5.8,,
365.0,43.7338119,7.4216049,5.5,,
370.0,43.7338551,7.4215875,5.1,,
375.0,43.7338982,7.4215700,4.9,,
380.0,43.7339414,7.4215526,4.6,,
385.0,43.7339847,7.4215359,4.4,,
390.0,43.7340280,7.4215193,4.2,,
395.0,43.7340714,7.4215025,4.0,,
400.0,43.7341147,7.4214858,3.9,,
405.0,43.7341581,7.4214697,3.8,,
410.0,43.7342016,7.4214538,3.7,,
415.0,43.7342451,7.4214380,3.7,,
420.0,43.7342888,7.4214235,3.7,,
425.0,43.7343327,7.4214104,3.7,,
430.0,43.7343767,7.4213972,3.8,,
435.0,43.7344210,7.4213864,3.9,,
440.0,43.7344653,7.4213757,4.0,,
445.0,43.7345096,7.4213657,4.1,,
450.0,43.7345540,7.4213559,4.3,,
455.0,43.7345984,7.4213461,4.4,,
460.0,43.7346428,7.4213363,4.6,,
465.0,43.7346872,7.4213265,4.8,,
470.0,43.7347317,7.4213167,5.1,,
475.0,43.7347761,7.4213069,5.3,,
480.0,43.7348207,7.4212993,5.6,,
485.0,43.7348653,7.4212919,5.9,,
490.0,43.7349100,7.4212845,6.2,,
495.0,43.7349546,7.4212771,6.5,,
500.0,43.7349993,7.4212698,6.8,,
505.0,43.7350440,7.4212634,7.2,,
510.0,43.7350888,7.4212587,7.6,,
515.0,43.7351337,7.4212541,8.0,,
520.0,43.7351785,7.4212494,8.4,,
525.0,43.7352233,7.4212447,8.8,,
530.0,43.7352682,7.4212396,9.2,,
535.0,43.7353130,7.4212346,9.7,,
540.0,43.7353578,7.4212293,10.2,,
545.0,43.7354025,7.4212229,10.7,,
550.0,43.7354474,7.4212197,11.2,,
555.0,43.7354923,7.4212165,11.7,,
560.0,43.7355372,7.4212133,12.3,,
565.0,43.7355821,7.4212101,12.8,,
570.0,43.7356270,7.4212080,13.4,,
575.0,43.7356720,7.4212090,14.0,,
580.0,43.7357170,7.4212100,14.6,,
585.0,43.7357619,7.4212110,15.2,,
590.0,43.7358068,7.4212144,15.8,,
595.0,43.7358517,7.4212186,16.4,,
600.0,43.7358965,7.4212229,17.0,,
605.0,43.7359414,7.4212272,17.6,,
610.0,43.7359862,7.4212315,18.3,,
615.0,43.7360308,7.4212393,18.9,,
620.0,43.7360753,7.4212481,19.5,,
625.0,43.7361199,7.4212561,20.1,,
630.0,43.7361643,7.4212660,20.7,,
635.0,43.7362083,7.4212787,21.3,,
640.0,43.7362522,7.4212922,21.8,,
645.0,43.7362960,7.4213064,22.4,,
650.0,43.7363395,7.4213223,23.0,,
655.0,43.7363825,7.4213401,23.5,,
660.0,43.7364254,7.4213588,24.1,,
665.0,43.7364683,7.4213776,24.7,,
670.0,43.7365112,7.4213963,25.2,,
675.0,43.7365541,7.4214150,25.7,,
680.0,43.7365975,7.4214310,26.3,,
685.0,43.7366418,7.4214415,26.7,,
690.0,43.7366863,7.4214499,27.2,,
695.0,43.7367309,7.4214583,27.6,,
700.0,43.7367753,7.4214679,28.0,,
705.0,43.7368197,7.4214776,28.3,,
710.0,43.7368639,7.4214888,28.6,,
715.0,43.7369064,7.4215087,28.7,,
720.0,43.7369430,7.4215436,28.8,,
725.0,43.7369675,7.4215950,28.8,,
730.0,43.7369779,7.4216553,28.8,,
735.0,43.7369837,7.4217170,28.6,,
740.0,43.7369896,7.4217787,28.4,,
745.0,43.7369954,7.4218404,28.1,,
750.0,43.7370012,7.4219021,27.8,,
755.0,43.7370071,7.4219638,27.5,,
760.0,43.7370129,7.4220255,27.1,,
765.0,43.7370187,7.4220873,26.7,,
770.0,43.7370248,7.4221489,26.4,,
775.0,43.7370312,7.4222105,26.0,,
780.0,43.7370375,7.4222721,25.7,,
785.0,43.7370438,7.4223337,25.4,,
790.0,43.7370502,7.4223953,25.1,,
795.0,43.7370565,7.4224570,24.9,,
800.0,43.7370629,7.4225186,24.7,,
805.0,43.7370700,7.4225800,24.6,,
810.0,43.7370780,7.4226412,24.5,,
815.0,43.7370861,7.4227025,24.4,,
820.0,43.7370941,7.4227637,24.4,,
825.0,43.7371038,7.4228244,24.4,,
830.0,43.7371136,7.4228852,24.5,,
835.0,43.7371245,7.4229455,24.5,,
840.0,43.7371362,7.4230056,24.6,,
845.0,43.7371478,7.4230658,24.8,,
850.0,43.7371595,7.4231259,24.9,,
855.0,43.7371722,7.4231856,25.1,,
860.0,43.7371850,7.4232452,25.3,,
865.0,43.7371979,7.4233048,25.6,,
870.0,43.7372108,7.4233644,25.8,,
875.0,43.7372237,7.4234240,26.1,,
880.0,43.7372366,7.4234837,26.3,,
885.0,43.7372496,7.4235432,26.6,,
890.0,43.7372626,7.4236028,26.9,,
895.0,43.7372754,7.4236624,27.2,,
900.0,43.7372882,7.4237221,27.5,,
905.0,43.7373006,7.4237820,27.8,,
910.0,43.7373127,7.4238419,28.1,,
915.0,43.7373249,7.4239018,28.3,,
920.0,43.7373371,7.4239617,28.6,,
925.0,43.7373491,7.4240216,28.8,,
930.0,43.7373606,7.4240818,29.0,,
935.0,43.7373721,7.4241419,29.2,,
940.0,43.7373832,7.4242022,29.4,,
945.0,43.7373904,7.4242637,29.6,,
950.0,43.7373977,7.4243251,29.8,,
955.0,43.7374039,7.4243867,29.9,,
960.0,43.7374090,7.4244485,30.1,,
965.0,43.7374141,7.4245103,30.2,,
970.0,43.7374193,7.4245722,30.3,,
975.0,43.7374241,7.4246340,30.5,,
980.0,43.7374288,7.4246959,30.7,,
985.0,43.7374330,7.4247579,30.9,,
990.0,43.7374372,7.4248198,31.1,,
995.0,43.7374425,7.4248816,31.3,,
1000.0,43.7374521,7.4249424,31.6,,
1005.0,43.7374669,7.4250011,31.9,,
1010.0,43.7374819,7.4250598,32.2,,
1015.0,43.7375011,7.4251161,32.6,,
1020.0,43.7375207,7.4251721,33.0,,
1025.0,43.7375402,7.4252281,33.4,,
1030.0,43.7375597,7.4252842,33.9,,
1035.0,43.7375793,7.4253402,34.4,,
1040.0,43.7375988,7.4253963,34.8,,
1045.0,43.7376183,7.4254523,35.3,,
1050.0,43.7376378,7.4255084,35.8,,
1055.0,43.7376574,7.4255644,36.3,,
1060.0,43.7376773,7.4256202,36.8,,
1065.0,43.7376972,7.4256760,37.2,,
1070.0,43.7377171,7.4257318,37.7,,
1075.0,43.7377357,7.4257885,38.1,,
1080.0,43.7377539,7.4258454,38.5,,
1085.0,43.7377691,7.4259039,38.9,,
1090.0,43.7377831,7.4259631,39.2,,
1095.0,43.7377965,7.4260225,39.5,,
1100.0,43.7378076,7.4260828,39.8,,
1105.0,43.7378188,7.4261431,40.0,,
1110.0,43.7378299,7.4262034,40.3,,
1115.0,43.7378423,7.4262632,40.4,,
1120.0,43.7378552,7.4263228,40.6,,
1125.0,43.7378681,7.4263824,40.7,,
1130.0,43.7378810,7.4264420,40.8,,
1135.0,43.7378941,7.4265015,40.8,,
1140.0,43.7379086,7.4265604,40.8,,
1145.0,43.7379245,7.4266186,40.8,,
1150.0,43.7379420,7.4266758,40.7,,
1155.0,43.7379300,7.4267112,40.7,,
1160.0,43.7379062,7.4267456,40.6,,
1165.0,43.7379099,7.4268076,40.5,,
1170.0,43.7379136,7.4268696,40.4,,
1175.0,43.7379197,7.4269312,40.3,,
1180.0,43.7379280,7.4269924,40.2,,
1185.0,43.7379358,7.4270537,40.2,,
1190.0,43.7379466,7.4271139,40.2,,
1195.0,43.7379604,7.4271732,40.2,,
1200.0,43.7379770,7.4272310,40.3,,
1205.0,43.7379949,7.4272880,40.4,,
1210.0,43.7380155,7.4273433,40.6,,
1215.0,43.7380384,7.4273968,40.9,,
1220.0,43.7380638,7.4274481,41.2,,
1225.0,43.7380912,7.4274974,41.6,,
1230.0,43.7381188,7.4275465,42.0,,
1235.0,43.7381486,7.4275931,42.4,,
1240.0,43.7381801,7.4276375,42.9,,
1245.0,43.7382124,7.4276806,43.5,,
1250.0,43.7382468,7.4277207,44.1,,
1255.0,43.7382829,7.4277579,44.7,,
1260.0,43.7383198,7.4277933,45.3,,
1265.0,43.7383588,7.4278242,45.9,,
1270.0,43.7384002,7.4278479,46.6,,
1275.0,43.7384436,7.4278640,47.2,,
1280.0,43.7384878,7.4278741,47.8,,
1285.0,43.7385328,7.4278758,48.4,,
1290.0,43.7385777,7.4278728,48.9,,
1295.0,43.7386224,7.4278667,49.4,,
1300.0,43.7386669,7.4278578,49.9,,
1305.0,43.7387113,7.4278479,50.3,,
1310.0,43.7387550,7.4278337,50.8,,
1315.0,43.7387979,7.4278154,51.1,,
1320.0,43.7388402,7.4277942,51.4,,
1325.0,43.7388820,7.4277714,51.6,,
1330.0,43.7389231,7.4277462,51.8,,
1335.0,43.7389636,7.4277191,52.0,,
1340.0,43.7390032,7.4276898,52.1,,
1345.0,43.7390410,7.4276631,52.2,,
1350.0,43.7390646,7.4276102,52.3,,
1355.0,43.7390944,7.4275637,52.3,,
1360.0,43.7391243,7.4275173,52.3,,
1365.0,43.7391542,7.4274708,52.3,,
1370.0,43.7391841,7.4274244,52.3,,
1375.0,43.7392143,7.4273783,52.3,,
1380.0,43.7392448,7.4273325,52.2,,
1385.0,43.7392771,7.4272893,52.1,,
1390.0,43.7393120,7.4272501,52.0,,
1395.0,43.7393507,7.4272187,51.9,,
1400.0,43.7393923,7.4271952,51.7,,
1405.0,43.7394355,7.4271782,51.5,,
1410.0,43.7394804,7.4271750,51.3,,
1415.0,43.7395248,7.4271833,51.1,,
1420.0,43.7395681,7.4272002,50.9,,
1425.0,43.7396098,7.4272231,50.6,,
1430.0,43.7396505,7.4272494,50.3,,
1435.0,43.7396899,7.4272795,50.0,,
1440.0,43.7397278,7.4273128,49.7,,
1445.0,43.7397641,7.4273496,49.5,,
1450.0,43.7398004,7.4273863,49.2,,
1455.0,43.7398368,7.4274228,48.9,,
1460.0,43.7398733,7.4274591,48.7,,
1465.0,43.7399098,7.4274954,48.4,,
1470.0,43.7399460,7.4275324,48.2,,
1475.0,43.7399822,7.4275693,48.0,,
1480.0,43.7400184,7.4276062,47.8,,
1485.0,43.7400546,7.4276431,47.6,,
1490.0,43.7400911,7.4276794,47.5,,
1495.0,43.7401277,7.4277156,47.3,,
1500.0,43.7401643,7.4277518,47.2,,
1505.0,43.7402008,7.4277881,47.0,,
1510.0,43.7402373,7.4278244,46.9,,
1515.0,43.7402737,7.4278610,46.7,,
1520.0,43.7403099,7.4278979,46.6,,
1525.0,43.7403456,7.4279357,46.4,,
1530.0,43.7403813,7.4279735,46.3,,
1535.0,43.7404170,7.4280113,46.1,,
1540.0,43.7404527,7.4280491,46.0,,
1545.0,43.7404887,7.4280865,45.8,,
1550.0,43.7405247,7.4281237,45.6,,
1555.0,43.7405608,7.4281609,45.4,,
1560.0,43.7405968,7.4281981,45.2,,
1565.0,43.7406329,7.4282353,45.0,,
1570.0,43.7406690,7.4282725,44.7,,
1575.0,43.7407050,7.4283096,44.5,,
1580.0,43.7407411,7.4283468,44.2,,
1585.0,43.7407771,7.4283840,44.0,,
1590.0,43.7408132,7.4284212,43.7,,
1595.0,43.7408492,7.4284584,43.4,,
1600.0,43.7408853,7.4284956,43.2,,
1605.0,43.7409213,7.4285327,42.8,,
1610.0,43.7409574,7.4285699,42.5,,
1615.0,43.7409935,7.4286071,42.1,,
1620.0,43.7410294,7.4286446,41.8,,
1625.0,43.7410649,7.4286828,41.4,,
1630.0,43.7410966,7.4287261,40.9,,
1635.0,43.7411108,7.4287846,40.5,,
1640.0,43.7411089,7.4288465,40.0,,
1645.0,43.7410980,7.4289067,39.5,,
1650.0,43.7410782,7.4289622,39.0,,
1655.0,43.7410499,7.4290104,38.5,,
1660.0,43.7410164,7.4290517,38.0,,
1665.0,43.7409783,7.4290843,37.5,,
1670.0,43.7409364,7.4291067,37.0,,
1675.0,43.7408921,7.4291163,36.5,,
1680.0,43.7408472,7.4291192,36.0,,
1685.0,43.7408022,7.4291205,35.5,,
1690.0,43.7407574,7.4291252,35.0,,
1695.0,43.7407133,7.4291371,34.5,,
1700.0,43.7406711,7.4291581,34.0,,
1705.0,43.7406313,7.4291871,33.5,,
1710.0,43.7405932,7.4292200,33.0,,
1715.0,43.7405562,7.4292555,32.5,,
1720.0,43.7405194,7.4292912,32.0,,
1725.0,43.7404825,7.4293268,31.5,,
1730.0,43.7404460,7.4293630,31.0,,
1735.0,43.7404089,7.4293983,30.5,,
1740.0,43.7403702,7.4294298,30.0,,
1745.0,43.7403301,7.4294581,29.5,,
1750.0,43.7402876,7.4294783,29.1,,
1755.0,43.7402475,7.4295056,28.7,,
1760.0,43.7402163,7.4295494,28.3,,
1765.0,43.7402054,7.4296085,28.1,,
1770.0,43.7402175,7.4296678,27.8,,
1775.0,43.7402452,7.4297159,27.7,,
1780.0,43.7402851,7.4297437,27.6,,
1785.0,43.7403297,7.4297432,27.7,,
1790.0,43.7403690,7.4297149,27.7,,
1795.0,43.7404024,7.4296731,27.9,,
1800.0,43.7404341,7.4296291,28.1,,
1805.0,43.7404655,7.4295846,28.5,,
1810.0,43.7404994,7.4295438,28.8,,
1815.0,43.7405350,7.4295059,29.1,,
1820.0,43.7405712,7.4294689,29.5,,
1825.0,43.7406074,7.4294319,29.8,,
1830.0,43.7406435,7.4293950,30.1,,
1835.0,43.7406795,7.4293577,nan,,
1840.0,43.7407171,7.4293236,nan,,
1845.0,43.7407588,7.4293008,nan,,
1850.0,43.7408033,7.4292961,nan,,
1855.0,43.7408465,7.4293126,nan,,
1860.0,43.7408842,7.4293458,nan,,
1865.0,43.7409104,7.4293957,nan,,
1870.0,43.7409287,7.4294526,nan,,
1875.0,43.7409468,7.4295096,nan,,
1880.0,43.7409587,7.4295693,nan,,
1885.0,43.7409679,7.4296302,nan,,
1890.0,43.7409788,7.4296905,nan,,
1895.0,43.7409956,7.4297483,nan,,
1900.0,43.7410128,7.4298057,nan,,
1905.0,43.7410303,7.4298631,nan,,
1910.0,43.7410470,7.4299208,nan,,
1915.0,43.7410613,7.4299798,nan,,
1920.0,43.7410746,7.4300393,nan,,
1925.0,43.7410854,7.4300995,nan,,
1930.0,43.7410897,7.4301615,nan,,
1935.0,43.7410890,7.4302236,nan,,
1940.0,43.7410809,7.4302845,nan,,
1945.0,43.7410540,7.4303339,nan,,
1950.0,43.7410137,7.4303590,nan,,
1955.0,43.7409691,7.4303638,nan,,
1960.0,43.7409242,7.4303616,nan,,
1965.0,43.7408792,7.4303592,nan,,
1970.0,43.7408343,7.4303564,nan,,
1975.0,43.7407894,7.4303535,nan,,
1980.0,43.7407445,7.4303506,nan,,
1985.0,43.7406995,7.4303478,nan,,
1990.0,43.7406546,7.4303449,nan,,
1995.0,43.7406097,7.4303420,nan,,
2000.0,43.7405648,7.4303392,nan,,
2005.0,43.7405199,7.4303363,nan,,
2010.0,43.7404750,7.4303334,nan,,
2015.0,43.7404300,7.4303306,nan,,
2020.0,43.7403851,7.4303277,nan,,
2025.0,43.7403402,7.4303245,nan,,
2030.0,43.7402953,7.4303208,nan,,
2035.0,43.7402504,7.4303172,nan,,
2040.0,43.7402056,7.4303127,nan,,
2045.0,43.7401609,7.4303061,nan,,
2050.0,43.7401162,7.4302995,nan,,
2055.0,43.7400715,7.4302926,nan,,
2060.0,43.7400271,7.4302830,nan,,
2065.0,43.7399827,7.4302733,nan,,
2070.0,43.7399382,7.4302637,nan,,
2075.0,43.7398942,7.4302514,nan,,
2080.0,43.7398501,7.4302388,nan,,
2085.0,43.7398061,7.4302262,nan,,
2090.0,43.7397624,7.4302116,nan,,
2095.0,43.7397189,7.4301961,nan,,
2100.0,43.7396753,7.4301806,nan,,
2105.0,43.7396321,7.4301636,nan,,
2110.0,43.7395891,7.4301451,nan,,
2115.0,43.7395462,7.4301267,nan,,
2120.0,43.7395034,7.4301074,nan,,
2125.0,43.7394612,7.4300861,nan,,
2130.0,43.7394189,7.4300648,nan,,
2135.0,43.7393768,7.4300432,nan,,
2140.0,43.7393353,7.4300191,nan,,
2145.0,43.7392939,7.4299950,nan,,
2150.0,43.7392524,7.4299709,nan,,
2155.0,43.7392118,7.4299443,nan,,
2160.0,43.7391712,7.4299175,nan,,
2165.0,43.7391306,7.4298907,nan,,
2170.0,43.7390908,7.4298619,nan,,
2175.0,43.7390512,7.4298324,nan,,
2180.0,43.7390116,7.4298029,nan,,
2185.0,43.7389726,7.4297719,nan,,
2190.0,43.7389341,7.4297398,nan,,
2195.0,43.7388956,7.4297076,nan,,
2200.0,43.7388575,7.4296746,nan,,
2205.0,43.7388201,7.4296399,nan,,
2210.0,43.7387828,7.4296053,nan,,
2215.0,43.7387456,7.4295703,nan,,
2220.0,43.7387096,7.4295331,nan,,
2225.0,43.7386735,7.4294960,nan,,
2230.0,43.7386374,7.4294588,29.3,,
2235.0,43.7386026,7.4294194,29.5,,
2240.0,43.7385679,7.4293799,29.7,,
2245.0,43.7385331,7.4293404,29.8,,
2250.0,43.7384995,7.4292991,29.9,,
2255.0,43.7384662,7.4292573,29.8,,
2260.0,43.7384329,7.4292155,29.8,,
2265.0,43.7384004,7.4291725,29.7,,
2270.0,43.7383686,7.4291285,29.6,,
2275.0,43.7383367,7.4290846,29.4,,
2280.0,43.7383055,7.4290399,29.2,,
2285.0,43.7382750,7.4289940,28.9,,
2290.0,43.7382446,7.4289482,28.7,,
2295.0,43.7382153,7.4289010,28.4,,
2300.0,43.7381862,7.4288536,28.1,,
2305.0,43.7381575,7.4288057,27.8,,
2309.9,43.7381298,7.4287567,27.4,,
2314.9,43.7381020,7.4287078,27.1,,
2319.9,43.7380753,7.4286577,26.7,,
2324.9,43.7380488,7.4286074,26.4,,
2329.9,43.7380229,7.4285566,26.0,,
2334.9,43.7379978,7.4285049,25.7,,
2339.9,43.7379728,7.4284532,25.3,,
2344.9,43.7379489,7.4284005,25.0,,
2349.9,43.7379253,7.4283475,24.7,,
2354.9,43.7379022,7.4282942,24.4,,
2359.9,43.7378801,7.4282400,24.0,,
2364.9,43.7378579,7.4281858,23.7,,
2369.9,43.7378370,7.4281307,23.4,,
2374.9,43.7378164,7.4280754,23.1,,
2379.9,43.7377958,7.4280201,22.8,,
2384.9,43.7377754,7.4279647,22.4,,
2389.9,43.7377551,7.4279092,22.1,,
2394.9,43.7377347,7.4278536,21.7,,
2399.9,43.7377144,7.4277981,21.3,,
2404.9,43.7376941,7.4277426,21.0,,
2409.9,43.7376736,7.4276872,20.6,,
2414.9,43.7376530,7.4276319,20.2,,
2419.9,43.7376324,7.4275766,19.8,,
2424.9,43.7376118,7.4275213,19.5,,
2429.9,43.7375912,7.4274660,19.2,,
2434.9,43.7375706,7.4274107,19.0,,
2439.9,43.7375500,7.4273554,18.8,,
2444.9,43.7375302,7.4272996,18.7,,
2449.9,43.7375158,7.4272406,18.6,,
2454.9,43.7375015,7.4271816,18.6,,
2459.9,43.7374871,7.4271226,18.6,,
2464.9,43.7374727,7.4270637,18.7,,
2469.9,43.7374584,7.4270047,18.8,,
2474.9,43.7374440,7.4269457,18.9,,
2479.9,43.7374296,7.4268868,19.0,,
2484.9,43.7374161,7.4268274,19.0,,
2489.9,43.7374050,7.4267671,19.1,,
2494.9,43.7373939,7.4267068,19.1,,
2499.9,43.7373828,7.4266465,19.0,,
2504.9,43.7373718,7.4265862,18.9,,
2509.9,43.7373607,7.4265259,18.8,,
2514.9,43.7373524,7.4264648,18.5,,
2519.9,43.7373448,7.4264034,18.2,,
2524.9,43.7373372,7.4263421,17.9,,
2529.9,43.7373296,7.4262808,17.5,,
2534.9,43.7373220,7.4262194,17.0,,
2539.9,43.7373143,7.4261581,16.6,,
2544.9,43.7373063,7.4260969,16.0,,
2549.9,43.7372983,7.4260356,15.4,,
2554.9,43.7372903,7.4259744,14.7,,
2559.9,43.7372822,7.4259132,14.0,,
2564.9,43.7372742,7.4258519,13.3,,
2569.9,43.7372665,7.4257906,12.5,,
2574.9,43.7372590,7.4257293,11.6,,
2579.9,43.7372515,7.4256679,10.7,,
2584.9,43.7372440,7.4256066,9.8,,
2589.9,43.7372365,7.4255452,8.9,,
2594.9,43.7372290,7.4254838,8.1,,
2599.9,43.7371921,7.4254515,7.2,,
2604.9,43.7371479,7.4254444,6.5,,
2609.9,43.7371030,7.4254474,5.9,,
2614.9,43.7370580,7.4254474,5.5,,
2619.9,43.7370231,7.4254123,5.0,,
2624.9,43.7370101,7.4253537,5.0,,
2629.9,43.7370036,7.4252922,4.9,,
2634.9,43.7369971,7.4252306,5.1,,
2639.9,43.7369982,7.4251692,5.3,,
2644.9,43.7370188,7.4251143,5.7,,
2649.9,43.7370406,7.4250598,6.2,,
2654.9,43.7370599,7.4250037,6.7,,
2659.9,43.7370634,7.4249428,7.3,,
2664.9,43.7370566,7.4248813,7.8,,
2669.9,43.7370499,7.4248198,8.3,,
2674.9,43.7370432,7.4247582,8.7,,
2679.9,43.7370364,7.4246967,9.1,,
2684.9,43.7370302,7.4246351,9.3,,
2689.9,43.7370241,7.4245734,9.5,,
2694.9,43.7370181,7.4245117,9.6,,
2699.9,43.7370120,7.4244501,9.6,,
2704.9,43.7370060,7.4243884,9.5,,
2709.9,43.7369999,7.4243268,9.4,,
2714.9,43.7369938,7.4242651,9.2,,
2719.9,43.7369877,7.4242034,9.0,,
2724.9,43.7369817,7.4241418,8.8,,
2729.9,43.7369756,7.4240801,8.5,,
2734.9,43.7369695,7.4240184,8.2,,
2739.9,43.7369635,7.4239568,7.9,,
2744.9,43.7369574,7.4238951,7.5,,
2749.9,43.7369512,7.4238335,7.2,,
2754.9,43.7369451,7.4237718,6.8,,
2759.9,43.7369390,7.4237102,6.5,,
2764.9,43.7369329,7.4236485,6.1,,
2769.9,43.7369267,7.4235869,5.7,,
2774.9,43.7369206,7.4235252,5.3,,
2779.9,43.7369145,7.4234636,5.0,,
2784.9,43.7369083,7.4234019,4.6,,
2789.9,43.7369022,7.4233403,4.2,,
2794.9,43.7368953,7.4232788,3.8,,
2799.9,43.7368877,7.4232175,3.4,,
2804.9,43.7368795,7.4231563,3.1,,
2809.9,43.7368714,7.4230950,2.8,,
2814.9,43.7368633,7.4230338,2.5,,
2819.9,43.7368573,7.4229722,2.3,,
2824.9,43.7368516,7.4229104,2.2,,
2829.9,43.7368459,7.4228487,2.1,,
2834.9,43.7368402,7.4227870,2.1,,
2839.9,43.7368345,7.4227252,2.1,,
2844.9,43.7368288,7.4226635,2.3,,
2849.9,43.7368231,7.4226018,2.5,,
2854.9,43.7368174,7.4225401,2.8,,
2859.9,43.7368117,7.4224783,3.1,,
2864.9,43.7368060,7.4224166,3.5,,
2869.9,43.7368003,7.4223549,3.9,,
2874.9,43.7367946,7.4222931,4.3,,
2879.9,43.7367793,7.4222348,4.7,,
2884.9,43.7367519,7.4221858,5.1,,
2889.9,43.7367161,7.4221490,5.5,,
2894.9,43.7366776,7.4221169,5.8,,
2899.9,43.7366383,7.4220866,6.0,,
2904.9,43.7365985,7.4220576,6.2,,
2909.9,43.7365580,7.4220307,6.3,,
2914.9,43.7365175,7.4220038,6.3,,
2919.9,43.7364770,7.4219768,6.3,,
2924.9,43.7364357,7.4219521,6.2,,
2929.9,43.7363940,7.4219288,6.0,,
2934.9,43.7363519,7.4219071,5.8,,
2939.9,43.7363089,7.4218889,5.5,,
2944.9,43.7362659,7.4218707,5.2,,
2949.9,43.7362229,7.4218526,4.8,,
2954.9,43.7361793,7.4218373,4.5,,
2959.9,43.7361357,7.4218222,4.1,,
2964.9,43.7360917,7.4218093,3.8,,
2969.9,43.7360475,7.4217982,3.5,,
2974.9,43.7360030,7.4217886,3.2,,
2979.9,43.7359584,7.4217814,3.0,,
2984.9,43.7359137,7.4217745,2.8,,
2989.9,43.7358689,7.4217695,2.7,,
2994.9,43.7358240,7.4217693,2.6,,
2999.9,43.7357790,7.4217691,2.6,,
3004.9,43.7357340,7.4217689,2.5,,
3009.9,43.7356891,7.4217714,2.5,,
3014.9,43.7356442,7.4217743,2.5,,
3019.9,43.7355993,7.4217773,2.5,,
3024.9,43.7355553,7.4217874,2.4,,
3029.9,43.7355125,7.4218064,2.4,,
3034.9,43.7354691,7.4218226,2.3,,
3039.9,43.7354276,7.4218445,2.2,,
3044.9,43.7353902,7.4218785,2.0,,
3049.9,43.7353588,7.4219228,1.9,,
3054.9,43.7353321,7.4219728,1.7,,
3059.9,43.7353053,7.4220228,1.5,,
3064.9,43.7352785,7.4220727,1.4,,
3069.9,43.7352501,7.4221209,1.2,,
3074.9,43.7352171,7.4221631,1.0,,
3079.9,43.7351801,7.4221976,0.9,,
3084.9,43.7351368,7.4222129,0.8,,
3089.9,43.7350921,7.4222194,0.6,,
3094.9,43.7350474,7.4222259,0.6,,
3099.9,43.7350028,7.4222335,0.5,,
3104.9,43.7349586,7.4222449,0.5,,
3109.9,43.7349144,7.4222563,0.4,,
3114.9,43.7348701,7.4222677,0.4,,
3119.9,43.7348259,7.4222791,0.4,,
3124.9,43.7347817,7.4222905,0.4,,
3129.9,43.7347375,7.4223018,0.4,,
3134.9,43.7346933,7.4223132,0.4,,
3139.9,43.7346491,7.4223243,0.4,,
3144.9,43.7346048,7.4223354,0.4,,
3149.9,43.7345606,7.4223466,0.4,,
3154.9,43.7345164,7.4223578,0.4,,
3159.9,43.7344722,7.4223691,0.4,,
3164.9,43.7344279,7.4223804,0.4,,
3169.9,43.7343837,7.4223917,0.5,,
3174.9,43.7343395,7.4224030,0.5,,
3179.9,43.7342955,7.4224155,0.6,,
3184.9,43.7342517,7.4224300,0.7,,
3189.9,43.7342080,7.4224445,0.7,,
3194.9,43.7341643,7.4224590,0.9,,
3199.9,43.7341204,7.4224714,1.0,,
3204.9,43.7340760,7.4224690,1.2,,
3209.9,43.7340381,7.4224358,1.4,,
3214.9,43.7340069,7.4223915,1.6,,
3219.9,43.7339834,7.4223386,1.8,,
3224.9,43.7339629,7.4222832,2.1,,
3229.9,43.7339379,7.4222318,2.3,,
3234.9,43.7338983,7.4222059,2.6,,
3239.9,43.7338538,7.4222080,2.9,,
3244.9,43.7338094,7.4222173,3.1,,
3249.9,43.7337660,7.4222334,3.4,,
3254.9,43.7337228,7.4222506,3.7,,
3259.9,43.7336798,7.4222689,4.0,,
3264.9,43.7336375,7.4222901,4.2,,
3269.9,43.7335953,7.4223113,4.5,,
3274.9,43.7335530,7.4223325,4.7,,
3279.9,43.7335107,7.4223537,4.9,,
3284.9,43.7334691,7.4223772,5.1,,
3289.9,43.7334283,7.4224033,5.4,,
3294.9,43.7333875,7.4224294,5.6,,
3299.9,43.7333466,7.4224555,5.8,,
3304.9,43.7333065,7.4224836,5.9,,
3309.9,43.7332665,7.4225120,6.1,,
3314.9,43.7332267,7.4225408,6.2,,
3319.9,43.7331883,7.4225732,6.3,,
