# montreal: centreline in race direction, 5 m spacing. Source: TUMFTM racetrack-database (LGPL-3.0) geo-referenced onto OpenStreetMap (ODbL); elevation srtm30m via OpenTopoData
# widths are metres from the centreline to the track edge (TUMFTM only, blank for OSM)
s_m,lat,lon,elev_m,w_right_m,w_left_m
0.0,45.5001001,-73.5227133,10.6,5.39,5.70
5.0,45.5000561,-73.5227003,10.7,5.35,5.67
10.0,45.5000121,-73.5226874,10.8,5.31,5.64
15.0,45.4999680,-73.5226745,11.0,5.28,5.60
20.0,45.4999240,-73.5226620,11.1,5.24,5.57
25.0,45.4998798,-73.5226498,11.2,5.20,5.54
30.0,45.4998356,-73.5226383,11.3,5.16,5.50
35.0,45.4997913,-73.5226275,11.4,5.12,5.47
40.0,45.4997469,-73.5226176,11.5,5.15,5.47
45.0,45.4997024,-73.5226087,11.6,5.19,5.48
50.0,45.4996578,-73.5226008,11.6,5.23,5.48
55.0,45.4996131,-73.5225940,11.7,5.27,5.49
60.0,45.4995684,-73.5225881,11.7,5.32,5.50
65.0,45.4995236,-73.5225832,11.6,5.36,5.51
70.0,45.4994787,-73.5225792,11.6,5.38,5.56
75.0,45.4994338,-73.5225761,11.5,5.37,5.66
80.0,45.4993889,-73.5225739,11.5,5.36,5.76
85.0,45.4993440,-73.5225725,11.3,5.35,5.85
89.9,45.4992991,-73.5225719,11.2,5.35,5.95
94.9,45.4992541,-73.5225721,11.1,5.34,6.05
99.9,45.4992092,-73.5225731,10.9,5.49,6.09
104.9,45.4991643,-73.5225747,10.8,5.64,6.13
109.9,45.4991193,-73.5225770,10.6,5.79,6.17
114.9,45.4990744,-73.5225800,10.4,5.94,6.21
119.9,45.4990296,-73.5225836,10.2,6.09,6.25
124.9,45.4989847,-73.5225877,10.1,6.23,6.29
129.9,45.4989399,-73.5225924,9.9,6.20,6.30
134.9,45.4988951,-73.5225976,9.8,6.18,6.31
139.9,45.4988504,-73.5226033,9.7,6.15,6.32
144.9,45.4988056,-73.5226094,9.7,6.12,6.33
149.9,45.4987609,-73.5226159,9.6,6.10,6.33
154.9,45.4987162,-73.5226228,9.6,6.07,6.34
159.9,45.4986716,-73.5226300,9.6,6.05,6.35
164.9,45.4986269,-73.5226374,9.7,6.05,6.35
169.9,45.4985823,-73.5226451,9.7,6.09,6.33
174.9,45.4985377,-73.5226529,9.8,6.12,6.32
179.9,45.4984931,-73.5226609,9.9,6.15,6.30
184.9,45.4984485,-73.5226690,10.0,6.18,6.28
189.9,45.4984040,-73.5226771,10.1,6.21,6.27
194.9,45.4983594,-73.5226853,10.2,6.24,6.25
199.9,45.4983148,-73.5226934,10.3,6.27,6.24
204.9,45.4982702,-73.5227014,10.4,6.31,6.22
209.9,45.4982256,-73.5227093,10.5,6.34,6.20
214.9,45.4981810,-73.5227171,10.5,6.37,6.20
219.9,45.4981364,-73.5227251,10.5,6.41,6.21
224.9,45.4980919,-73.5227338,10.5,6.36,6.29
229.9,45.4980475,-73.5227436,10.4,6.28,6.39
234.9,45.4980031,-73.5227535,10.4,6.20,6.49
239.9,45.4979584,-73.5227608,10.3,6.26,6.55
244.9,45.4979135,-73.5227622,10.1,6.52,6.56
249.9,45.4978689,-73.5227553,10.0,6.81,6.09
254.9,45.4978255,-73.5227386,9.8,6.84,6.05
259.9,45.4977851,-73.5227106,9.6,6.81,6.21
264.8,45.4977507,-73.5226695,9.4,6.83,6.37
269.8,45.4977234,-73.5226186,9.2,6.77,6.55
274.8,45.4977016,-73.5225625,8.9,6.73,6.51
279.8,45.4976833,-73.5225039,8.7,6.69,6.38
284.8,45.4976670,-73.5224442,8.5,6.65,6.24
289.8,45.4976516,-73.5223840,8.3,6.61,6.10
294.8,45.4976360,-73.5223238,8.2,6.57,5.97
299.8,45.4976190,-73.5222645,8.0,6.53,5.83
304.8,45.4975995,-73.5222067,7.9,6.15,6.00
309.8,45.4975764,-73.5221517,7.8,5.86,6.18
314.8,45.4975489,-73.5221010,7.7,6.07,6.36
319.8,45.4975170,-73.5220559,7.6,6.29,6.61
324.8,45.4974812,-73.5220171,7.6,6.85,7.50
329.8,45.4974419,-73.5219859,7.5,6.71,7.83
334.8,45.4973998,-73.5219635,7.5,6.83,7.26
339.8,45.4973557,-73.5219519,7.5,6.93,6.98
344.8,45.4973108,-73.5219522,7.5,6.96,6.87
349.8,45.4972668,-73.5219650,7.5,6.91,6.66
354.8,45.4972251,-73.5219888,7.6,6.84,6.63
359.8,45.4971868,-73.5220223,7.6,6.65,7.08
364.8,45.4971532,-73.5220648,7.7,6.66,7.25
369.8,45.4971256,-73.5221154,7.8,6.85,6.94
374.8,45.4971040,-73.5221717,8.0,6.82,6.64
379.8,45.4970879,-73.5222315,8.1,6.43,6.29
384.8,45.4970765,-73.5222935,8.3,5.79,6.06
389.8,45.4970692,-73.5223568,8.5,5.23,5.85
394.8,45.4970658,-73.5224207,8.7,5.01,5.44
399.8,45.4970658,-73.5224848,9.0,4.92,5.00
404.8,45.4970686,-73.5225488,9.2,4.91,4.71
409.8,45.4970740,-73.5226124,9.4,4.90,4.66
414.8,45.4970815,-73.5226757,9.7,4.74,4.63
419.8,45.4970908,-73.5227384,9.9,4.56,4.60
424.8,45.4971016,-73.5228006,10.2,4.49,4.64
429.8,45.4971135,-73.5228625,10.4,4.42,4.68
434.8,45.4971263,-73.5229239,10.6,4.39,4.69
439.7,45.4971395,-73.5229852,10.8,4.42,4.67
444.7,45.4971529,-73.5230464,11.0,4.45,4.64
449.7,45.4971661,-73.5231077,11.2,4.48,4.61
454.7,45.4971790,-73.5231691,11.3,4.51,4.57
459.7,45.4971917,-73.5232306,11.4,4.54,4.51
464.7,45.4972044,-73.5232921,11.5,4.58,4.46
469.7,45.4972171,-73.5233536,11.6,4.61,4.40
474.7,45.4972300,-73.5234151,11.6,4.64,4.35
479.7,45.4972431,-73.5234764,11.7,4.66,4.30
484.7,45.4972566,-73.5235375,11.7,4.56,4.38
489.7,45.4972706,-73.5235985,11.8,4.39,4.51
494.7,45.4972851,-73.5236592,11.8,4.23,4.64
499.7,45.4973002,-73.5237196,11.8,4.07,4.77
504.7,45.4973160,-73.5237796,11.8,4.06,4.78
509.7,45.4973325,-73.5238392,11.8,4.11,4.73
514.7,45.4973497,-73.5238984,11.8,4.16,4.68
519.7,45.4973679,-73.5239571,11.8,4.25,4.60
524.7,45.4973869,-73.5240152,11.8,4.37,4.48
529.7,45.4974069,-73.5240726,11.8,4.49,4.36
534.7,45.4974280,-73.5241292,11.8,4.58,4.28
539.7,45.4974501,-73.5241850,11.8,4.58,4.33
544.7,45.4974734,-73.5242398,11.7,4.57,4.37
549.7,45.4974979,-73.5242936,11.7,4.56,4.42
554.7,45.4975235,-73.5243463,11.6,4.38,4.58
559.7,45.4975502,-73.5243979,11.6,4.20,4.74
564.7,45.4975776,-73.5244487,11.5,4.02,4.89
569.7,45.4976055,-73.5244989,11.4,3.90,5.02
574.7,45.4976339,-73.5245487,11.4,4.18,4.90
579.7,45.4976624,-73.5245983,11.3,4.47,4.77
584.7,45.4976909,-73.5246478,11.3,4.75,4.65
589.7,45.4977192,-73.5246976,11.2,5.03,4.52
594.7,45.4977474,-73.5247475,11.2,5.01,4.53
599.7,45.4977755,-73.5247976,11.1,4.92,4.56
604.7,45.4978035,-73.5248477,11.1,4.83,4.60
609.7,45.4978316,-73.5248978,11.1,4.75,4.63
614.6,45.4978598,-73.5249477,11.0,4.66,4.67
619.6,45.4978882,-73.5249974,11.0,4.57,4.70
624.6,45.4979168,-73.5250469,11.0,4.48,4.74
629.6,45.4979456,-73.5250961,11.0,4.45,4.75
634.6,45.4979746,-73.5251451,11.0,4.45,4.74
639.6,45.4980037,-73.5251939,11.0,4.46,4.73
644.6,45.4980330,-73.5252425,11.0,4.46,4.72
649.6,45.4980624,-73.5252910,11.0,4.47,4.71
654.6,45.4980919,-73.5253394,11.0,4.47,4.71
659.6,45.4981214,-73.5253877,10.9,4.48,4.70
664.6,45.4981510,-73.5254361,10.9,4.51,4.66
669.6,45.4981805,-73.5254844,10.9,4.55,4.61
674.6,45.4982100,-73.5255328,10.9,4.58,4.57
679.6,45.4982394,-73.5255812,10.8,4.62,4.52
684.6,45.4982688,-73.5256298,10.8,4.66,4.47
689.6,45.4982980,-73.5256785,10.8,4.70,4.43
694.6,45.4983273,-73.5257271,10.7,4.74,4.38
699.6,45.4983569,-73.5257753,10.7,4.73,4.37
704.6,45.4983873,-73.5258226,10.7,4.53,4.52
709.6,45.4984186,-73.5258685,10.6,4.34,4.66
714.6,45.4984513,-73.5259126,10.6,4.34,4.64
719.6,45.4984855,-73.5259542,10.6,4.38,4.57
724.6,45.4985214,-73.5259928,10.6,4.43,4.83
729.6,45.4985596,-73.5260265,10.6,4.60,5.28
734.6,45.4986008,-73.5260521,10.7,4.84,5.39
739.6,45.4986448,-73.5260641,10.7,4.80,5.06
744.6,45.4986896,-73.5260601,10.7,4.53,4.55
749.6,45.4987333,-73.5260452,10.8,4.34,4.29
754.6,45.4987759,-73.5260247,10.8,4.30,4.28
759.6,45.4988180,-73.5260024,10.9,4.27,4.29
764.6,45.4988602,-73.5259802,10.9,4.25,4.30
769.6,45.4989028,-73.5259597,11.0,4.20,4.34
774.6,45.4989460,-73.5259424,11.0,4.25,4.36
779.6,45.4989902,-73.5259302,11.1,4.37,4.32
784.6,45.4990349,-73.5259251,11.1,4.42,4.17
789.5,45.4990798,-73.5259285,11.2,4.52,3.92
794.5,45.4991237,-73.5259417,11.2,4.51,4.16
799.5,45.4991650,-73.5259671,11.3,4.41,4.22
804.5,45.4992014,-73.5260046,11.4,4.34,4.65
809.5,45.4992356,-73.5260461,11.4,4.36,4.65
814.5,45.4992704,-73.5260868,11.5,4.38,4.65
819.5,45.4993054,-73.5261269,11.5,4.41,4.65
824.5,45.4993406,-73.5261669,11.6,4.43,4.65
829.5,45.4993756,-73.5262070,11.7,4.45,4.65
834.5,45.4994106,-73.5262472,11.7,4.47,4.65
839.5,45.4994456,-73.5262875,11.7,4.49,4.66
844.5,45.4994805,-73.5263279,11.7,4.51,4.66
849.5,45.4995154,-73.5263683,11.7,4.54,4.66
854.5,45.4995503,-73.5264086,11.7,4.56,4.66
859.5,45.4995853,-73.5264489,11.7,4.58,4.66
864.5,45.4996204,-73.5264890,11.6,4.60,4.66
869.5,45.4996555,-73.5265289,11.5,4.61,4.65
874.5,45.4996908,-73.5265686,11.4,4.56,4.58
879.5,45.4997263,-73.5266080,11.3,4.51,4.52
884.5,45.4997619,-73.5266471,11.2,4.47,4.45
889.5,45.4997977,-73.5266859,11.1,4.42,4.39
894.5,45.4998337,-73.5267242,11.0,4.38,4.32
899.5,45.4998698,-73.5267623,10.8,4.33,4.26
904.5,45.4999059,-73.5268006,10.7,4.29,4.20
909.5,45.4999416,-73.5268395,10.5,4.24,4.13
914.5,45.4999769,-73.5268793,10.4,4.20,4.07
919.5,45.5000114,-73.5269203,10.3,4.15,4.00
924.5,45.5000450,-73.5269630,10.2,4.24,4.02
929.5,45.5000773,-73.5270074,10.1,4.34,4.01
934.5,45.5001084,-73.5270537,10.0,4.46,3.99
939.5,45.5001382,-73.5271018,10.0,4.37,4.26
944.5,45.5001665,-73.5271515,9.9,4.32,4.39
949.5,45.5001935,-73.5272028,9.9,4.45,4.08
954.5,45.5002191,-73.5272555,9.9,4.46,3.96
959.5,45.5002433,-73.5273095,9.9,4.28,4.19
964.4,45.5002662,-73.5273647,9.9,4.10,4.41
969.4,45.5002892,-73.5274198,10.0,3.94,4.62
974.4,45.5003134,-73.5274738,10.1,4.12,4.40
979.4,45.5003402,-73.5275252,10.1,4.31,4.21
984.4,45.5003697,-73.5275736,10.2,4.51,4.19
989.4,45.5004009,-73.5276197,10.3,4.65,4.21
994.4,45.5004332,-73.5276644,10.4,4.34,4.55
999.4,45.5004662,-73.5277079,10.5,4.06,4.85
1004.4,45.5005004,-73.5277494,10.6,4.12,4.62
1009.4,45.5005365,-73.5277877,10.7,4.13,4.43
1014.4,45.5005746,-73.5278217,10.8,4.07,4.32
1019.4,45.5006143,-73.5278516,10.8,4.16,4.23
1024.4,45.5006549,-73.5278791,10.9,4.72,4.23
1029.4,45.5006958,-73.5279057,11.0,4.96,4.37
1034.4,45.5007368,-73.5279321,11.0,4.57,4.79
1039.4,45.5007779,-73.5279578,11.1,4.20,5.18
1044.4,45.5008195,-73.5279823,11.2,4.38,4.97
1049.4,45.5008614,-73.5280052,11.2,4.58,4.73
1054.4,45.5009040,-73.5280259,11.3,4.51,4.55
1059.4,45.5009471,-73.5280438,11.3,4.32,4.39
1064.4,45.5009909,-73.5280585,11.3,4.22,4.28
1069.4,45.5010351,-73.5280699,11.4,4.33,4.31
1074.4,45.5010796,-73.5280785,11.4,4.43,4.33
1079.4,45.5011243,-73.5280848,11.4,4.27,4.37
1084.4,45.5011692,-73.5280893,11.4,4.12,4.40
1089.4,45.5012141,-73.5280923,11.4,4.08,4.41
1094.4,45.5012590,-73.5280944,11.3,4.12,4.41
1099.4,45.5013039,-73.5280959,11.3,4.15,4.41
1104.4,45.5013488,-73.5280970,11.3,4.11,4.31
1109.4,45.5013938,-73.5280977,11.2,4.07,4.22
1114.4,45.5014387,-73.5280980,11.2,4.03,4.14
1119.4,45.5014837,-73.5280980,11.2,4.07,4.14
1124.4,45.5015286,-73.5280977,11.1,4.10,4.15
1129.4,45.5015735,-73.5280972,11.1,4.14,4.16
1134.4,45.5016185,-73.5280964,11.1,4.17,4.16
1139.3,45.5016634,-73.5280954,11.1,4.21,4.17
1144.3,45.5017083,-73.5280943,11.0,4.24,4.18
1149.3,45.5017533,-73.5280931,11.0,4.28,4.18
1154.3,45.5017982,-73.5280917,11.0,4.31,4.19
1159.3,45.5018431,-73.5280904,11.0,4.35,4.20
1164.3,45.5018881,-73.5280890,11.0,4.39,4.21
1169.3,45.5019330,-73.5280877,11.0,4.42,4.21
1174.3,45.5019779,-73.5280864,11.0,4.46,4.22
1179.3,45.5020229,-73.5280852,11.0,4.49,4.23
1184.3,45.5020678,-73.5280840,11.0,4.53,4.23
1189.3,45.5021127,-73.5280830,11.0,4.56,4.24
1194.3,45.5021577,-73.5280821,11.1,4.60,4.25
1199.3,45.5022026,-73.5280813,11.1,4.63,4.26
1204.3,45.5022475,-73.5280806,11.1,4.67,4.26
1209.3,45.5022925,-73.5280802,11.2,4.70,4.27
1214.3,45.5023374,-73.5280799,11.2,4.74,4.28
1219.3,45.5023824,-73.5280798,11.3,4.77,4.28
1224.3,45.5024273,-73.5280800,11.3,4.81,4.29
1229.3,45.5024722,-73.5280804,11.4,4.83,4.30
1234.3,45.5025172,-73.5280813,11.5,4.66,4.26
1239.3,45.5025620,-73.5280849,11.6,4.49,4.26
1244.3,45.5026064,-73.5280947,11.8,4.32,4.39
1249.3,45.5026492,-73.5281142,11.9,4.26,4.36
1254.3,45.5026887,-73.5281446,12.0,4.33,4.59
1259.3,45.5027238,-73.5281846,12.2,4.46,4.45
1264.3,45.5027529,-73.5282335,12.3,4.52,4.33
1269.3,45.5027739,-73.5282902,12.4,4.90,4.24
1274.3,45.5027864,-73.5283517,12.6,4.81,4.77
1279.3,45.5027919,-73.5284153,12.7,4.91,4.97
1284.3,45.5027919,-73.5284794,12.8,4.94,4.96
1289.3,45.5027868,-73.5285431,12.9,4.93,4.68
1294.3,45.5027757,-73.5286052,13.0,4.81,4.41
1299.3,45.5027611,-73.5286659,13.2,4.49,4.35
1304.3,45.5027469,-73.5287267,13.3,4.07,4.48
1309.3,45.5027352,-73.5287886,13.4,4.11,4.48
1314.2,45.5027281,-73.5288519,13.4,4.42,4.45
1319.2,45.5027279,-73.5289160,13.5,4.46,4.52
1324.2,45.5027349,-73.5289793,13.6,4.32,4.54
1329.2,45.5027474,-73.5290409,13.7,4.29,4.57
1334.2,45.5027642,-73.5291004,13.7,4.54,4.54
1339.2,45.5027841,-73.5291578,13.8,4.63,4.60
1344.2,45.5028071,-73.5292129,13.8,4.28,4.84
1349.2,45.5028328,-73.5292655,13.8,4.30,4.71
1354.2,45.5028610,-73.5293154,13.9,4.42,4.52
1359.2,45.5028914,-73.5293626,13.9,4.58,4.35
1364.2,45.5029240,-73.5294067,13.9,4.63,4.40
1369.2,45.5029585,-73.5294478,13.8,4.66,4.52
1374.2,45.5029947,-73.5294858,13.8,4.55,4.67
1379.2,45.5030324,-73.5295207,13.8,4.24,4.84
1384.2,45.5030714,-73.5295525,13.7,4.14,4.83
1389.2,45.5031115,-73.5295815,13.7,4.28,4.61
1394.2,45.5031525,-73.5296076,13.6,4.19,4.67
1399.2,45.5031944,-73.5296311,13.6,4.20,4.65
1404.2,45.5032368,-73.5296520,13.5,4.30,4.54
1409.2,45.5032799,-73.5296706,13.4,4.39,4.44
1414.2,45.5033233,-73.5296871,13.3,4.37,4.44
1419.2,45.5033670,-73.5297020,13.3,4.35,4.45
1424.2,45.5034109,-73.5297154,13.2,4.33,4.45
1429.2,45.5034550,-73.5297277,13.1,4.31,4.46
1434.2,45.5034993,-73.5297391,13.1,4.29,4.46
1439.2,45.5035435,-73.5297501,13.0,4.32,4.45
1444.2,45.5035879,-73.5297605,12.9,4.35,4.44
1449.2,45.5036323,-73.5297705,12.8,4.38,4.43
1454.2,45.5036767,-73.5297800,12.7,4.41,4.42
1459.2,45.5037212,-73.5297890,12.7,4.42,4.43
1464.2,45.5037657,-73.5297976,12.6,4.33,4.54
1469.2,45.5038103,-73.5298057,12.5,4.25,4.66
1474.2,45.5038549,-73.5298134,12.3,4.16,4.76
1479.2,45.5038996,-73.5298207,12.2,4.13,4.76
1484.2,45.5039443,-73.5298274,12.1,4.14,4.65
1489.1,45.5039890,-73.5298338,12.0,4.16,4.54
1494.1,45.5040337,-73.5298397,11.9,4.17,4.44
1499.1,45.5040785,-73.5298453,11.8,4.19,4.33
1504.1,45.5041233,-73.5298503,11.7,4.20,4.23
1509.1,45.5041681,-73.5298550,11.6,4.21,4.19
1514.1,45.5042130,-73.5298594,11.5,4.21,4.15
1519.1,45.5042578,-73.5298635,11.4,4.22,4.12
1524.1,45.5043027,-73.5298673,11.3,4.22,4.08
1529.1,45.5043476,-73.5298708,11.2,4.23,4.05
1534.1,45.5043924,-73.5298743,11.2,4.23,4.02
1539.1,45.5044373,-73.5298776,11.1,4.24,4.02
1544.1,45.5044822,-73.5298809,11.1,4.26,4.05
1549.1,45.5045271,-73.5298841,11.1,4.27,4.08
1554.1,45.5045720,-73.5298874,11.1,4.29,4.10
1559.1,45.5046168,-73.5298907,11.0,4.31,4.13
1564.1,45.5046617,-73.5298942,11.0,4.32,4.16
1569.1,45.5047066,-73.5298979,11.0,4.34,4.19
1574.1,45.5047514,-73.5299017,11.0,4.36,4.22
1579.1,45.5047963,-73.5299058,11.0,4.37,4.25
1584.1,45.5048411,-73.5299100,11.0,4.39,4.28
1589.1,45.5048860,-73.5299142,11.0,4.41,4.30
1594.1,45.5049308,-73.5299184,11.0,4.42,4.33
1599.1,45.5049757,-73.5299225,11.0,4.44,4.36
1604.1,45.5050205,-73.5299264,11.0,4.46,4.39
1609.1,45.5050654,-73.5299302,11.0,4.47,4.42
1614.1,45.5051103,-73.5299336,11.0,4.47,4.45
1619.1,45.5051551,-73.5299367,11.0,4.42,4.48
1624.1,45.5052000,-73.5299394,11.0,4.36,4.51
1629.1,45.5052450,-73.5299416,11.0,4.30,4.55
1634.1,45.5052899,-73.5299432,11.0,4.24,4.58
1639.1,45.5053348,-73.5299442,11.0,4.19,4.61
1644.1,45.5053798,-73.5299445,10.9,4.20,4.55
1649.1,45.5054247,-73.5299442,10.9,4.21,4.48
1654.1,45.5054696,-73.5299433,10.9,4.22,4.42
1659.1,45.5055146,-73.5299418,10.9,4.25,4.34
1664.0,45.5055595,-73.5299399,10.8,4.37,4.21
1669.0,45.5056044,-73.5299375,10.7,4.48,4.08
1674.0,45.5056493,-73.5299347,10.7,4.53,4.00
1679.0,45.5056942,-73.5299315,10.6,4.32,4.11
1684.0,45.5057391,-73.5299281,10.5,4.26,4.19
1689.0,45.5057839,-73.5299243,10.4,4.19,4.27
1694.0,45.5058288,-73.5299203,10.3,4.12,4.35
1699.0,45.5058736,-73.5299161,10.2,4.05,4.43
1704.0,45.5059185,-73.5299118,10.2,3.99,4.50
1709.0,45.5059633,-73.5299074,10.1,4.07,4.47
1714.0,45.5060081,-73.5299030,10.0,4.15,4.44
1719.0,45.5060529,-73.5298984,9.9,4.22,4.40
1724.0,45.5060978,-73.5298937,9.9,4.30,4.37
1729.0,45.5061426,-73.5298890,9.8,4.38,4.34
1734.0,45.5061874,-73.5298841,9.8,4.46,4.31
1739.0,45.5062322,-73.5298790,9.7,4.54,4.28
1744.0,45.5062770,-73.5298737,9.7,4.52,4.26
1749.0,45.5063218,-73.5298682,9.7,4.40,4.27
1754.0,45.5063665,-73.5298625,9.7,4.27,4.28
1759.0,45.5064113,-73.5298565,9.7,4.15,4.29
1764.0,45.5064560,-73.5298503,9.7,4.03,4.30
1769.0,45.5065007,-73.5298438,9.7,3.95,4.32
1774.0,45.5065454,-73.5298369,9.7,3.96,4.34
1779.0,45.5065900,-73.5298298,9.7,3.97,4.37
1784.0,45.5066347,-73.5298223,9.7,3.99,4.40
1789.0,45.5066793,-73.5298144,9.7,4.00,4.43
1794.0,45.5067238,-73.5298061,9.7,4.05,4.37
1799.0,45.5067684,-73.5297974,9.7,4.13,4.26
1804.0,45.5068128,-73.5297883,9.8,4.22,4.15
1809.0,45.5068573,-73.5297787,9.8,4.30,4.04
1814.0,45.5069017,-73.5297687,9.8,4.37,4.01
1819.0,45.5069460,-73.5297581,9.9,4.43,4.03
1824.0,45.5069903,-73.5297471,9.9,4.49,4.05
1829.0,45.5070345,-73.5297356,10.0,4.53,4.09
1834.0,45.5070786,-73.5297235,10.0,4.43,4.24
1838.9,45.5071227,-73.5297109,10.1,4.32,4.39
1843.9,45.5071666,-73.5296977,10.2,4.21,4.54
1848.9,45.5072105,-73.5296839,10.3,4.17,4.64
1853.9,45.5072543,-73.5296696,10.4,4.17,4.71
1858.9,45.5072981,-73.5296547,10.5,4.18,4.78
1863.9,45.5073417,-73.5296395,10.7,4.17,4.67
1868.9,45.5073853,-73.5296238,10.8,4.16,4.47
1873.9,45.5074288,-73.5296078,10.9,4.15,4.26
1878.9,45.5074723,-73.5295914,11.1,4.15,4.06
1883.9,45.5075157,-73.5295749,11.2,4.15,4.03
1888.9,45.5075590,-73.5295581,11.3,4.16,4.04
1893.9,45.5076024,-73.5295412,11.4,4.17,4.06
1898.9,45.5076457,-73.5295241,11.5,4.17,4.07
1903.9,45.5076890,-73.5295071,11.5,4.18,4.09
1908.9,45.5077324,-73.5294900,11.5,4.19,4.10
1913.9,45.5077757,-73.5294729,11.4,4.19,4.12
1918.9,45.5078190,-73.5294559,11.3,4.20,4.13
1923.9,45.5078624,-73.5294390,11.2,4.21,4.15
1928.9,45.5079057,-73.5294221,11.1,4.21,4.17
1933.9,45.5079491,-73.5294053,10.9,4.22,4.18
1938.9,45.5079924,-73.5293885,10.6,4.23,4.20
1943.9,45.5080358,-73.5293717,10.4,4.23,4.21
1948.9,45.5080792,-73.5293549,10.1,4.24,4.23
1953.9,45.5081225,-73.5293380,9.8,4.25,4.24
1958.9,45.5081659,-73.5293212,9.6,4.25,4.26
1963.9,45.5082093,-73.5293043,9.3,4.26,4.28
1968.9,45.5082526,-73.5292874,9.0,4.27,4.29
1973.9,45.5082959,-73.5292704,8.7,4.28,4.31
1978.9,45.5083392,-73.5292533,8.5,4.31,4.33
1983.9,45.5083826,-73.5292361,8.3,4.33,4.35
1988.9,45.5084258,-73.5292189,8.1,4.36,4.37
1993.9,45.5084692,-73.5292018,7.9,4.38,4.39
1998.9,45.5085125,-73.5291848,7.8,4.41,4.41
2003.9,45.5085559,-73.5291681,7.8,4.43,4.42
2008.9,45.5085992,-73.5291512,7.8,4.57,4.12
2013.8,45.5086411,-73.5291279,7.9,4.28,4.61
2018.8,45.5086748,-73.5290860,7.9,4.11,5.46
2023.8,45.5086936,-73.5290281,8.1,4.68,4.60
2028.8,45.5086998,-73.5289647,8.3,4.79,4.27
2033.8,45.5087004,-73.5289006,8.5,4.50,4.41
2038.8,45.5087003,-73.5288365,8.8,4.21,4.54
2043.8,45.5087016,-73.5287724,9.0,4.33,4.37
2048.8,45.5087064,-73.5287087,9.3,4.48,4.19
2053.8,45.5087162,-73.5286461,9.6,4.47,4.22
2058.8,45.5087309,-73.5285855,9.9,4.55,4.28
2063.8,45.5087499,-73.5285275,10.2,4.49,4.47
2068.8,45.5087730,-73.5284725,10.5,4.49,4.44
2073.8,45.5087997,-73.5284210,10.7,4.75,3.79
2078.8,45.5088298,-73.5283735,10.9,4.40,4.39
2083.8,45.5088631,-73.5283303,11.1,4.31,4.32
2088.8,45.5088989,-73.5282916,11.3,4.26,4.49
2093.8,45.5089365,-73.5282567,11.4,4.22,4.54
2098.8,45.5089756,-73.5282249,11.6,4.31,4.41
2103.8,45.5090155,-73.5281954,11.7,4.52,4.15
2108.8,45.5090561,-73.5281681,11.8,4.68,3.95
2113.8,45.5090974,-73.5281428,11.8,4.53,4.14
2118.8,45.5091393,-73.5281195,11.9,4.38,4.32
2123.8,45.5091816,-73.5280980,11.9,4.34,4.35
2128.8,45.5092243,-73.5280779,11.9,4.34,4.31
2133.8,45.5092672,-73.5280588,11.9,4.34,4.27
2138.8,45.5093103,-73.5280406,11.9,4.34,4.24
2143.8,45.5093535,-73.5280228,11.9,4.37,4.21
2148.8,45.5093967,-73.5280051,11.9,4.47,4.20
2153.8,45.5094398,-73.5279872,11.9,4.56,4.19
2158.8,45.5094829,-73.5279691,11.8,4.64,4.18
2163.8,45.5095260,-73.5279510,11.8,4.60,4.25
2168.8,45.5095691,-73.5279328,11.7,4.53,4.33
2173.8,45.5096122,-73.5279146,11.6,4.47,4.41
2178.8,45.5096554,-73.5278967,11.5,4.40,4.48
2183.8,45.5096986,-73.5278790,11.4,4.34,4.56
2188.7,45.5097418,-73.5278617,11.2,4.27,4.64
2193.7,45.5097852,-73.5278447,11.1,4.22,4.69
2198.7,45.5098286,-73.5278280,10.9,4.24,4.53
2203.7,45.5098720,-73.5278117,10.8,4.26,4.34
2208.7,45.5099155,-73.5277957,10.6,4.29,4.17
2213.7,45.5099591,-73.5277800,10.4,4.30,4.06
2218.7,45.5100027,-73.5277645,10.2,4.28,4.06
2223.7,45.5100464,-73.5277494,10.1,4.27,4.06
2228.7,45.5100901,-73.5277345,9.9,4.26,4.06
2233.7,45.5101339,-73.5277199,9.8,4.24,4.06
2238.7,45.5101777,-73.5277055,9.7,4.23,4.06
2243.7,45.5102215,-73.5276913,9.7,4.23,4.06
2248.7,45.5102653,-73.5276773,9.6,4.24,4.07
2253.7,45.5103092,-73.5276636,9.6,4.25,4.08
2258.7,45.5103532,-73.5276500,9.6,4.26,4.09
2263.7,45.5103971,-73.5276367,9.7,4.27,4.10
2268.7,45.5104411,-73.5276235,9.8,4.28,4.11
2273.7,45.5104851,-73.5276104,9.9,4.31,4.11
2278.7,45.5105291,-73.5275975,10.0,4.33,4.11
2283.7,45.5105732,-73.5275847,10.1,4.36,4.12
2288.7,45.5106172,-73.5275721,10.2,4.38,4.12
2293.7,45.5106613,-73.5275595,10.4,4.40,4.12
2298.7,45.5107054,-73.5275471,10.5,4.40,4.13
2303.7,45.5107495,-73.5275347,10.6,4.35,4.17
2308.7,45.5107936,-73.5275224,10.8,4.31,4.20
2313.7,45.5108377,-73.5275101,10.9,4.26,4.24
2318.7,45.5108818,-73.5274979,11.0,4.21,4.27
2323.7,45.5109259,-73.5274857,11.2,4.17,4.30
2328.7,45.5109701,-73.5274736,11.3,4.12,4.34
2333.7,45.5110142,-73.5274617,11.4,4.11,4.35
2338.7,45.5110584,-73.5274498,11.5,4.13,4.35
2343.7,45.5111026,-73.5274381,11.6,4.15,4.35
2348.7,45.5111468,-73.5274267,11.7,4.17,4.34
2353.7,45.5111910,-73.5274155,11.8,4.19,4.34
2358.7,45.5112353,-73.5274047,11.9,4.21,4.34
2363.7,45.5112797,-73.5273942,12.0,4.22,4.33
2368.6,45.5113240,-73.5273841,12.1,4.20,4.28
2373.6,45.5113685,-73.5273744,12.1,4.17,4.23
2378.6,45.5114129,-73.5273652,12.2,4.17,4.18
2383.6,45.5114575,-73.5273565,12.3,4.29,4.11
2388.6,45.5115020,-73.5273483,12.3,4.42,4.05
2393.6,45.5115467,-73.5273408,12.4,4.61,3.99
2398.6,45.5115913,-73.5273338,12.4,4.80,3.95
2403.6,45.5116360,-73.5273273,12.4,4.72,4.05
2408.6,45.5116808,-73.5273214,12.5,4.64,4.15
2413.6,45.5117256,-73.5273159,12.4,4.56,4.25
2418.6,45.5117704,-73.5273109,12.4,4.48,4.35
2423.6,45.5118152,-73.5273064,12.4,4.41,4.44
2428.6,45.5118600,-73.5273022,12.3,4.41,4.46
2433.6,45.5119049,-73.5272984,12.2,4.44,4.43
2438.6,45.5119498,-73.5272950,12.1,4.47,4.40
2443.6,45.5119947,-73.5272919,12.0,4.51,4.38
2448.6,45.5120396,-73.5272891,11.9,4.54,4.35
2453.6,45.5120845,-73.5272865,11.8,4.57,4.33
2458.6,45.5121294,-73.5272843,11.6,4.61,4.30
2463.6,45.5121743,-73.5272823,11.5,4.64,4.27
2468.6,45.5122192,-73.5272806,11.4,4.63,4.24
2473.6,45.5122642,-73.5272794,11.2,4.50,4.16
2478.6,45.5123091,-73.5272786,11.1,4.37,4.09
2483.6,45.5123540,-73.5272784,11.0,4.28,4.05
2488.6,45.5123990,-73.5272788,10.9,4.26,4.07
2493.6,45.5124439,-73.5272798,10.8,4.24,4.08
2498.6,45.5124888,-73.5272817,10.7,4.21,4.10
2503.6,45.5125337,-73.5272843,10.6,4.19,4.11
2508.6,45.5125786,-73.5272878,10.6,4.17,4.13
2513.6,45.5126234,-73.5272922,10.6,4.18,4.14
2518.6,45.5126682,-73.5272976,10.6,4.21,4.16
2523.6,45.5127129,-73.5273042,10.6,4.28,4.15
2528.6,45.5127575,-73.5273118,10.6,4.40,4.11
2533.6,45.5128021,-73.5273205,10.7,4.44,4.10
2538.6,45.5128465,-73.5273301,10.8,4.39,4.14
2543.5,45.5128908,-73.5273405,10.9,4.33,4.17
2548.5,45.5129351,-73.5273517,11.0,4.34,4.20
2553.5,45.5129793,-73.5273635,11.1,4.36,4.23
2558.5,45.5130234,-73.5273759,11.2,4.36,4.24
2563.5,45.5130674,-73.5273887,11.3,4.36,4.24
2568.5,45.5131114,-73.5274019,11.4,4.35,4.24
2573.5,45.5131553,-73.5274154,11.6,4.35,4.24
2578.5,45.5131992,-73.5274290,11.7,4.35,4.24
2583.5,45.5132431,-73.5274427,11.8,4.35,4.24
2588.5,45.5132870,-73.5274563,12.0,4.34,4.23
2593.5,45.5133310,-73.5274699,12.1,4.34,4.23
2598.5,45.5133749,-73.5274833,12.2,4.34,4.23
2603.5,45.5134189,-73.5274966,12.3,4.33,4.23
2608.5,45.5134629,-73.5275098,12.4,4.33,4.23
2613.5,45.5135068,-73.5275230,12.5,4.33,4.23
2618.5,45.5135508,-73.5275361,12.5,4.33,4.23
2623.5,45.5135948,-73.5275493,12.5,4.32,4.23
2628.5,45.5136388,-73.5275626,12.6,4.32,4.23
2633.5,45.5136827,-73.5275759,12.5,4.32,4.23
2638.5,45.5137267,-73.5275893,12.5,4.31,4.23
2643.5,45.5137706,-73.5276029,12.4,4.31,4.23
2648.5,45.5138145,-73.5276167,12.4,4.31,4.22
2653.5,45.5138583,-73.5276307,12.3,4.31,4.22
2658.5,45.5139022,-73.5276450,12.2,4.30,4.22
2663.5,45.5139459,-73.5276594,12.1,4.30,4.22
2668.5,45.5139899,-73.5276728,11.9,4.30,4.22
2673.5,45.5140341,-73.5276840,11.8,4.30,4.24
2678.5,45.5140788,-73.5276914,11.7,4.37,4.60
2683.5,45.5141237,-73.5276928,11.7,4.15,4.93
2688.5,45.5141680,-73.5276825,11.6,4.27,5.07
2693.5,45.5142075,-73.5276529,11.6,4.77,5.14
2698.5,45.5142367,-73.5276047,11.6,5.13,5.35
2703.5,45.5142547,-73.5275462,11.6,5.40,5.39
2708.5,45.5142618,-73.5274831,11.6,5.55,5.55
2713.5,45.5142567,-73.5274195,11.7,5.59,5.80
2718.4,45.5142393,-73.5273606,11.8,5.81,5.93
2723.4,45.5142117,-73.5273101,11.9,6.19,5.89
2728.4,45.5141762,-73.5272709,12.0,6.05,6.38
2733.4,45.5141355,-73.5272441,12.1,6.13,6.57
2738.4,45.5140924,-73.5272260,12.3,6.21,6.47
2743.4,45.5140485,-73.5272120,12.4,6.28,6.51
2748.4,45.5140047,-73.5271980,12.5,6.36,6.54
2753.4,45.5139609,-73.5271833,12.6,6.53,6.58
2758.4,45.5139171,-73.5271691,12.7,6.75,6.64
2763.4,45.5138730,-73.5271569,12.8,6.96,6.70
2768.4,45.5138285,-73.5271475,12.9,6.97,6.86
2773.4,45.5137839,-73.5271407,13.0,6.81,7.10
2778.4,45.5137390,-73.5271359,13.1,6.66,7.32
2783.4,45.5136942,-73.5271324,13.1,6.57,7.17
2788.4,45.5136493,-73.5271298,13.1,6.50,6.84
2793.4,45.5136044,-73.5271273,13.1,6.43,6.51
2798.4,45.5135595,-73.5271243,13.1,6.37,6.18
2803.4,45.5135146,-73.5271205,13.0,6.27,5.83
2808.4,45.5134698,-73.5271154,13.0,5.87,5.30
2813.4,45.5134251,-73.5271086,12.9,5.11,4.64
2818.4,45.5133806,-73.5270998,12.8,4.82,4.52
2823.4,45.5133364,-73.5270887,12.7,4.70,4.53
2828.4,45.5132925,-73.5270748,12.6,4.77,4.56
2833.4,45.5132491,-73.5270579,12.5,4.80,4.63
2838.4,45.5132064,-73.5270380,12.4,4.59,4.79
2843.4,45.5131643,-73.5270157,12.3,4.47,4.81
2848.4,45.5131227,-73.5269914,12.2,4.47,4.59
2853.4,45.5130816,-73.5269655,12.0,4.47,4.41
2858.4,45.5130408,-73.5269386,11.9,4.43,4.39
2863.4,45.5130002,-73.5269111,11.8,4.39,4.37
2868.4,45.5129597,-73.5268833,11.7,4.38,4.35
2873.4,45.5129193,-73.5268554,11.6,4.37,4.32
2878.4,45.5128788,-73.5268274,11.5,4.36,4.29
2883.4,45.5128384,-73.5267995,11.4,4.35,4.27
2888.4,45.5127979,-73.5267715,11.3,4.38,4.32
2893.3,45.5127574,-73.5267437,11.3,4.42,4.41
2898.3,45.5127169,-73.5267159,11.2,4.46,4.50
2903.3,45.5126764,-73.5266883,11.2,4.50,4.58
2908.3,45.5126358,-73.5266608,11.1,4.54,4.67
2913.3,45.5125951,-73.5266336,11.1,4.58,4.76
2918.3,45.5125543,-73.5266067,11.0,4.63,4.84
2923.3,45.5125134,-73.5265800,11.0,4.71,4.88
2928.3,45.5124724,-73.5265537,11.0,4.83,4.87
2933.3,45.5124313,-73.5265278,10.9,4.93,4.86
2938.3,45.5123901,-73.5265022,10.9,4.92,4.94
2943.3,45.5123488,-73.5264771,10.8,4.81,5.06
2948.3,45.5123073,-73.5264523,10.8,4.72,5.18
2953.3,45.5122658,-73.5264279,10.7,4.77,5.20
2958.3,45.5122242,-73.5264037,10.7,4.82,5.22
2963.3,45.5121825,-73.5263798,10.6,4.87,5.23
2968.3,45.5121407,-73.5263561,10.6,4.92,5.25
2973.3,45.5120989,-73.5263326,10.5,4.97,5.26
2978.3,45.5120570,-73.5263093,10.4,5.02,5.28
2983.3,45.5120151,-73.5262861,10.4,5.08,5.29
2988.3,45.5119732,-73.5262630,10.3,5.13,5.31
2993.3,45.5119312,-73.5262400,10.3,5.18,5.33
2998.3,45.5118893,-73.5262170,10.2,5.23,5.34
3003.3,45.5118473,-73.5261941,10.2,5.28,5.36
3008.3,45.5118054,-73.5261711,10.1,5.33,5.37
3013.3,45.5117634,-73.5261481,10.1,5.37,5.39
3018.3,45.5117215,-73.5261252,10.1,5.38,5.41
3023.3,45.5116795,-73.5261022,10.0,5.39,5.42
3028.3,45.5116375,-73.5260792,10.0,5.39,5.44
3033.3,45.5115956,-73.5260562,10.0,5.40,5.46
3038.3,45.5115536,-73.5260332,10.0,5.41,5.48
3043.3,45.5115117,-73.5260103,10.0,5.42,5.49
3048.3,45.5114697,-73.5259873,10.0,5.43,5.51
3053.3,45.5114278,-73.5259643,10.0,5.44,5.53
3058.3,45.5113858,-73.5259414,10.0,5.45,5.55
3063.3,45.5113438,-73.5259184,10.0,5.46,5.56
3068.2,45.5113019,-73.5258955,10.0,5.46,5.58
3073.2,45.5112599,-73.5258725,10.0,5.47,5.60
3078.2,45.5112179,-73.5258496,9.9,5.48,5.62
3083.2,45.5111760,-73.5258267,9.9,5.49,5.63
3088.2,45.5111340,-73.5258038,9.9,5.50,5.65
3093.2,45.5110920,-73.5257809,9.8,5.51,5.67
3098.2,45.5110500,-73.5257581,9.8,5.52,5.69
3103.2,45.5110080,-73.5257352,9.7,5.53,5.70
3108.2,45.5109660,-73.5257124,9.6,5.53,5.72
3113.2,45.5109240,-73.5256896,9.5,5.54,5.74
3118.2,45.5108820,-73.5256668,9.4,5.55,5.76
3123.2,45.5108400,-73.5256440,9.2,5.59,5.80
3128.2,45.5107980,-73.5256213,9.1,5.63,5.85
3133.2,45.5107560,-73.5255986,8.9,5.68,5.90
3138.2,45.5107139,-73.5255759,8.7,5.72,5.95
3143.2,45.5106719,-73.5255533,8.5,5.77,6.00
3148.2,45.5106298,-73.5255307,8.3,5.81,6.05
3153.2,45.5105877,-73.5255082,8.2,5.86,6.11
3158.2,45.5105456,-73.5254858,8.0,5.90,6.16
3163.2,45.5105035,-73.5254636,7.9,5.95,6.21
3168.2,45.5104613,-73.5254415,7.7,5.99,6.26
3173.2,45.5104190,-73.5254196,7.6,6.04,6.31
3178.2,45.5103767,-73.5253980,7.5,6.09,6.36
3183.2,45.5103344,-73.5253766,7.5,6.13,6.41
3188.2,45.5102919,-73.5253555,7.4,6.17,6.46
3193.2,45.5102494,-73.5253346,7.4,6.11,6.45
3198.2,45.5102069,-73.5253141,7.4,5.93,6.36
3203.2,45.5101642,-73.5252940,7.4,5.71,6.21
3208.2,45.5101214,-73.5252743,7.5,5.44,5.93
3213.2,45.5100785,-73.5252553,7.5,5.27,5.69
3218.2,45.5100353,-73.5252377,7.5,5.48,5.59
3223.2,45.5099918,-73.5252218,7.5,5.69,5.50
3228.2,45.5099479,-73.5252079,7.5,5.95,5.62
3233.2,45.5099038,-73.5251953,7.5,6.19,5.73
3238.2,45.5098597,-73.5251833,7.5,6.17,5.71
3243.1,45.5098155,-73.5251712,7.4,6.03,5.64
3248.1,45.5097714,-73.5251588,7.3,5.88,5.57
3253.1,45.5097274,-73.5251462,7.2,5.73,5.50
3258.1,45.5096834,-73.5251333,7.1,5.59,5.43
3263.1,45.5096394,-73.5251203,7.0,5.44,5.36
3268.1,45.5095954,-73.5251072,6.8,5.29,5.29
3273.1,45.5095514,-73.5250940,6.7,5.15,5.22
3278.1,45.5095074,-73.5250809,6.5,5.07,5.17
3283.1,45.5094634,-73.5250677,6.4,5.06,5.16
3288.1,45.5094194,-73.5250546,6.2,5.05,5.14
3293.1,45.5093755,-73.5250414,6.1,5.04,5.12
3298.1,45.5093315,-73.5250282,6.0,5.03,5.11
3303.1,45.5092875,-73.5250150,5.9,5.02,5.09
3308.1,45.5092435,-73.5250018,5.8,5.00,5.07
3313.1,45.5091995,-73.5249886,5.9,4.99,5.06
3318.1,45.5091556,-73.5249754,5.9,4.98,5.04
3323.1,45.5091116,-73.5249623,5.9,4.97,5.02
3328.1,45.5090676,-73.5249491,6.0,4.96,5.00
3333.1,45.5090236,-73.5249359,6.1,4.95,4.99
3338.1,45.5089796,-73.5249226,6.2,4.93,4.97
3343.1,45.5089357,-73.5249094,6.3,4.92,4.95
3348.1,45.5088917,-73.5248962,6.4,4.91,4.94
3353.1,45.5088477,-73.5248830,6.5,4.90,4.92
3358.1,45.5088037,-73.5248698,6.6,4.89,4.91
3363.1,45.5087598,-73.5248566,6.6,4.88,4.90
3368.1,45.5087158,-73.5248434,6.7,4.87,4.89
3373.1,45.5086718,-73.5248302,6.8,4.86,4.88
3378.1,45.5086278,-73.5248169,6.9,4.85,4.88
3383.1,45.5085839,-73.5248037,7.1,4.84,4.87
3388.1,45.5085399,-73.5247905,7.2,4.83,4.86
3393.1,45.5084959,-73.5247773,7.3,4.82,4.86
3398.1,45.5084519,-73.5247640,7.5,4.80,4.85
3403.1,45.5084080,-73.5247508,7.6,4.79,4.84
3408.1,45.5083640,-73.5247376,7.7,4.78,4.84
3413.1,45.5083200,-73.5247244,7.9,4.77,4.83
3418.0,45.5082760,-73.5247111,8.0,4.76,4.82
3423.0,45.5082321,-73.5246979,8.1,4.75,4.81
3428.0,45.5081881,-73.5246847,8.2,4.74,4.81
3433.0,45.5081441,-73.5246714,8.3,4.73,4.80
3438.0,45.5081002,-73.5246582,8.4,4.72,4.79
3443.0,45.5080562,-73.5246450,8.5,4.71,4.79
3448.0,45.5080122,-73.5246318,8.6,4.70,4.78
3453.0,45.5079682,-73.5246185,8.7,4.69,4.77
3458.0,45.5079243,-73.5246053,8.8,4.68,4.77
3463.0,45.5078803,-73.5245921,8.9,4.67,4.76
3468.0,45.5078363,-73.5245789,9.0,4.66,4.75
3473.0,45.5077923,-73.5245657,9.1,4.65,4.75
3478.0,45.5077484,-73.5245524,9.2,4.64,4.74
3483.0,45.5077044,-73.5245392,9.3,4.63,4.73
3488.0,45.5076604,-73.5245260,9.4,4.62,4.72
3493.0,45.5076164,-73.5245128,9.5,4.61,4.72
3498.0,45.5075725,-73.5244996,9.6,4.59,4.71
3503.0,45.5075285,-73.5244864,9.7,4.58,4.70
3508.0,45.5074845,-73.5244732,9.7,4.57,4.70
3513.0,45.5074405,-73.5244600,9.8,4.56,4.69
3518.0,45.5073965,-73.5244468,9.8,4.55,4.68
3523.0,45.5073526,-73.5244336,9.9,4.54,4.68
3528.0,45.5073086,-73.5244204,9.9,4.53,4.67
3533.0,45.5072646,-73.5244072,9.8,4.52,4.66
3538.0,45.5072206,-73.5243940,9.8,4.51,4.66
3543.0,45.5071766,-73.5243808,9.7,4.50,4.65
3548.0,45.5071327,-73.5243677,9.7,4.49,4.64
3553.0,45.5070887,-73.5243545,9.5,4.48,4.63
3558.0,45.5070447,-73.5243413,9.4,4.47,4.63
3563.0,45.5070007,-73.5243281,9.2,4.46,4.62
3568.0,45.5069567,-73.5243150,8.9,4.45,4.61
3573.0,45.5069128,-73.5243018,8.6,4.44,4.61
3578.0,45.5068688,-73.5242887,8.3,4.43,4.60
3583.0,45.5068248,-73.5242755,8.0,4.42,4.59
3588.0,45.5067808,-73.5242624,7.6,4.41,4.59
3592.9,45.5067368,-73.5242493,7.2,4.40,4.58
3597.9,45.5066928,-73.5242361,6.8,4.38,4.57
3602.9,45.5066488,-73.5242230,6.5,4.37,4.57
3607.9,45.5066048,-73.5242099,6.1,4.36,4.56
3612.9,45.5065609,-73.5241968,5.8,4.35,4.55
3617.9,45.5065169,-73.5241837,5.5,4.34,4.54
3622.9,45.5064729,-73.5241706,5.2,4.33,4.54
3627.9,45.5064289,-73.5241575,5.0,4.32,4.53
3632.9,45.5063849,-73.5241444,4.8,4.31,4.52
3637.9,45.5063409,-73.5241313,4.6,4.30,4.52
3642.9,45.5062969,-73.5241182,4.6,4.29,4.51
3647.9,45.5062529,-73.5241052,4.5,4.28,4.50
3652.9,45.5062089,-73.5240921,4.5,4.27,4.50
3657.9,45.5061649,-73.5240790,4.4,4.26,4.49
3662.9,45.5061209,-73.5240660,4.4,4.26,4.49
3667.9,45.5060769,-73.5240530,4.5,4.26,4.48
3672.9,45.5060329,-73.5240399,4.5,4.26,4.48
3677.9,45.5059889,-73.5240269,4.5,4.26,4.47
3682.9,45.5059449,-73.5240139,4.6,4.26,4.47
3687.9,45.5059009,-73.5240009,4.6,4.26,4.46
3692.9,45.5058569,-73.5239879,4.7,4.25,4.46
3697.9,45.5058129,-73.5239749,4.7,4.25,4.46
3702.9,45.5057688,-73.5239619,4.8,4.25,4.45
3707.9,45.5057248,-73.5239489,4.8,4.25,4.45
3712.9,45.5056808,-73.5239360,4.9,4.25,4.44
3717.9,45.5056368,-73.5239230,5.0,4.25,4.44
3722.9,45.5055928,-73.5239101,5.1,4.25,4.43
3727.9,45.5055488,-73.5238972,5.2,4.24,4.43
3732.9,45.5055048,-73.5238842,5.3,4.24,4.43
3737.9,45.5054607,-73.5238713,5.4,4.24,4.42
3742.9,45.5054167,-73.5238584,5.5,4.24,4.42
3747.9,45.5053727,-73.5238455,5.6,4.24,4.41
3752.9,45.5053287,-73.5238326,5.7,4.24,4.41
3757.9,45.5052847,-73.5238198,5.8,4.24,4.40
3762.9,45.5052406,-73.5238069,5.9,4.23,4.40
3767.8,45.5051966,-73.5237941,6.0,4.23,4.39
3772.8,45.5051526,-73.5237812,6.0,4.23,4.39
3777.8,45.5051085,-73.5237684,6.1,4.23,4.39
3782.8,45.5050645,-73.5237556,6.1,4.23,4.38
3787.8,45.5050205,-73.5237428,6.1,4.23,4.38
3792.8,45.5049764,-73.5237300,6.1,4.23,4.37
3797.8,45.5049324,-73.5237172,6.1,4.22,4.37
3802.8,45.5048884,-73.5237044,6.1,4.22,4.36
3807.8,45.5048443,-73.5236916,6.1,4.22,4.36
3812.8,45.5048003,-73.5236789,6.1,4.22,4.35
3817.8,45.5047562,-73.5236662,6.0,4.22,4.35
3822.8,45.5047122,-73.5236534,6.0,4.22,4.35
3827.8,45.5046681,-73.5236407,6.0,4.22,4.34
3832.8,45.5046241,-73.5236280,6.0,4.21,4.34
3837.8,45.5045800,-73.5236153,6.0,4.21,4.33
3842.8,45.5045360,-73.5236027,6.0,4.22,4.34
3847.8,45.5044919,-73.5235900,6.0,4.26,4.36
3852.8,45.5044479,-73.5235773,6.1,4.29,4.38
3857.8,45.5044038,-73.5235646,6.1,4.33,4.41
3862.8,45.5043598,-73.5235520,6.1,4.36,4.43
3867.8,45.5043157,-73.5235393,6.2,4.40,4.45
3872.8,45.5042717,-73.5235266,6.2,4.43,4.48
3877.8,45.5042276,-73.5235139,6.3,4.46,4.50
3882.8,45.5041836,-73.5235012,6.5,4.50,4.52
3887.8,45.5041395,-73.5234884,6.6,4.53,4.54
3892.8,45.5040954,-73.5234759,6.8,4.57,4.57
3897.8,45.5040510,-73.5234660,7.0,4.55,4.57
3902.8,45.5040062,-73.5234619,7.3,4.47,4.60
3907.8,45.5039618,-73.5234712,7.6,4.34,4.82
3912.8,45.5039224,-73.5235017,8.0,4.77,5.16
3917.8,45.5038958,-73.5235532,8.4,4.85,5.44
3922.8,45.5038758,-73.5236106,8.8,5.29,5.12
3927.8,45.5038532,-73.5236660,9.3,5.47,5.10
3932.8,45.5038258,-73.5237169,9.8,5.50,5.28
3937.8,45.5037924,-73.5237596,10.2,5.48,5.45
3942.7,45.5037517,-73.5237862,10.7,5.56,5.18
3947.7,45.5037069,-73.5237903,11.2,5.56,5.14
3952.7,45.5036624,-73.5237819,11.7,5.57,5.25
3957.7,45.5036183,-73.5237692,12.1,5.55,5.29
3962.7,45.5035743,-73.5237561,12.4,5.52,5.32
3967.7,45.5035303,-73.5237431,12.8,5.52,5.33
3972.7,45.5034863,-73.5237300,13.0,5.52,5.33
3977.7,45.5034423,-73.5237169,13.2,5.52,5.33
3982.7,45.5033983,-73.5237038,13.2,5.52,5.34
3987.7,45.5033543,-73.5236907,13.3,5.52,5.34
3992.7,45.5033104,-73.5236776,13.2,5.51,5.35
3997.7,45.5032664,-73.5236644,13.1,5.51,5.35
4002.7,45.5032224,-73.5236513,12.8,5.51,5.36
4007.7,45.5031784,-73.5236382,12.5,5.51,5.36
4012.7,45.5031344,-73.5236250,12.2,5.51,5.37
4017.7,45.5030904,-73.5236119,11.8,5.51,5.37
4022.7,45.5030464,-73.5235987,11.4,5.50,5.38
4027.7,45.5030025,-73.5235855,11.0,5.50,5.38
4032.7,45.5029585,-73.5235723,10.5,5.50,5.39
4037.7,45.5029145,-73.5235591,10.1,5.50,5.39
4042.7,45.5028705,-73.5235459,9.8,5.50,5.40
4047.7,45.5028265,-73.5235327,9.4,5.49,5.40
4052.7,45.5027826,-73.5235195,9.1,5.49,5.41
4057.7,45.5027386,-73.5235063,8.8,5.49,5.41
4062.7,45.5026946,-73.5234930,8.6,5.49,5.42
4067.7,45.5026507,-73.5234798,8.4,5.49,5.42
4072.7,45.5026067,-73.5234666,8.3,5.49,5.43
4077.7,45.5025627,-73.5234533,8.2,5.48,5.43
4082.7,45.5025187,-73.5234401,8.2,5.48,5.44
4087.7,45.5024748,-73.5234268,8.1,5.48,5.44
4092.7,45.5024308,-73.5234136,8.1,5.48,5.45
4097.7,45.5023868,-73.5234003,8.1,5.48,5.45
4102.7,45.5023429,-73.5233870,8.1,5.48,5.45
4107.7,45.5022989,-73.5233738,8.0,5.47,5.46
4112.7,45.5022549,-73.5233605,8.0,5.47,5.46
4117.6,45.5022110,-73.5233472,8.0,5.47,5.47
4122.6,45.5021670,-73.5233339,8.0,5.47,5.47
4127.6,45.5021230,-73.5233206,8.0,5.47,5.48
4132.6,45.5020791,-73.5233074,8.0,5.47,5.48
4137.6,45.5020351,-73.5232941,8.0,5.46,5.49
4142.6,45.5019911,-73.5232808,8.0,5.46,5.49
4147.6,45.5019472,-73.5232675,8.0,5.46,5.50
4152.6,45.5019032,-73.5232542,8.0,5.46,5.50
4157.6,45.5018592,-73.5232409,8.0,5.46,5.51
4162.6,45.5018153,-73.5232276,8.0,5.45,5.51
4167.6,45.5017713,-73.5232144,8.0,5.45,5.52
4172.6,45.5017273,-73.5232011,8.1,5.45,5.52
4177.6,45.5016834,-73.5231878,8.1,5.45,5.53
4182.6,45.5016394,-73.5231745,8.1,5.45,5.53
4187.6,45.5015955,-73.5231612,8.1,5.45,5.54
4192.6,45.5015515,-73.5231479,8.2,5.44,5.54
4197.6,45.5015075,-73.5231347,8.2,5.44,5.55
4202.6,45.5014636,-73.5231214,8.3,5.44,5.55
4207.6,45.5014196,-73.5231081,8.3,5.44,5.56
4212.6,45.5013756,-73.5230949,8.4,5.44,5.56
4217.6,45.5013316,-73.5230816,8.4,5.44,5.57
4222.6,45.5012877,-73.5230683,8.5,5.43,5.57
4227.6,45.5012437,-73.5230551,8.6,5.43,5.57
4232.6,45.5011997,-73.5230418,8.6,5.43,5.58
4237.6,45.5011558,-73.5230286,8.7,5.43,5.58
4242.6,45.5011118,-73.5230154,8.8,5.43,5.59
4247.6,45.5010678,-73.5230021,8.8,5.43,5.59
4252.6,45.5010238,-73.5229889,8.9,5.42,5.60
4257.6,45.5009799,-73.5229757,8.9,5.42,5.60
4262.6,45.5009359,-73.5229625,9.0,5.42,5.61
4267.6,45.5008919,-73.5229493,9.0,5.42,5.61
4272.6,45.5008479,-73.5229361,9.0,5.42,5.62
4277.6,45.5008040,-73.5229229,9.1,5.42,5.62
4282.6,45.5007600,-73.5229097,9.1,5.41,5.63
4287.6,45.5007160,-73.5228966,9.2,5.41,5.63
4292.5,45.5006720,-73.5228834,9.3,5.41,5.64
4297.5,45.5006280,-73.5228703,9.3,5.41,5.64
4302.5,45.5005840,-73.5228571,9.4,5.41,5.65
4307.5,45.5005401,-73.5228440,9.5,5.40,5.65
4312.5,45.5004961,-73.5228309,9.6,5.40,5.66
4317.5,45.5004521,-73.5228178,9.6,5.40,5.66
4322.5,45.5004081,-73.5228047,9.7,5.40,5.67
4327.5,45.5003641,-73.5227916,9.8,5.40,5.67
4332.5,45.5003201,-73.5227785,10.0,5.40,5.68
4337.5,45.5002761,-73.5227654,10.1,5.39,5.68
4342.5,45.5002321,-73.5227524,10.2,5.39,5.68
4347.5,45.5001881,-73.5227394,10.3,5.39,5.69
4352.5,45.5001441,-73.5227263,10.4,5.39,5.69
