# monza: centreline in race direction, 5 m spacing. Source: TUMFTM racetrack-database (LGPL-3.0) geo-referenced onto OpenStreetMap (ODbL); elevation eudem25m via OpenTopoData
# widths are metres from the centreline to the track edge (TUMFTM only, blank for OSM)
s_m,lat,lon,elev_m,w_right_m,w_left_m
0.0,45.6161971,9.2807714,185.5,5.74,5.93
5.0,45.6162419,9.2807778,185.6,5.73,5.93
10.0,45.6162866,9.2807843,185.6,5.73,5.93
15.0,45.6163314,9.2807907,185.6,5.73,5.92
20.0,45.6163761,9.2807971,185.6,5.72,5.92
25.0,45.6164209,9.2808036,185.7,5.72,5.92
30.0,45.6164656,9.2808100,185.7,5.71,5.91
35.0,45.6165103,9.2808164,185.8,5.71,5.91
40.0,45.6165551,9.2808228,185.8,5.71,5.91
45.0,45.6165998,9.2808292,185.9,5.70,5.90
50.0,45.6166446,9.2808356,185.9,5.70,5.90
55.0,45.6166893,9.2808420,186.0,5.70,5.90
60.0,45.6167341,9.2808485,186.0,5.69,5.90
65.0,45.6167788,9.2808549,186.1,5.69,5.89
70.0,45.6168235,9.2808613,186.1,5.68,5.89
75.0,45.6168683,9.2808677,186.2,5.68,5.89
80.0,45.6169130,9.2808741,186.2,5.68,5.88
85.0,45.6169578,9.2808805,186.3,5.67,5.88
90.0,45.6170025,9.2808869,186.3,5.67,5.88
95.0,45.6170473,9.2808933,186.4,5.66,5.87
100.0,45.6170920,9.2808997,186.4,5.66,5.87
105.0,45.6171367,9.2809062,186.5,5.66,5.87
110.0,45.6171815,9.2809126,186.5,5.65,5.87
115.0,45.6172262,9.2809190,186.6,5.65,5.86
120.0,45.6172710,9.2809254,186.6,5.64,5.86
125.0,45.6173157,9.2809319,186.6,5.64,5.86
130.0,45.6173605,9.2809383,186.7,5.64,5.85
135.0,45.6174052,9.2809448,186.7,5.63,5.85
140.0,45.6174499,9.2809512,186.8,5.63,5.85
145.0,45.6174947,9.2809577,186.8,5.62,5.85
150.0,45.6175394,9.2809642,186.8,5.62,5.84
155.0,45.6175842,9.2809707,186.9,5.62,5.84
160.0,45.6176289,9.2809772,186.9,5.61,5.84
165.0,45.6176736,9.2809837,187.0,5.61,5.83
170.0,45.6177184,9.2809902,187.0,5.60,5.83
175.0,45.6177631,9.2809967,187.1,5.60,5.83
180.0,45.6178078,9.2810033,187.1,5.60,5.82
185.0,45.6178526,9.2810098,187.1,5.59,5.82
190.0,45.6178973,9.2810164,187.2,5.59,5.82
195.0,45.6179420,9.2810230,187.2,5.58,5.82
200.0,45.6179868,9.2810296,187.3,5.58,5.81
205.0,45.6180315,9.2810361,187.3,5.58,5.81
210.0,45.6180762,9.2810428,187.4,5.57,5.81
215.0,45.6181210,9.2810494,187.4,5.57,5.80
220.0,45.6181657,9.2810560,187.5,5.56,5.80
225.0,45.6182104,9.2810626,187.5,5.56,5.80
230.0,45.6182551,9.2810692,187.5,5.56,5.79
235.0,45.6182999,9.2810758,187.6,5.55,5.79
240.0,45.6183446,9.2810825,187.7,5.55,5.79
245.0,45.6183893,9.2810891,187.7,5.54,5.79
250.0,45.6184341,9.2810957,187.8,5.54,5.78
255.0,45.6184788,9.2811023,187.8,5.54,5.78
260.0,45.6185235,9.2811089,187.9,5.53,5.78
265.0,45.6185682,9.2811155,188.0,5.53,5.77
270.0,45.6186130,9.2811221,188.0,5.52,5.77
275.0,45.6186577,9.2811287,188.1,5.52,5.77
280.0,45.6187024,9.2811353,188.2,5.52,5.76
285.0,45.6187472,9.2811419,188.2,5.51,5.76
290.0,45.6187919,9.2811485,188.3,5.51,5.76
295.0,45.6188366,9.2811550,188.4,5.50,5.76
300.0,45.6188814,9.2811616,188.4,5.50,5.75
305.0,45.6189261,9.2811681,188.5,5.50,5.75
310.0,45.6189708,9.2811746,188.5,5.50,5.75
315.0,45.6190156,9.2811811,188.6,5.51,5.73
320.0,45.6190603,9.2811876,188.6,5.53,5.71
325.0,45.6191050,9.2811941,188.6,5.55,5.69
330.0,45.6191498,9.2812005,188.6,5.57,5.67
335.0,45.6191945,9.2812070,188.6,5.59,5.65
340.0,45.6192393,9.2812134,188.6,5.61,5.63
345.0,45.6192840,9.2812198,188.6,5.63,5.61
350.0,45.6193288,9.2812261,188.6,5.65,5.59
355.0,45.6193735,9.2812325,188.5,5.67,5.57
360.0,45.6194183,9.2812388,188.4,5.69,5.54
365.0,45.6194630,9.2812451,188.4,5.71,5.52
370.0,45.6195078,9.2812513,188.3,5.73,5.50
375.0,45.6195525,9.2812576,188.2,5.75,5.48
380.0,45.6195973,9.2812638,188.1,5.74,5.47
385.0,45.6196420,9.2812699,188.0,5.73,5.45
390.0,45.6196868,9.2812761,187.9,5.71,5.44
395.0,45.6197316,9.2812822,187.8,5.69,5.42
400.0,45.6197763,9.2812883,187.8,5.68,5.41
405.0,45.6198211,9.2812944,187.7,5.66,5.40
410.0,45.6198659,9.2813005,187.6,5.65,5.38
415.0,45.6199106,9.2813065,187.6,5.63,5.37
420.0,45.6199554,9.2813125,187.6,5.61,5.35
425.0,45.6200002,9.2813185,187.6,5.60,5.34
430.0,45.6200449,9.2813245,187.6,5.58,5.32
435.0,45.6200897,9.2813305,187.6,5.56,5.31
440.0,45.6201345,9.2813364,187.6,5.55,5.29
445.0,45.6201793,9.2813423,187.7,5.53,5.28
450.0,45.6202240,9.2813482,187.7,5.51,5.27
455.0,45.6202688,9.2813541,187.8,5.50,5.25
460.0,45.6203136,9.2813600,187.8,5.48,5.24
465.0,45.6203584,9.2813658,187.9,5.46,5.22
470.0,45.6204032,9.2813716,188.0,5.45,5.21
475.0,45.6204480,9.2813774,188.1,5.43,5.19
480.0,45.6204927,9.2813832,188.1,5.42,5.18
485.0,45.6205375,9.2813890,188.2,5.40,5.16
490.0,45.6205823,9.2813948,188.3,5.38,5.15
495.0,45.6206271,9.2814005,188.3,5.36,5.14
500.0,45.6206719,9.2814063,188.4,5.31,5.13
505.0,45.6207167,9.2814120,188.5,5.27,5.12
510.0,45.6207615,9.2814177,188.5,5.23,5.11
515.0,45.6208063,9.2814234,188.6,5.19,5.11
520.0,45.6208510,9.2814291,188.6,5.15,5.10
525.0,45.6208958,9.2814348,188.7,5.10,5.09
530.0,45.6209406,9.2814404,188.7,5.06,5.08
535.0,45.6209854,9.2814461,188.8,5.02,5.07
540.0,45.6210302,9.2814517,188.8,4.98,5.07
545.0,45.6210750,9.2814574,188.8,4.94,5.06
550.0,45.6211198,9.2814630,188.8,4.91,5.06
555.0,45.6211646,9.2814686,188.9,4.90,5.06
560.0,45.6212094,9.2814742,188.9,4.88,5.07
565.0,45.6212542,9.2814798,188.9,4.88,5.05
570.0,45.6212990,9.2814854,189.0,4.87,5.04
575.0,45.6213438,9.2814910,189.0,4.86,5.03
580.0,45.6213886,9.2814966,189.0,4.85,5.02
585.0,45.6214334,9.2815022,189.1,4.84,5.01
590.0,45.6214782,9.2815077,189.1,4.84,4.99
595.0,45.6215230,9.2815133,189.2,4.83,4.98
600.0,45.6215678,9.2815189,189.2,4.82,4.97
605.0,45.6216126,9.2815244,189.2,4.81,4.96
610.0,45.6216574,9.2815300,189.3,4.81,4.94
615.0,45.6217022,9.2815355,189.4,4.80,4.93
620.0,45.6217470,9.2815411,189.4,4.79,4.92
625.0,45.6217918,9.2815466,189.5,4.78,4.91
630.0,45.6218366,9.2815522,189.5,4.78,4.89
635.0,45.6218814,9.2815578,189.6,4.77,4.88
640.0,45.6219262,9.2815633,189.6,4.76,4.87
645.0,45.6219710,9.2815689,189.7,4.75,4.86
650.0,45.6220158,9.2815744,189.7,4.75,4.85
655.0,45.6220606,9.2815800,189.7,4.74,4.83
660.0,45.6221054,9.2815855,189.8,4.73,4.82
665.0,45.6221502,9.2815911,189.8,4.72,4.81
670.0,45.6221950,9.2815966,189.8,4.72,4.80
675.0,45.6222398,9.2816022,189.8,4.71,4.78
680.0,45.6222846,9.2816078,189.8,4.70,4.77
685.0,45.6223294,9.2816134,189.8,4.69,4.76
690.0,45.6223742,9.2816189,189.8,4.69,4.75
695.0,45.6224190,9.2816245,189.7,4.68,4.73
700.0,45.6224638,9.2816301,189.7,4.67,4.72
705.0,45.6225086,9.2816357,189.6,4.66,4.71
710.0,45.6225534,9.2816413,189.5,4.66,4.70
715.0,45.6225982,9.2816469,189.4,4.65,4.68
720.0,45.6226430,9.2816525,189.3,4.64,4.67
725.0,45.6226877,9.2816582,189.2,4.63,4.66
730.0,45.6227325,9.2816638,189.1,4.63,4.65
735.0,45.6227773,9.2816695,189.0,4.62,4.64
740.0,45.6228221,9.2816751,188.9,4.61,4.62
745.0,45.6228669,9.2816808,188.8,4.60,4.61
750.0,45.6229117,9.2816864,188.6,4.60,4.60
755.0,45.6229565,9.2816921,188.5,4.59,4.59
760.0,45.6230013,9.2816978,188.4,4.58,4.57
765.0,45.6230461,9.2817035,188.4,4.57,4.56
770.0,45.6230909,9.2817091,188.3,4.56,4.55
775.0,45.6231357,9.2817148,188.2,4.56,4.54
780.0,45.6231805,9.2817205,188.2,4.55,4.52
785.0,45.6232253,9.2817262,188.2,4.54,4.51
790.0,45.6232700,9.2817319,188.2,4.53,4.50
795.0,45.6233148,9.2817376,188.2,4.53,4.49
800.0,45.6233596,9.2817432,188.3,4.52,4.48
805.0,45.6234044,9.2817489,188.3,4.51,4.46
810.0,45.6234492,9.2817546,188.4,4.50,4.45
815.0,45.6234940,9.2817603,188.5,4.50,4.44
820.0,45.6235388,9.2817659,188.6,4.49,4.43
825.0,45.6235836,9.2817716,188.7,4.48,4.41
830.0,45.6236284,9.2817772,188.9,4.47,4.40
835.0,45.6236732,9.2817829,189.0,4.47,4.39
840.0,45.6237180,9.2817885,189.1,4.46,4.38
845.0,45.6237628,9.2817942,189.2,4.45,4.36
850.0,45.6238076,9.2817998,189.4,4.44,4.35
855.0,45.6238524,9.2818054,189.5,4.44,4.34
860.0,45.6238972,9.2818110,189.6,4.43,4.33
865.0,45.6239420,9.2818166,189.7,4.42,4.31
870.0,45.6239868,9.2818221,189.8,4.41,4.30
875.0,45.6240316,9.2818277,189.9,4.41,4.29
880.0,45.6240764,9.2818333,190.0,4.40,4.28
885.0,45.6241212,9.2818388,190.1,4.39,4.26
890.0,45.6241660,9.2818443,190.2,4.38,4.25
895.0,45.6242108,9.2818498,190.2,4.38,4.24
900.0,45.6242556,9.2818553,190.3,4.37,4.23
905.0,45.6243004,9.2818607,190.3,4.36,4.22
910.0,45.6243452,9.2818662,190.4,4.35,4.20
915.0,45.6243900,9.2818715,190.5,4.35,4.19
920.0,45.6244348,9.2818770,190.5,4.33,4.19
925.0,45.6244792,9.2818864,190.6,4.16,4.33
930.0,45.6245199,9.2819125,190.6,4.03,4.80
935.0,45.6245462,9.2819633,190.7,4.11,4.50
940.0,45.6245544,9.2820259,190.7,4.25,4.13
945.0,45.6245508,9.2820899,190.8,4.61,4.18
950.0,45.6245424,9.2821530,190.8,4.57,4.08
955.0,45.6245360,9.2822166,190.9,4.54,3.98
960.0,45.6245383,9.2822803,191.0,4.49,4.02
965.0,45.6245534,9.2823403,191.0,4.46,4.37
970.0,45.6245799,9.2823918,191.1,4.45,4.45
975.0,45.6246152,9.2824311,191.2,4.44,4.41
980.0,45.6246575,9.2824514,191.3,4.77,4.25
985.0,45.6247023,9.2824538,191.4,4.80,3.93
990.0,45.6247468,9.2824452,191.5,4.65,4.04
995.0,45.6247907,9.2824314,191.6,4.40,4.19
1000.0,45.6248344,9.2824162,191.7,4.29,4.33
1005.0,45.6248780,9.2824005,191.8,4.29,4.44
1010.0,45.6249215,9.2823843,191.9,4.29,4.44
1015.0,45.6249650,9.2823679,191.9,4.28,4.44
1020.0,45.6250084,9.2823511,192.0,4.27,4.44
1025.0,45.6250518,9.2823342,192.1,4.26,4.45
1030.0,45.6250952,9.2823172,192.2,4.25,4.45
1035.0,45.6251386,9.2823002,192.2,4.25,4.45
1040.0,45.6251819,9.2822832,192.3,4.24,4.45
1045.0,45.6252253,9.2822663,192.3,4.23,4.46
1050.0,45.6252687,9.2822497,192.4,4.22,4.46
1055.0,45.6253122,9.2822332,192.5,4.21,4.46
1060.0,45.6253558,9.2822172,192.5,4.20,4.46
1065.0,45.6253994,9.2822016,192.6,4.20,4.47
1070.0,45.6254431,9.2821864,192.6,4.19,4.47
1075.0,45.6254869,9.2821719,192.7,4.19,4.48
1080.0,45.6255308,9.2821580,192.7,4.19,4.49
1085.0,45.6255748,9.2821448,192.8,4.20,4.50
1090.0,45.6256189,9.2821325,192.9,4.20,4.50
1095.0,45.6256632,9.2821210,192.9,4.22,4.48
1100.0,45.6257075,9.2821104,193.0,4.27,4.43
1105.0,45.6257520,9.2821009,193.1,4.31,4.38
1110.0,45.6257966,9.2820923,193.2,4.34,4.35
1115.0,45.6258412,9.2820849,193.3,4.34,4.38
1120.0,45.6258860,9.2820787,193.4,4.32,4.43
1125.0,45.6259308,9.2820737,193.5,4.30,4.49
1130.0,45.6259757,9.2820700,193.6,4.29,4.54
1135.0,45.6260206,9.2820677,193.7,4.26,4.60
1140.0,45.6260656,9.2820666,193.8,4.24,4.65
1145.0,45.6261106,9.2820668,193.9,4.22,4.70
1150.0,45.6261555,9.2820680,194.0,4.20,4.75
1155.0,45.6262005,9.2820701,194.1,4.18,4.79
1160.0,45.6262454,9.2820730,194.3,4.18,4.78
1165.0,45.6262903,9.2820766,194.4,4.18,4.76
1170.0,45.6263352,9.2820808,194.5,4.18,4.75
1175.0,45.6263800,9.2820854,194.6,4.17,4.74
1180.0,45.6264248,9.2820903,194.8,4.17,4.73
1185.0,45.6264697,9.2820955,194.9,4.17,4.71
1190.0,45.6265145,9.2821008,195.0,4.17,4.70
1195.0,45.6265593,9.2821063,195.1,4.17,4.69
1200.0,45.6266041,9.2821118,195.2,4.17,4.68
1205.0,45.6266489,9.2821173,195.3,4.17,4.66
1210.0,45.6266937,9.2821227,195.5,4.17,4.65
1215.0,45.6267385,9.2821280,195.6,4.16,4.64
1220.0,45.6267833,9.2821332,195.7,4.16,4.62
1225.0,45.6268282,9.2821381,195.8,4.16,4.61
1230.0,45.6268730,9.2821428,195.9,4.16,4.60
1235.0,45.6269179,9.2821473,196.0,4.16,4.59
1240.0,45.6269627,9.2821517,196.0,4.16,4.57
1245.0,45.6270076,9.2821561,196.1,4.16,4.56
1250.0,45.6270525,9.2821605,196.2,4.15,4.55
1255.0,45.6270973,9.2821650,196.3,4.15,4.54
1260.0,45.6271422,9.2821697,196.4,4.15,4.52
1265.0,45.6271870,9.2821747,196.4,4.15,4.51
1270.0,45.6272318,9.2821800,196.5,4.15,4.50
1275.0,45.6272766,9.2821857,196.5,4.15,4.49
1280.0,45.6273214,9.2821918,196.6,4.15,4.47
1285.0,45.6273661,9.2821984,196.6,4.15,4.48
1290.0,45.6274108,9.2822057,196.7,4.16,4.55
1295.0,45.6274554,9.2822136,196.7,4.17,4.66
1300.0,45.6275000,9.2822223,196.8,4.16,4.68
1305.0,45.6275444,9.2822317,196.8,4.14,4.64
1310.0,45.6275888,9.2822421,196.8,4.12,4.60
1315.0,45.6276331,9.2822533,196.9,4.11,4.56
1320.0,45.6276772,9.2822656,196.9,4.09,4.52
1325.0,45.6277212,9.2822790,196.9,4.09,4.48
1330.0,45.6277650,9.2822936,197.0,4.15,4.43
1335.0,45.6278086,9.2823093,197.0,4.22,4.39
1340.0,45.6278519,9.2823264,197.0,4.27,4.37
1345.0,45.6278950,9.2823448,197.0,4.28,4.42
1350.0,45.6279378,9.2823646,197.0,4.27,4.50
1355.0,45.6279802,9.2823859,197.1,4.26,4.58
1360.0,45.6280223,9.2824087,197.1,4.25,4.63
1365.0,45.6280639,9.2824330,197.1,4.24,4.63
1370.0,45.6281052,9.2824584,197.1,4.24,4.59
1375.0,45.6281462,9.2824849,197.1,4.24,4.54
1380.0,45.6281869,9.2825123,197.1,4.24,4.50
1385.0,45.6282273,9.2825404,197.1,4.24,4.46
1390.0,45.6282675,9.2825692,197.1,4.24,4.44
1395.0,45.6283076,9.2825983,197.0,4.25,4.48
1400.0,45.6283476,9.2826277,197.0,4.26,4.52
1405.0,45.6283875,9.2826573,196.9,4.27,4.56
1410.0,45.6284273,9.2826871,196.8,4.27,4.60
1415.0,45.6284669,9.2827176,196.7,4.27,4.64
1420.0,45.6285061,9.2827491,196.6,4.25,4.68
1425.0,45.6285447,9.2827821,196.5,4.22,4.73
1430.0,45.6285827,9.2828166,196.3,4.18,4.77
1435.1,45.6286199,9.2828526,196.1,4.15,4.82
1440.1,45.6286565,9.2828900,195.9,4.15,4.84
1445.1,45.6286925,9.2829286,195.7,4.24,4.78
1450.1,45.6287279,9.2829681,195.5,4.38,4.67
1455.1,45.6287629,9.2830086,195.3,4.52,4.56
1460.1,45.6287973,9.2830499,195.0,4.62,4.48
1465.1,45.6288312,9.2830922,194.8,4.60,4.48
1470.1,45.6288646,9.2831352,194.6,4.54,4.52
1475.1,45.6288975,9.2831791,194.4,4.47,4.56
1480.1,45.6289298,9.2832238,194.1,4.41,4.59
1485.1,45.6289616,9.2832692,194.0,4.38,4.61
1490.1,45.6289930,9.2833153,193.8,4.34,4.62
1495.1,45.6290238,9.2833622,193.7,4.30,4.63
1500.1,45.6290540,9.2834097,193.5,4.29,4.64
1505.1,45.6290838,9.2834579,193.5,4.31,4.65
1510.1,45.6291131,9.2835067,193.4,4.34,4.65
1515.1,45.6291419,9.2835561,193.4,4.35,4.65
1520.1,45.6291701,9.2836061,193.4,4.34,4.65
1525.1,45.6291979,9.2836566,193.5,4.32,4.65
1530.1,45.6292253,9.2837077,193.5,4.30,4.65
1535.1,45.6292521,9.2837592,193.6,4.30,4.62
1540.1,45.6292785,9.2838113,193.8,4.33,4.52
1545.1,45.6293044,9.2838639,193.9,4.39,4.35
1550.1,45.6293298,9.2839169,194.1,4.45,4.18
1555.1,45.6293547,9.2839704,194.2,4.46,4.11
1560.1,45.6293792,9.2840244,194.4,4.37,4.26
1565.1,45.6294031,9.2840788,194.6,4.24,4.50
1570.1,45.6294265,9.2841337,194.8,4.12,4.72
1575.1,45.6294493,9.2841891,195.0,4.08,4.80
1580.1,45.6294716,9.2842449,195.2,4.16,4.68
1585.1,45.6294934,9.2843012,195.3,4.24,4.56
1590.1,45.6295146,9.2843579,195.5,4.31,4.44
1595.1,45.6295351,9.2844151,195.7,4.39,4.33
1600.1,45.6295551,9.2844727,195.8,4.39,4.29
1605.1,45.6295744,9.2845307,196.0,4.28,4.38
1610.1,45.6295931,9.2845892,196.1,4.17,4.47
1615.1,45.6296112,9.2846481,196.2,4.06,4.55
1620.1,45.6296286,9.2847074,196.3,3.95,4.64
1625.1,45.6296453,9.2847671,196.4,3.84,4.73
1630.1,45.6296613,9.2848271,196.5,3.77,4.79
1635.1,45.6296766,9.2848876,196.5,3.80,4.76
1640.1,45.6296913,9.2849483,196.5,3.91,4.67
1645.1,45.6297054,9.2850094,196.6,4.02,4.58
1650.1,45.6297189,9.2850707,196.6,4.13,4.49
1655.1,45.6297320,9.2851322,196.6,4.24,4.40
1660.1,45.6297446,9.2851940,196.6,4.31,4.34
1665.1,45.6297568,9.2852558,196.5,4.31,4.32
1670.1,45.6297687,9.2853178,196.5,4.32,4.31
1675.1,45.6297803,9.2853800,196.5,4.32,4.29
1680.1,45.6297916,9.2854422,196.4,4.33,4.28
1685.1,45.6298027,9.2855045,196.4,4.31,4.30
1690.1,45.6298134,9.2855669,196.4,4.27,4.34
1695.1,45.6298239,9.2856295,196.3,4.24,4.38
1700.1,45.6298340,9.2856921,196.3,4.20,4.42
1705.1,45.6298437,9.2857549,196.2,4.22,4.48
1710.1,45.6298530,9.2858178,196.1,4.33,4.57
1715.1,45.6298618,9.2858808,196.1,4.44,4.66
1720.1,45.6298702,9.2859440,196.0,4.56,4.75
1725.1,45.6298781,9.2860073,196.0,4.67,4.84
1730.1,45.6298856,9.2860707,195.9,4.72,4.89
1735.1,45.6298926,9.2861342,195.9,4.65,4.87
1740.1,45.6298992,9.2861978,195.8,4.55,4.84
1745.1,45.6299054,9.2862615,195.7,4.45,4.81
1750.1,45.6299112,9.2863252,195.7,4.36,4.78
1755.1,45.6299168,9.2863890,195.6,4.26,4.74
1760.1,45.6299220,9.2864529,195.6,4.16,4.71
1765.1,45.6299269,9.2865168,195.5,4.08,4.68
1770.1,45.6299315,9.2865807,195.5,4.04,4.66
1775.1,45.6299360,9.2866447,195.4,4.05,4.65
1780.1,45.6299402,9.2867087,195.4,4.06,4.64
1785.1,45.6299442,9.2867728,195.4,4.08,4.63
1790.1,45.6299480,9.2868368,195.3,4.09,4.62
1795.1,45.6299517,9.2869009,195.3,4.11,4.61
1800.1,45.6299553,9.2869650,195.4,4.12,4.61
1805.1,45.6299589,9.2870291,195.4,4.14,4.60
1810.1,45.6299623,9.2870932,195.4,4.15,4.59
1815.1,45.6299657,9.2871573,195.5,4.17,4.58
1820.1,45.6299691,9.2872214,195.5,4.18,4.57
1825.1,45.6299724,9.2872855,195.6,4.20,4.56
1830.1,45.6299757,9.2873497,195.7,4.21,4.55
1835.1,45.6299790,9.2874138,195.8,4.22,4.54
1840.1,45.6299823,9.2874779,195.9,4.24,4.53
1845.1,45.6299856,9.2875420,196.0,4.25,4.52
1850.1,45.6299888,9.2876061,196.1,4.27,4.51
1855.1,45.6299921,9.2876703,196.2,4.28,4.50
1860.1,45.6299954,9.2877344,196.2,4.30,4.49
1865.1,45.6299987,9.2877985,196.3,4.31,4.48
1870.1,45.6300020,9.2878626,196.4,4.33,4.47
1875.1,45.6300053,9.2879267,196.5,4.34,4.46
1880.1,45.6300087,9.2879909,196.6,4.36,4.45
1885.1,45.6300121,9.2880550,196.7,4.37,4.44
1890.1,45.6300156,9.2881191,196.8,4.38,4.43
1895.1,45.6300191,9.2881832,196.9,4.40,4.42
1900.1,45.6300227,9.2882473,196.9,4.41,4.41
1905.1,45.6300263,9.2883113,197.0,4.43,4.40
1910.1,45.6300300,9.2883754,197.1,4.44,4.39
1915.1,45.6300337,9.2884395,197.2,4.46,4.39
1920.1,45.6300374,9.2885036,197.3,4.47,4.38
1925.1,45.6300412,9.2885676,197.3,4.48,4.37
1930.1,45.6300450,9.2886317,197.4,4.46,4.38
1935.1,45.6300488,9.2886958,197.5,4.44,4.41
1940.1,45.6300525,9.2887598,197.6,4.41,4.43
1945.1,45.6300563,9.2888239,197.6,4.38,4.45
1950.1,45.6300600,9.2888880,197.7,4.35,4.48
1955.1,45.6300637,9.2889521,197.8,4.32,4.50
1960.1,45.6300673,9.2890161,197.8,4.30,4.52
1965.1,45.6300708,9.2890802,197.9,4.27,4.54
1970.1,45.6300743,9.2891443,197.9,4.24,4.57
1975.1,45.6300777,9.2892085,198.0,4.21,4.59
1980.1,45.6300809,9.2892726,198.0,4.18,4.61
1985.1,45.6300841,9.2893367,198.0,4.16,4.64
1990.1,45.6300871,9.2894009,198.1,4.13,4.66
1995.1,45.6300901,9.2894650,198.1,4.10,4.68
2000.1,45.6300929,9.2895292,198.1,4.07,4.70
2005.1,45.6300955,9.2895934,198.1,4.05,4.73
2010.1,45.6300981,9.2896576,198.2,4.11,4.79
2015.1,45.6301005,9.2897218,198.2,4.25,4.88
2020.1,45.6301029,9.2897860,198.2,4.40,4.97
2025.1,45.6301051,9.2898502,198.1,4.54,5.06
2030.1,45.6301073,9.2899144,198.1,4.68,5.15
2035.1,45.6301093,9.2899786,198.1,4.83,5.24
2040.1,45.6301113,9.2900429,198.1,4.97,5.33
2045.1,45.6301133,9.2901071,198.1,5.12,5.42
2050.1,45.6301151,9.2901713,198.0,5.26,5.51
2055.1,45.6301169,9.2902356,198.0,5.41,5.60
2060.1,45.6301187,9.2902998,197.9,5.55,5.70
2065.1,45.6301204,9.2903641,197.9,5.70,5.79
2070.1,45.6301220,9.2904283,197.9,5.84,5.88
2075.1,45.6301237,9.2904926,197.8,5.99,5.97
2080.1,45.6301253,9.2905568,197.8,6.13,6.06
2085.1,45.6301269,9.2906211,197.7,6.25,6.12
2090.1,45.6301285,9.2906853,197.7,6.21,6.03
2095.1,45.6301301,9.2907496,197.7,6.01,5.78
2100.1,45.6301318,9.2908138,197.6,5.82,5.54
2105.1,45.6301337,9.2908781,197.6,5.63,5.29
2110.1,45.6301357,9.2909423,197.6,5.43,5.04
2115.1,45.6301379,9.2910065,197.5,5.24,4.80
2120.1,45.6301402,9.2910707,197.5,5.05,4.56
2125.1,45.6301429,9.2911349,197.4,4.86,4.32
2130.1,45.6301461,9.2911990,197.4,4.67,4.08
2135.1,45.6301514,9.2912628,197.3,4.57,3.84
2140.1,45.6301617,9.2913252,197.2,4.63,3.71
2145.1,45.6301808,9.2913829,197.1,4.51,3.74
2150.1,45.6302108,9.2914298,197.0,4.35,3.97
2155.1,45.6302488,9.2914633,196.9,4.15,4.25
2160.1,45.6302904,9.2914874,196.7,4.01,4.29
2165.1,45.6303335,9.2915059,196.6,4.07,4.22
2170.1,45.6303770,9.2915218,196.5,4.20,4.13
2175.1,45.6304205,9.2915382,196.4,4.34,4.04
2180.1,45.6304627,9.2915599,196.2,4.21,4.23
2185.1,45.6305013,9.2915922,196.1,4.02,4.54
2190.1,45.6305326,9.2916374,196.0,3.98,4.61
2195.1,45.6305528,9.2916940,196.0,4.05,4.48
2200.1,45.6305628,9.2917564,195.9,4.39,4.14
2205.1,45.6305680,9.2918202,195.8,4.52,4.06
2210.1,45.6305729,9.2918841,195.7,4.49,4.18
2215.1,45.6305791,9.2919478,195.7,4.44,4.29
2220.1,45.6305866,9.2920112,195.7,4.37,4.39
2225.1,45.6305949,9.2920744,195.6,4.29,4.49
2230.1,45.6306042,9.2921373,195.6,4.27,4.52
2235.1,45.6306142,9.2922000,195.5,4.36,4.46
2240.1,45.6306248,9.2922624,195.5,4.49,4.35
2245.1,45.6306361,9.2923247,195.5,4.63,4.24
2250.1,45.6306480,9.2923867,195.4,4.72,4.17
2255.1,45.6306602,9.2924485,195.4,4.71,4.17
2260.1,45.6306729,9.2925102,195.4,4.66,4.20
2265.1,45.6306858,9.2925718,195.3,4.62,4.23
2270.1,45.6306990,9.2926333,195.3,4.57,4.26
2275.1,45.6307125,9.2926946,195.3,4.54,4.28
2280.1,45.6307261,9.2927559,195.3,4.54,4.29
2285.1,45.6307399,9.2928171,195.2,4.53,4.30
2290.1,45.6307539,9.2928782,195.2,4.52,4.31
2295.1,45.6307681,9.2929392,195.2,4.52,4.32
2300.1,45.6307823,9.2930002,195.2,4.51,4.33
2305.1,45.6307967,9.2930611,195.2,4.50,4.34
2310.1,45.6308112,9.2931220,195.2,4.50,4.35
2315.1,45.6308258,9.2931828,195.3,4.49,4.36
2320.1,45.6308404,9.2932436,195.3,4.48,4.37
2325.1,45.6308550,9.2933044,195.3,4.48,4.38
2330.1,45.6308697,9.2933652,195.3,4.47,4.39
2335.1,45.6308843,9.2934260,195.3,4.46,4.40
2340.1,45.6308989,9.2934868,195.4,4.46,4.41
2345.1,45.6309135,9.2935476,195.4,4.45,4.42
2350.1,45.6309280,9.2936085,195.4,4.44,4.43
2355.1,45.6309424,9.2936694,195.5,4.43,4.44
2360.1,45.6309567,9.2937303,195.5,4.43,4.45
2365.1,45.6309710,9.2937913,195.6,4.42,4.46
2370.1,45.6309852,9.2938523,195.6,4.41,4.47
2375.1,45.6309993,9.2939133,195.7,4.41,4.48
2380.1,45.6310134,9.2939744,195.8,4.40,4.49
2385.1,45.6310274,9.2940355,195.9,4.39,4.50
2390.1,45.6310414,9.2940966,196.0,4.39,4.52
2395.1,45.6310554,9.2941577,196.1,4.40,4.54
2400.1,45.6310693,9.2942188,196.3,4.41,4.58
2405.1,45.6310833,9.2942799,196.4,4.42,4.61
2410.1,45.6310972,9.2943411,196.5,4.43,4.64
2415.1,45.6311111,9.2944022,196.7,4.43,4.68
2420.1,45.6311251,9.2944633,196.9,4.44,4.71
2425.1,45.6311391,9.2945244,197.0,4.45,4.74
2430.1,45.6311531,9.2945855,197.2,4.46,4.78
2435.1,45.6311671,9.2946466,197.4,4.47,4.81
2440.1,45.6311812,9.2947077,197.5,4.48,4.84
2445.1,45.6311953,9.2947687,197.7,4.49,4.88
2450.1,45.6312095,9.2948297,197.9,4.50,4.91
2455.1,45.6312236,9.2948908,198.0,4.51,4.94
2460.1,45.6312377,9.2949518,198.2,4.52,4.98
2465.1,45.6312517,9.2950129,198.3,4.53,5.01
2470.1,45.6312655,9.2950741,198.4,4.54,5.04
2475.1,45.6312791,9.2951354,198.6,4.55,5.08
2480.1,45.6312925,9.2951967,198.7,4.55,5.11
2485.1,45.6313057,9.2952582,198.8,4.56,5.14
2490.1,45.6313184,9.2953199,198.9,4.57,5.17
2495.1,45.6313304,9.2953818,199.0,4.50,4.96
2500.1,45.6313411,9.2954443,199.0,4.37,4.56
2505.1,45.6313498,9.2955073,199.1,4.31,4.39
2510.1,45.6313558,9.2955710,199.1,4.32,4.43
2515.1,45.6313586,9.2956352,199.1,4.29,4.48
2520.1,45.6313582,9.2956994,199.2,4.21,4.50
2525.1,45.6313547,9.2957635,199.2,4.11,4.51
2530.1,45.6313479,9.2958270,199.1,4.14,4.59
2535.1,45.6313380,9.2958897,199.1,4.27,4.73
2540.1,45.6313250,9.2959511,199.1,4.36,4.76
2545.1,45.6313089,9.2960112,199.0,4.36,4.63
2550.1,45.6312900,9.2960694,198.9,4.33,4.47
2555.1,45.6312683,9.2961257,198.9,4.31,4.51
2560.1,45.6312441,9.2961799,198.8,4.31,4.67
2565.1,45.6312176,9.2962317,198.7,4.32,4.75
2570.1,45.6311888,9.2962812,198.6,4.34,4.78
2575.1,45.6311581,9.2963281,198.5,4.33,4.73
2580.1,45.6311255,9.2963723,198.3,4.29,4.62
2585.1,45.6310911,9.2964137,198.2,4.42,4.41
2590.1,45.6310548,9.2964516,198.1,4.61,4.19
2595.1,45.6310166,9.2964853,197.9,4.61,4.13
2600.1,45.6309764,9.2965140,197.8,4.46,4.22
2605.1,45.6309345,9.2965369,197.6,4.27,4.35
2610.1,45.6308912,9.2965544,197.4,4.10,4.50
2615.1,45.6308472,9.2965677,197.2,3.95,4.67
2620.1,45.6308029,9.2965782,197.0,3.87,4.78
2625.1,45.6307584,9.2965872,196.8,3.91,4.75
2630.1,45.6307138,9.2965955,196.5,4.02,4.65
2635.1,45.6306691,9.2966034,196.2,4.08,4.60
2640.1,45.6306245,9.2966110,196.0,4.10,4.59
2645.1,45.6305798,9.2966182,195.7,4.11,4.58
2650.1,45.6305351,9.2966250,195.4,4.12,4.57
2655.1,45.6304904,9.2966316,195.0,4.13,4.57
2660.1,45.6304456,9.2966379,194.7,4.14,4.56
2665.1,45.6304008,9.2966439,194.4,4.15,4.56
2670.1,45.6303561,9.2966498,194.1,4.16,4.55
2675.1,45.6303113,9.2966555,193.8,4.17,4.55
2680.1,45.6302665,9.2966611,193.5,4.18,4.54
2685.1,45.6302217,9.2966666,193.2,4.19,4.53
2690.1,45.6301769,9.2966720,192.9,4.20,4.53
2695.1,45.6301320,9.2966774,192.7,4.21,4.52
2700.1,45.6300872,9.2966827,192.4,4.22,4.52
2705.1,45.6300424,9.2966882,192.2,4.23,4.51
2710.1,45.6299976,9.2966936,192.0,4.24,4.50
2715.1,45.6299528,9.2966992,191.9,4.25,4.50
2720.1,45.6299080,9.2967049,191.7,4.27,4.49
2725.1,45.6298633,9.2967107,191.6,4.28,4.49
2730.1,45.6298185,9.2967166,191.4,4.29,4.48
2735.1,45.6297737,9.2967225,191.3,4.30,4.48
2740.1,45.6297289,9.2967286,191.2,4.31,4.47
2745.1,45.6296842,9.2967346,191.2,4.32,4.46
2750.1,45.6296394,9.2967407,191.1,4.33,4.46
2755.1,45.6295946,9.2967469,191.0,4.33,4.45
2760.1,45.6295499,9.2967530,191.0,4.34,4.45
2765.1,45.6295051,9.2967591,191.0,4.34,4.44
2770.1,45.6294603,9.2967652,191.0,4.34,4.44
2775.1,45.6294156,9.2967713,191.0,4.34,4.44
2780.1,45.6293708,9.2967774,191.0,4.35,4.43
2785.1,45.6293260,9.2967834,191.1,4.35,4.43
2790.1,45.6292813,9.2967893,191.1,4.35,4.42
2795.1,45.6292365,9.2967951,191.3,4.35,4.42
2800.1,45.6291917,9.2968008,191.4,4.36,4.41
2805.1,45.6291469,9.2968064,191.5,4.36,4.41
2810.1,45.6291021,9.2968119,191.7,4.36,4.41
2815.1,45.6290573,9.2968174,191.9,4.37,4.40
2820.1,45.6290125,9.2968229,192.1,4.37,4.40
2825.1,45.6289677,9.2968284,192.4,4.37,4.39
2830.1,45.6289229,9.2968340,192.6,4.37,4.39
2835.1,45.6288781,9.2968397,192.9,4.38,4.38
2840.1,45.6288333,9.2968456,193.1,4.38,4.38
2845.1,45.6287886,9.2968518,193.4,4.38,4.38
2850.1,45.6287438,9.2968583,193.7,4.38,4.37
2855.1,45.6286991,9.2968644,194.0,4.39,4.37
2860.1,45.6286542,9.2968684,194.3,4.34,4.39
2865.1,45.6286093,9.2968684,194.6,4.26,4.43
2870.1,45.6285646,9.2968619,194.8,4.17,4.52
2875.1,45.6285209,9.2968473,195.1,4.19,4.52
2880.1,45.6284790,9.2968243,195.3,4.35,4.32
2885.1,45.6284396,9.2967937,195.6,4.26,4.42
2890.1,45.6284033,9.2967560,195.8,4.05,4.63
2895.1,45.6283709,9.2967116,196.0,4.13,4.41
2900.1,45.6283426,9.2966617,196.3,4.18,4.13
2905.1,45.6283179,9.2966081,196.4,4.16,4.01
2910.1,45.6282955,9.2965524,196.6,4.17,3.99
2915.1,45.6282743,9.2964956,196.8,4.18,3.99
2920.1,45.6282533,9.2964388,197.0,4.19,3.99
2925.1,45.6282318,9.2963823,197.2,4.20,3.99
2930.1,45.6282100,9.2963261,197.3,4.22,4.00
2935.1,45.6281879,9.2962701,197.5,4.23,4.00
2940.1,45.6281658,9.2962141,197.6,4.24,4.00
2945.1,45.6281437,9.2961581,197.8,4.25,4.01
2950.1,45.6281217,9.2961021,197.9,4.27,4.01
2955.1,45.6280997,9.2960460,198.1,4.28,4.01
2960.1,45.6280777,9.2959899,198.2,4.29,4.02
2965.1,45.6280558,9.2959337,198.3,4.30,4.02
2970.1,45.6280339,9.2958776,198.4,4.32,4.02
2975.1,45.6280121,9.2958214,198.5,4.33,4.03
2980.1,45.6279902,9.2957652,198.6,4.34,4.03
2985.1,45.6279684,9.2957090,198.7,4.35,4.03
2990.1,45.6279466,9.2956528,198.8,4.37,4.03
2995.1,45.6279248,9.2955965,198.8,4.38,4.04
3000.1,45.6279029,9.2955403,198.9,4.39,4.04
3005.1,45.6278811,9.2954841,198.9,4.41,4.04
3010.1,45.6278593,9.2954279,198.9,4.42,4.05
3015.1,45.6278375,9.2953717,198.9,4.43,4.05
3020.1,45.6278157,9.2953154,198.9,4.44,4.05
3025.1,45.6277939,9.2952592,198.9,4.46,4.06
3030.1,45.6277720,9.2952030,198.8,4.47,4.06
3035.1,45.6277502,9.2951468,198.8,4.48,4.06
3040.1,45.6277284,9.2950906,198.8,4.49,4.06
3045.1,45.6277065,9.2950344,198.7,4.51,4.07
3050.1,45.6276847,9.2949782,198.7,4.52,4.07
3055.1,45.6276628,9.2949220,198.6,4.53,4.07
3060.1,45.6276410,9.2948658,198.6,4.54,4.08
3065.1,45.6276191,9.2948096,198.5,4.56,4.08
3070.1,45.6275972,9.2947535,198.5,4.57,4.08
3075.1,45.6275753,9.2946973,198.5,4.58,4.09
3080.1,45.6275534,9.2946412,198.4,4.59,4.09
3085.1,45.6275315,9.2945850,198.4,4.61,4.09
3090.1,45.6275095,9.2945289,198.4,4.62,4.10
3095.1,45.6274876,9.2944728,198.4,4.63,4.10
3100.1,45.6274657,9.2944167,198.4,4.65,4.10
3105.1,45.6274437,9.2943606,198.4,4.66,4.10
3110.1,45.6274218,9.2943044,198.4,4.67,4.11
3115.1,45.6273998,9.2942483,198.4,4.68,4.11
3120.1,45.6273779,9.2941922,198.4,4.70,4.11
3125.1,45.6273560,9.2941360,198.4,4.71,4.12
3130.1,45.6273341,9.2940799,198.5,4.72,4.12
3135.1,45.6273122,9.2940237,198.5,4.73,4.12
3140.1,45.6272903,9.2939675,198.5,4.75,4.13
3145.1,45.6272685,9.2939113,198.6,4.76,4.13
3150.1,45.6272467,9.2938551,198.6,4.77,4.13
3155.1,45.6272249,9.2937989,198.6,4.78,4.14
3160.1,45.6272031,9.2937426,198.7,4.80,4.14
3165.1,45.6271814,9.2936863,198.7,4.81,4.14
3170.1,45.6271597,9.2936300,198.7,4.82,4.14
3175.1,45.6271380,9.2935737,198.8,4.83,4.15
3180.1,45.6271164,9.2935173,198.8,4.85,4.15
3185.1,45.6270947,9.2934610,198.8,4.86,4.15
3190.1,45.6270731,9.2934046,198.8,4.87,4.16
3195.1,45.6270513,9.2933483,198.8,4.89,4.16
3200.1,45.6270295,9.2932921,198.8,4.90,4.16
3205.1,45.6270077,9.2932359,198.8,4.91,4.17
3210.1,45.6269857,9.2931798,198.8,4.92,4.17
3215.1,45.6269637,9.2931238,198.8,4.94,4.17
3220.1,45.6269415,9.2930679,198.8,4.95,4.18
3225.1,45.6269191,9.2930121,198.8,4.96,4.18
3230.1,45.6268966,9.2929564,198.7,4.97,4.18
3235.1,45.6268739,9.2929009,198.7,4.99,4.18
3240.1,45.6268510,9.2928456,198.7,5.00,4.19
3245.1,45.6268279,9.2927904,198.7,4.95,4.16
3250.1,45.6268046,9.2927355,198.6,4.84,4.12
3255.1,45.6267810,9.2926807,198.6,4.72,4.06
3260.1,45.6267571,9.2926262,198.5,4.61,4.01
3265.1,45.6267330,9.2925720,198.5,4.49,3.96
3270.1,45.6267086,9.2925180,198.5,4.38,3.91
3275.1,45.6266839,9.2924643,198.4,4.26,3.86
3280.1,45.6266588,9.2924109,198.4,4.15,3.81
3285.1,45.6266335,9.2923578,198.3,4.03,3.76
3290.1,45.6266078,9.2923050,198.3,4.00,3.73
3295.1,45.6265817,9.2922527,198.2,4.06,3.73
3300.1,45.6265552,9.2922007,198.2,4.15,3.75
3305.1,45.6265284,9.2921491,198.2,4.23,3.76
3310.1,45.6265012,9.2920979,198.1,4.32,3.77
3315.1,45.6264737,9.2920470,198.1,4.41,3.78
3320.1,45.6264458,9.2919966,198.1,4.50,3.80
3325.1,45.6264176,9.2919465,198.1,4.59,3.81
3330.1,45.6263891,9.2918967,198.1,4.61,3.82
3335.1,45.6263604,9.2918473,198.1,4.54,3.83
3340.1,45.6263315,9.2917981,198.1,4.44,3.83
3345.1,45.6263023,9.2917491,198.1,4.34,3.84
3350.1,45.6262730,9.2917004,198.1,4.24,3.84
3355.1,45.6262435,9.2916519,198.1,4.14,3.85
3360.1,45.6262138,9.2916035,198.1,4.04,3.85
3365.1,45.6261841,9.2915553,198.1,3.93,3.86
3370.1,45.6261542,9.2915072,198.1,3.83,3.87
3375.1,45.6261244,9.2914592,198.1,3.73,3.87
3380.1,45.6260944,9.2914112,198.1,3.66,3.88
3385.1,45.6260645,9.2913632,198.1,3.64,3.88
3390.1,45.6260346,9.2913151,198.1,3.65,3.88
3395.1,45.6260048,9.2912670,198.1,3.66,3.89
3400.1,45.6259750,9.2912189,198.1,3.66,3.89
3405.1,45.6259453,9.2911706,198.1,3.67,3.89
3410.1,45.6259156,9.2911223,198.1,3.68,3.89
3415.1,45.6258860,9.2910739,198.1,3.69,3.89
3420.1,45.6258565,9.2910255,198.1,3.69,3.90
3425.1,45.6258269,9.2909770,198.1,3.70,3.90
3430.1,45.6257974,9.2909285,198.1,3.71,3.90
3435.1,45.6257679,9.2908800,198.1,3.72,3.90
3440.1,45.6257384,9.2908315,198.0,3.73,3.91
3445.1,45.6257088,9.2907830,198.0,3.73,3.91
3450.1,45.6256793,9.2907345,198.0,3.74,3.91
3455.1,45.6256498,9.2906860,198.0,3.75,3.91
3460.1,45.6256202,9.2906375,198.0,3.76,3.92
3465.1,45.6255907,9.2905890,198.0,3.76,3.92
3470.1,45.6255612,9.2905406,197.9,3.77,3.92
3475.1,45.6255316,9.2904921,197.9,3.78,3.92
3480.1,45.6255020,9.2904437,197.9,3.79,3.93
3485.1,45.6254725,9.2903952,197.8,3.79,3.93
3490.1,45.6254429,9.2903468,197.8,3.80,3.93
3495.1,45.6254133,9.2902983,197.7,3.81,3.93
3500.1,45.6253838,9.2902499,197.6,3.82,3.94
3505.1,45.6253542,9.2902015,197.5,3.82,3.94
3510.1,45.6253246,9.2901530,197.5,3.83,3.94
3515.1,45.6252950,9.2901046,197.3,3.84,3.94
3520.1,45.6252654,9.2900562,197.2,3.85,3.94
3525.1,45.6252358,9.2900078,197.1,3.85,3.95
3530.1,45.6252063,9.2899594,197.0,3.86,3.95
3535.1,45.6251767,9.2899110,196.8,3.87,3.95
3540.1,45.6251471,9.2898626,196.7,3.88,3.95
3545.1,45.6251175,9.2898142,196.5,3.88,3.96
3550.1,45.6250879,9.2897658,196.3,3.89,3.96
3555.1,45.6250583,9.2897174,196.2,3.90,3.96
3560.1,45.6250287,9.2896690,196.0,3.91,3.96
3565.1,45.6249991,9.2896206,195.9,3.92,3.97
3570.1,45.6249695,9.2895722,195.7,3.92,3.97
3575.1,45.6249399,9.2895238,195.6,3.93,3.97
3580.1,45.6249103,9.2894754,195.5,3.94,3.97
3585.1,45.6248807,9.2894270,195.5,3.95,3.98
3590.1,45.6248511,9.2893786,195.4,3.95,3.98
3595.1,45.6248215,9.2893302,195.5,3.96,3.98
3600.1,45.6247919,9.2892818,195.5,3.97,3.98
3605.1,45.6247623,9.2892334,195.5,3.98,3.99
3610.1,45.6247327,9.2891850,195.6,3.98,3.99
3615.1,45.6247031,9.2891366,195.7,3.99,3.99
3620.1,45.6246735,9.2890882,195.8,4.00,3.99
3625.1,45.6246439,9.2890397,196.0,4.01,3.99
3630.1,45.6246143,9.2889913,196.1,4.01,4.00
3635.1,45.6245847,9.2889429,196.3,4.02,4.00
3640.1,45.6245551,9.2888945,196.5,4.03,4.00
3645.1,45.6245256,9.2888460,196.6,4.04,4.00
3650.1,45.6244960,9.2887976,196.8,4.04,4.01
3655.1,45.6244664,9.2887492,196.9,4.05,4.01
3660.1,45.6244368,9.2887008,197.1,4.06,4.01
3665.1,45.6244073,9.2886523,197.2,4.07,4.01
3670.1,45.6243777,9.2886039,197.3,4.07,4.02
3675.1,45.6243481,9.2885555,197.4,4.08,4.02
3680.1,45.6243185,9.2885070,197.5,4.09,4.02
3685.1,45.6242890,9.2884586,197.6,4.10,4.02
3690.1,45.6242594,9.2884102,197.7,4.11,4.03
3695.1,45.6242298,9.2883617,197.7,4.11,4.03
3700.1,45.6242003,9.2883133,197.8,4.12,4.03
3705.1,45.6241707,9.2882648,197.8,4.13,4.03
3710.1,45.6241411,9.2882164,197.8,4.14,4.03
3715.1,45.6241115,9.2881680,197.8,4.14,4.04
3720.1,45.6240820,9.2881195,197.8,4.15,4.04
3725.1,45.6240524,9.2880711,197.8,4.16,4.04
3730.1,45.6240228,9.2880227,197.8,4.17,4.04
3735.1,45.6239932,9.2879743,197.8,4.17,4.05
3740.1,45.6239637,9.2879258,197.7,4.18,4.05
3745.1,45.6239341,9.2878774,197.7,4.19,4.05
3750.1,45.6239045,9.2878290,197.6,4.20,4.05
3755.1,45.6238749,9.2877806,197.5,4.20,4.06
3760.1,45.6238453,9.2877322,197.4,4.21,4.06
3765.1,45.6238157,9.2876837,197.3,4.22,4.06
3770.1,45.6237861,9.2876353,197.2,4.23,4.06
3775.1,45.6237566,9.2875869,197.1,4.23,4.07
3780.1,45.6237270,9.2875385,196.9,4.24,4.07
3785.1,45.6236974,9.2874901,196.8,4.25,4.07
3790.1,45.6236678,9.2874417,196.7,4.26,4.07
3795.1,45.6236382,9.2873933,196.5,4.27,4.08
3800.1,45.6236086,9.2873449,196.4,4.27,4.08
3805.1,45.6235790,9.2872965,196.2,4.28,4.08
3810.1,45.6235494,9.2872481,196.1,4.29,4.08
3815.1,45.6235198,9.2871997,196.0,4.30,4.08
3820.1,45.6234901,9.2871513,195.8,4.30,4.09
3825.1,45.6234605,9.2871029,195.7,4.31,4.09
3830.1,45.6234309,9.2870545,195.5,4.32,4.09
3835.1,45.6234013,9.2870061,195.4,4.33,4.09
3840.1,45.6233717,9.2869577,195.3,4.33,4.10
3845.1,45.6233422,9.2869093,195.2,4.34,4.10
3850.1,45.6233126,9.2868609,195.0,4.35,4.10
3855.1,45.6232830,9.2868125,194.9,4.36,4.10
3860.1,45.6232534,9.2867640,194.8,4.36,4.11
3865.1,45.6232239,9.2867156,194.7,4.37,4.11
3870.1,45.6231943,9.2866671,194.6,4.38,4.11
3875.1,45.6231648,9.2866186,194.4,4.39,4.11
3880.1,45.6231352,9.2865702,194.3,4.39,4.12
3885.1,45.6231057,9.2865217,194.2,4.40,4.12
3890.1,45.6230762,9.2864731,194.1,4.41,4.12
3895.1,45.6230467,9.2864246,193.9,4.42,4.12
3900.1,45.6230172,9.2863761,193.8,4.43,4.13
3905.1,45.6229877,9.2863276,193.7,4.43,4.13
3910.1,45.6229581,9.2862792,193.5,4.44,4.13
3915.1,45.6229285,9.2862308,193.4,4.45,4.13
3920.1,45.6228987,9.2861826,193.3,4.46,4.13
3925.1,45.6228689,9.2861345,193.1,4.46,4.14
3930.1,45.6228389,9.2860866,193.0,4.47,4.14
3935.1,45.6228087,9.2860389,192.9,4.48,4.15
3940.1,45.6227782,9.2859917,192.8,4.47,4.19
3945.1,45.6227456,9.2859475,192.7,4.40,4.24
3950.1,45.6227088,9.2859110,192.6,4.38,4.22
3955.1,45.6226675,9.2858859,192.6,4.59,4.04
3960.1,45.6226237,9.2858728,192.5,4.50,4.08
3965.1,45.6225788,9.2858701,192.5,4.34,4.19
3970.1,45.6225340,9.2858742,192.5,4.25,4.29
3975.1,45.6224893,9.2858816,192.5,4.20,4.37
3980.1,45.6224448,9.2858902,192.5,4.18,4.43
3985.1,45.6224002,9.2858987,192.5,4.15,4.50
3990.1,45.6223556,9.2859064,192.6,4.13,4.56
3995.1,45.6223108,9.2859130,192.6,4.11,4.63
4000.1,45.6222660,9.2859184,192.7,4.08,4.69
4005.1,45.6222211,9.2859221,192.8,4.07,4.74
4010.1,45.6221762,9.2859240,192.9,4.10,4.70
4015.1,45.6221312,9.2859237,192.9,4.15,4.62
4020.1,45.6220863,9.2859209,193.0,4.20,4.55
4025.1,45.6220415,9.2859154,193.0,4.18,4.46
4030.1,45.6219970,9.2859069,193.1,4.14,4.36
4035.1,45.6219527,9.2858954,193.1,4.12,4.28
4040.1,45.6219089,9.2858808,193.2,4.27,4.34
4045.1,45.6218657,9.2858633,193.2,4.45,4.45
4050.1,45.6218230,9.2858429,193.2,4.39,4.54
4055.1,45.6217811,9.2858198,193.2,4.28,4.64
4060.1,45.6217399,9.2857940,193.2,4.20,4.70
4065.1,45.6216996,9.2857657,193.2,4.23,4.64
4070.1,45.6216601,9.2857348,193.1,4.28,4.55
4075.1,45.6216217,9.2857015,193.1,4.34,4.49
4080.1,45.6215843,9.2856658,193.0,4.39,4.48
4085.1,45.6215480,9.2856278,193.0,4.41,4.51
4090.1,45.6215131,9.2855873,192.9,4.35,4.63
4095.1,45.6214795,9.2855445,192.8,4.28,4.78
4100.1,45.6214476,9.2854993,192.7,4.33,4.83
4105.1,45.6214172,9.2854519,192.6,4.43,4.85
4110.1,45.6213884,9.2854026,192.5,4.52,4.86
4115.1,45.6213610,9.2853516,192.4,4.61,4.85
4120.1,45.6213348,9.2852994,192.3,4.71,4.80
4125.1,45.6213089,9.2852468,192.3,4.81,4.75
4130.1,45.6212820,9.2851953,192.2,4.89,4.70
4135.1,45.6212526,9.2851467,192.1,4.83,4.65
4140.1,45.6212191,9.2851040,192.1,4.90,4.51
4145.1,45.6211809,9.2850706,192.0,4.83,4.59
4150.1,45.6211392,9.2850469,192.0,4.67,4.86
4155.1,45.6210957,9.2850304,191.9,4.99,5.00
4160.1,45.6210516,9.2850182,191.9,5.36,5.11
4165.1,45.6210072,9.2850077,191.9,5.71,5.23
4170.1,45.6209628,9.2849977,191.9,6.06,5.34
4175.1,45.6209183,9.2849880,191.9,6.12,5.35
4180.1,45.6208739,9.2849787,191.9,6.09,5.33
4185.1,45.6208293,9.2849696,191.8,6.06,5.31
4190.1,45.6207848,9.2849608,191.8,6.03,5.29
4195.1,45.6207402,9.2849522,191.7,6.00,5.27
4200.1,45.6206956,9.2849438,191.7,5.97,5.25
4205.1,45.6206510,9.2849357,191.6,5.94,5.22
4210.1,45.6206064,9.2849276,191.5,5.91,5.20
4215.1,45.6205618,9.2849198,191.4,5.88,5.18
4220.1,45.6205172,9.2849120,191.3,5.85,5.16
4225.1,45.6204725,9.2849044,191.2,5.82,5.14
4230.1,45.6204279,9.2848968,191.0,5.79,5.12
4235.1,45.6203832,9.2848892,190.8,5.76,5.10
4240.1,45.6203385,9.2848817,190.7,5.73,5.07
4245.1,45.6202939,9.2848742,190.5,5.70,5.05
4250.1,45.6202492,9.2848666,190.3,5.67,5.03
4255.1,45.6202046,9.2848590,190.1,5.64,5.01
4260.1,45.6201599,9.2848513,189.9,5.61,4.99
4265.1,45.6201153,9.2848436,189.7,5.58,4.97
4270.1,45.6200707,9.2848358,189.5,5.55,4.95
4275.1,45.6200260,9.2848280,189.3,5.52,4.92
4280.1,45.6199814,9.2848201,189.2,5.49,4.90
4285.1,45.6199368,9.2848122,189.0,5.46,4.88
4290.1,45.6198921,9.2848043,188.8,5.43,4.86
4295.1,45.6198475,9.2847964,188.7,5.40,4.84
4300.1,45.6198029,9.2847885,188.5,5.37,4.82
4305.2,45.6197583,9.2847806,188.4,5.34,4.80
4310.2,45.6197136,9.2847727,188.3,5.31,4.77
4315.2,45.6196690,9.2847648,188.2,5.28,4.75
4320.2,45.6196244,9.2847570,188.1,5.25,4.73
4325.2,45.6195797,9.2847492,188.0,5.22,4.71
4330.2,45.6195351,9.2847414,187.9,5.19,4.69
4335.2,45.6194905,9.2847337,187.8,5.16,4.67
4340.2,45.6194458,9.2847260,187.7,5.13,4.65
4345.2,45.6194012,9.2847184,187.6,5.10,4.62
4350.2,45.6193565,9.2847109,187.6,5.07,4.60
4355.2,45.6193118,9.2847035,187.5,5.04,4.58
4360.2,45.6192672,9.2846961,187.4,5.01,4.56
4365.2,45.6192225,9.2846888,187.3,4.98,4.54
4370.2,45.6191778,9.2846815,187.3,4.96,4.53
4375.2,45.6191331,9.2846743,187.2,4.96,4.53
4380.2,45.6190884,9.2846672,187.1,4.95,4.53
4385.2,45.6190437,9.2846601,187.0,4.95,4.53
4390.2,45.6189990,9.2846530,186.9,4.95,4.53
4395.2,45.6189543,9.2846460,186.8,4.94,4.54
4400.2,45.6189096,9.2846391,186.7,4.94,4.54
4405.2,45.6188649,9.2846322,186.6,4.93,4.54
4410.2,45.6188202,9.2846254,186.5,4.93,4.54
4415.2,45.6187755,9.2846185,186.4,4.92,4.55
4420.2,45.6187308,9.2846118,186.3,4.92,4.55
4425.2,45.6186861,9.2846050,186.1,4.92,4.55
4430.2,45.6186413,9.2845983,186.0,4.91,4.55
4435.2,45.6185966,9.2845917,185.9,4.91,4.55
4440.2,45.6185519,9.2845850,185.8,4.90,4.56
4445.2,45.6185072,9.2845784,185.7,4.90,4.56
4450.2,45.6184624,9.2845718,185.6,4.90,4.56
4455.2,45.6184177,9.2845653,185.4,4.89,4.56
4460.2,45.6183730,9.2845587,185.3,4.89,4.57
4465.2,45.6183282,9.2845522,185.2,4.88,4.57
4470.2,45.6182835,9.2845457,185.1,4.88,4.57
4475.2,45.6182388,9.2845392,184.9,4.88,4.57
4480.2,45.6181940,9.2845327,184.8,4.87,4.57
4485.2,45.6181493,9.2845262,184.7,4.87,4.58
4490.2,45.6181045,9.2845198,184.6,4.86,4.58
4495.2,45.6180598,9.2845133,184.4,4.86,4.58
4500.2,45.6180151,9.2845068,184.3,4.86,4.58
4505.2,45.6179703,9.2845004,184.2,4.85,4.58
4510.2,45.6179256,9.2844939,184.1,4.85,4.59
4515.2,45.6178808,9.2844874,183.9,4.84,4.59
4520.2,45.6178361,9.2844810,183.8,4.84,4.59
4525.2,45.6177914,9.2844745,183.7,4.84,4.59
4530.2,45.6177466,9.2844680,183.6,4.83,4.60
4535.2,45.6177019,9.2844615,183.5,4.83,4.60
4540.2,45.6176572,9.2844550,183.4,4.82,4.60
4545.2,45.6176124,9.2844485,183.3,4.82,4.60
4550.2,45.6175677,9.2844419,183.2,4.82,4.60
4555.2,45.6175229,9.2844354,183.1,4.81,4.61
4560.2,45.6174782,9.2844288,183.1,4.81,4.61
4565.2,45.6174335,9.2844223,183.0,4.80,4.61
4570.2,45.6173887,9.2844157,183.0,4.80,4.61
4575.2,45.6173440,9.2844091,182.9,4.80,4.62
4580.2,45.6172993,9.2844026,182.9,4.79,4.62
4585.2,45.6172546,9.2843960,182.9,4.79,4.62
4590.2,45.6172098,9.2843894,182.9,4.78,4.62
4595.2,45.6171651,9.2843828,182.9,4.78,4.62
4600.2,45.6171204,9.2843762,183.0,4.77,4.63
4605.2,45.6170756,9.2843696,183.0,4.77,4.63
4610.2,45.6170309,9.2843630,183.0,4.77,4.63
4615.2,45.6169862,9.2843563,183.1,4.76,4.63
4620.2,45.6169414,9.2843497,183.2,4.76,4.64
4625.2,45.6168967,9.2843431,183.2,4.75,4.64
4630.2,45.6168520,9.2843365,183.3,4.75,4.64
4635.2,45.6168073,9.2843298,183.4,4.75,4.64
4640.2,45.6167625,9.2843232,183.5,4.74,4.64
4645.2,45.6167178,9.2843166,183.6,4.74,4.65
4650.2,45.6166731,9.2843099,183.7,4.73,4.65
4655.2,45.6166284,9.2843033,183.8,4.73,4.65
4660.2,45.6165836,9.2842966,183.9,4.73,4.65
4665.2,45.6165389,9.2842900,184.0,4.72,4.65
4670.2,45.6164942,9.2842834,184.2,4.72,4.66
4675.2,45.6164494,9.2842767,184.3,4.71,4.66
4680.2,45.6164047,9.2842701,184.4,4.71,4.66
4685.2,45.6163600,9.2842634,184.6,4.71,4.66
4690.2,45.6163153,9.2842568,184.7,4.70,4.67
4695.2,45.6162705,9.2842502,184.8,4.70,4.67
4700.2,45.6162258,9.2842435,185.0,4.69,4.67
4705.2,45.6161811,9.2842369,185.1,4.69,4.67
4710.2,45.6161364,9.2842303,185.2,4.69,4.67
4715.2,45.6160916,9.2842237,185.4,4.68,4.68
4720.2,45.6160469,9.2842170,185.5,4.68,4.68
4725.2,45.6160022,9.2842104,185.6,4.67,4.68
4730.2,45.6159574,9.2842038,185.7,4.67,4.68
4735.2,45.6159127,9.2841972,185.9,4.67,4.69
4740.2,45.6158680,9.2841906,186.0,4.66,4.69
4745.2,45.6158233,9.2841840,186.1,4.66,4.70
4750.2,45.6157785,9.2841774,186.2,4.66,4.70
4755.2,45.6157338,9.2841707,186.3,4.65,4.70
4760.2,45.6156891,9.2841641,186.3,4.65,4.71
4765.2,45.6156443,9.2841575,186.4,4.65,4.71
4770.2,45.6155996,9.2841509,186.5,4.65,4.72
4775.2,45.6155549,9.2841444,186.5,4.64,4.72
4780.2,45.6155101,9.2841378,186.5,4.64,4.72
4785.2,45.6154654,9.2841312,186.5,4.64,4.73
4790.2,45.6154207,9.2841246,186.5,4.63,4.73
4795.2,45.6153759,9.2841180,186.5,4.63,4.73
4800.2,45.6153312,9.2841114,186.5,4.63,4.74
4805.2,45.6152865,9.2841048,186.4,4.62,4.74
4810.2,45.6152418,9.2840982,186.4,4.62,4.75
4815.2,45.6151970,9.2840917,186.3,4.62,4.75
4820.2,45.6151523,9.2840851,186.3,4.62,4.75
4825.2,45.6151076,9.2840785,186.2,4.61,4.76
4830.2,45.6150628,9.2840719,186.1,4.61,4.76
4835.2,45.6150181,9.2840654,186.0,4.61,4.77
4840.2,45.6149734,9.2840588,185.9,4.60,4.77
4845.2,45.6149286,9.2840522,185.8,4.60,4.77
4850.2,45.6148839,9.2840457,185.7,4.60,4.78
4855.2,45.6148392,9.2840391,185.6,4.59,4.78
4860.2,45.6147944,9.2840325,185.5,4.59,4.78
4865.2,45.6147497,9.2840260,185.4,4.59,4.79
4870.2,45.6147050,9.2840194,185.3,4.59,4.79
4875.2,45.6146602,9.2840128,185.1,4.58,4.80
4880.2,45.6146155,9.2840063,185.0,4.58,4.80
4885.2,45.6145708,9.2839997,184.9,4.58,4.80
4890.2,45.6145260,9.2839932,184.7,4.57,4.81
4895.2,45.6144813,9.2839866,184.6,4.57,4.81
4900.2,45.6144366,9.2839801,184.4,4.57,4.82
4905.2,45.6143918,9.2839735,184.2,4.56,4.82
4910.2,45.6143471,9.2839669,184.1,4.56,4.82
4915.2,45.6143024,9.2839604,183.9,4.56,4.83
4920.2,45.6142576,9.2839538,183.8,4.56,4.83
4925.2,45.6142129,9.2839473,183.6,4.55,4.83
4930.2,45.6141682,9.2839407,183.5,4.55,4.84
4935.2,45.6141234,9.2839342,183.3,4.55,4.84
4940.2,45.6140787,9.2839276,183.2,4.54,4.85
4945.2,45.6140340,9.2839211,183.1,4.54,4.85
4950.2,45.6139892,9.2839145,183.0,4.54,4.85
4955.2,45.6139445,9.2839080,182.9,4.53,4.86
4960.2,45.6138998,9.2839015,182.8,4.53,4.86
4965.2,45.6138550,9.2838949,182.7,4.53,4.87
4970.2,45.6138103,9.2838884,182.6,4.53,4.87
4975.2,45.6137656,9.2838818,182.6,4.52,4.87
4980.2,45.6137208,9.2838753,182.5,4.52,4.88
4985.2,45.6136761,9.2838687,182.5,4.52,4.88
4990.2,45.6136314,9.2838622,182.4,4.51,4.88
4995.2,45.6135866,9.2838556,182.4,4.51,4.89
5000.2,45.6135419,9.2838491,182.4,4.51,4.89
5005.2,45.6134972,9.2838425,182.3,4.50,4.90
5010.2,45.6134524,9.2838360,182.3,4.50,4.90
5015.2,45.6134077,9.2838295,182.3,4.50,4.90
5020.2,45.6133630,9.2838229,182.3,4.50,4.91
5025.2,45.6133182,9.2838164,182.3,4.49,4.91
5030.2,45.6132735,9.2838098,182.3,4.49,4.92
5035.2,45.6132288,9.2838033,182.2,4.49,4.92
5040.2,45.6131840,9.2837967,182.2,4.48,4.92
5045.2,45.6131393,9.2837902,182.2,4.48,4.93
5050.2,45.6130946,9.2837836,182.2,4.48,4.93
5055.2,45.6130498,9.2837771,182.2,4.47,4.93
5060.2,45.6130051,9.2837705,182.2,4.47,4.94
5065.2,45.6129604,9.2837640,182.2,4.47,4.94
5070.2,45.6129156,9.2837574,182.2,4.47,4.95
5075.2,45.6128709,9.2837509,182.2,4.46,4.95
5080.2,45.6128262,9.2837442,182.1,4.46,4.95
5085.2,45.6127814,9.2837375,182.1,4.46,4.96
5090.2,45.6127367,9.2837306,182.1,4.45,4.96
5095.2,45.6126920,9.2837235,182.1,4.45,4.97
5100.2,45.6126474,9.2837163,182.1,4.45,4.97
5105.2,45.6126027,9.2837088,182.1,4.44,4.97
5110.2,45.6125581,9.2837010,182.1,4.44,4.98
5115.2,45.6125135,9.2836928,182.2,4.47,4.99
5120.2,45.6124689,9.2836837,182.2,4.51,5.01
5125.2,45.6124247,9.2836725,182.2,4.58,5.00
5130.2,45.6123808,9.2836582,182.2,4.79,4.92
5135.2,45.6123378,9.2836396,182.2,4.94,4.94
5140.2,45.6122960,9.2836160,182.3,4.94,5.17
5145.2,45.6122557,9.2835875,182.3,5.12,5.11
5150.2,45.6122170,9.2835548,182.4,5.27,5.06
5155.2,45.6121799,9.2835186,182.4,5.29,5.12
5160.2,45.6121443,9.2834791,182.5,5.28,5.19
5165.2,45.6121105,9.2834368,182.6,5.21,5.32
5170.2,45.6120784,9.2833918,182.6,5.12,5.48
5175.2,45.6120482,9.2833442,182.7,4.95,5.57
5180.2,45.6120199,9.2832943,182.8,4.76,5.65
5185.2,45.6119936,9.2832421,182.9,4.83,5.60
5190.2,45.6119693,9.2831880,183.0,4.98,5.51
5195.2,45.6119471,9.2831321,183.0,5.13,5.43
5200.2,45.6119269,9.2830747,183.1,5.20,5.38
5205.2,45.6119088,9.2830158,183.2,5.27,5.34
5210.2,45.6118929,9.2829557,183.3,5.32,5.29
5215.2,45.6118793,9.2828944,183.4,5.35,5.21
5220.2,45.6118684,9.2828321,183.4,5.37,5.16
5225.2,45.6118607,9.2827687,183.5,5.16,5.37
5230.2,45.6118565,9.2827047,183.5,4.93,5.61
5235.2,45.6118557,9.2826405,183.6,4.80,5.75
5240.2,45.6118582,9.2825763,183.6,4.86,5.69
5245.2,45.6118634,9.2825124,183.6,4.93,5.62
5250.2,45.6118710,9.2824491,183.6,5.11,5.58
5255.2,45.6118807,9.2823863,183.6,5.32,5.54
5260.2,45.6118925,9.2823243,183.6,5.40,5.48
5265.2,45.6119061,9.2822630,183.6,5.40,5.42
5270.2,45.6119216,9.2822026,183.6,5.40,5.36
5275.2,45.6119386,9.2821431,183.5,5.37,5.33
5280.2,45.6119572,9.2820846,183.5,5.30,5.36
5285.2,45.6119773,9.2820271,183.4,5.22,5.39
5290.2,45.6119987,9.2819705,183.3,5.21,5.42
5295.2,45.6120214,9.2819150,183.2,5.20,5.44
5300.2,45.6120453,9.2818606,183.2,5.16,5.48
5305.2,45.6120704,9.2818072,183.1,5.10,5.53
5310.2,45.6120966,9.2817550,183.0,5.05,5.57
5315.2,45.6121239,9.2817039,182.8,5.03,5.59
5320.2,45.6121523,9.2816541,182.7,5.09,5.50
5325.2,45.6121818,9.2816055,182.6,5.16,5.41
5330.2,45.6122122,9.2815582,182.5,5.24,5.32
5335.2,45.6122436,9.2815122,182.4,5.25,5.31
5340.2,45.6122760,9.2814676,182.2,5.25,5.31
5345.2,45.6123093,9.2814244,182.1,5.26,5.31
5350.2,45.6123435,9.2813826,182.0,5.16,5.41
5355.2,45.6123785,9.2813422,181.8,5.05,5.52
5360.2,45.6124142,9.2813032,181.7,4.95,5.64
5365.2,45.6124507,9.2812656,181.6,4.91,5.63
5370.2,45.6124878,9.2812294,181.5,4.89,5.60
5375.2,45.6125257,9.2811946,181.4,4.87,5.57
5380.2,45.6125641,9.2811611,181.3,4.85,5.54
5385.2,45.6126030,9.2811291,181.3,4.83,5.50
5390.2,45.6126426,9.2810984,181.2,4.82,5.47
5395.2,45.6126826,9.2810691,181.2,4.88,5.42
5400.2,45.6127231,9.2810411,181.2,4.94,5.37
5405.2,45.6127640,9.2810144,181.2,5.00,5.32
5410.2,45.6128053,9.2809891,181.2,5.06,5.27
5415.2,45.6128470,9.2809650,181.2,5.11,5.23
5420.2,45.6128891,9.2809423,181.2,5.15,5.20
5425.2,45.6129315,9.2809209,181.3,5.19,5.16
5430.2,45.6129742,9.2809007,181.3,5.23,5.13
5435.2,45.6130171,9.2808818,181.4,5.22,5.13
5440.2,45.6130604,9.2808641,181.5,5.18,5.16
5445.2,45.6131038,9.2808476,181.5,5.13,5.20
5450.2,45.6131475,9.2808323,181.6,5.08,5.23
5455.2,45.6131914,9.2808181,181.7,5.04,5.26
5460.2,45.6132354,9.2808050,181.8,4.97,5.36
5465.2,45.6132796,9.2807930,181.9,4.89,5.47
5470.2,45.6133239,9.2807819,182.0,4.82,5.58
5475.2,45.6133683,9.2807719,182.1,4.86,5.55
5480.2,45.6134128,9.2807627,182.1,4.92,5.51
5485.2,45.6134574,9.2807544,182.2,4.97,5.46
5490.2,45.6135020,9.2807469,182.3,5.03,5.42
5495.2,45.6135468,9.2807403,182.4,5.05,5.38
5500.2,45.6135915,9.2807344,182.5,5.06,5.36
5505.2,45.6136364,9.2807291,182.6,5.08,5.33
5510.2,45.6136812,9.2807246,182.7,5.10,5.30
5515.2,45.6137261,9.2807207,182.8,5.12,5.28
5520.2,45.6137710,9.2807173,182.9,5.14,5.26
5525.2,45.6138159,9.2807145,183.0,5.17,5.23
5530.2,45.6138609,9.2807122,183.0,5.23,5.18
5535.2,45.6139058,9.2807103,183.1,5.29,5.12
5540.2,45.6139508,9.2807088,183.2,5.35,5.06
5545.2,45.6139957,9.2807077,183.3,5.40,5.05
5550.2,45.6140407,9.2807069,183.3,5.42,5.09
5555.2,45.6140857,9.2807064,183.4,5.44,5.13
5560.2,45.6141306,9.2807061,183.5,5.47,5.17
5565.2,45.6141756,9.2807060,183.5,5.49,5.20
5570.2,45.6142206,9.2807060,183.6,5.52,5.24
5575.2,45.6142655,9.2807061,183.6,5.54,5.28
5580.2,45.6143105,9.2807063,183.7,5.56,5.32
5585.2,45.6143555,9.2807065,183.7,5.59,5.36
5590.2,45.6144004,9.2807066,183.7,5.61,5.40
5595.2,45.6144454,9.2807067,183.7,5.64,5.43
5600.2,45.6144904,9.2807066,183.8,5.66,5.47
5605.2,45.6145353,9.2807064,183.8,5.68,5.51
5610.2,45.6145803,9.2807060,183.8,5.71,5.55
5615.2,45.6146253,9.2807053,183.9,5.73,5.59
5620.2,45.6146702,9.2807044,183.9,5.76,5.62
5625.2,45.6147152,9.2807034,183.9,5.78,5.66
5630.2,45.6147602,9.2807023,184.0,5.80,5.70
5635.2,45.6148051,9.2807011,184.0,5.83,5.74
5640.2,45.6148501,9.2806999,184.1,5.84,5.77
5645.2,45.6148950,9.2806988,184.1,5.78,5.75
5650.2,45.6149400,9.2806978,184.2,5.72,5.72
5655.2,45.6149850,9.2806969,184.3,5.66,5.70
5660.2,45.6150299,9.2806963,184.4,5.60,5.68
5665.2,45.6150749,9.2806958,184.5,5.54,5.65
5670.2,45.6151199,9.2806956,184.5,5.48,5.63
5675.2,45.6151648,9.2806956,184.6,5.42,5.61
5680.2,45.6152098,9.2806959,184.7,5.36,5.59
5685.2,45.6152548,9.2806963,184.8,5.30,5.56
5690.2,45.6152997,9.2806969,184.9,5.31,5.58
5695.2,45.6153447,9.2806977,185.0,5.32,5.59
5700.2,45.6153897,9.2806987,185.1,5.33,5.61
5705.2,45.6154346,9.2806999,185.1,5.34,5.63
5710.2,45.6154796,9.2807013,185.2,5.35,5.64
5715.2,45.6155245,9.2807029,185.3,5.36,5.66
5720.2,45.6155695,9.2807049,185.3,5.37,5.68
5725.2,45.6156144,9.2807071,185.4,5.39,5.69
5730.2,45.6156593,9.2807098,185.4,5.40,5.69
5735.2,45.6157043,9.2807128,185.4,5.44,5.67
5740.2,45.6157492,9.2807162,185.4,5.48,5.64
5745.2,45.6157941,9.2807201,185.5,5.52,5.61
5750.2,45.6158389,9.2807245,185.5,5.56,5.59
5755.2,45.6158838,9.2807294,185.5,5.59,5.56
5760.2,45.6159286,9.2807346,185.5,5.63,5.55
5765.2,45.6159734,9.2807403,185.5,5.65,5.62
5770.2,45.6160181,9.2807461,185.5,5.66,5.68
5775.2,45.6160629,9.2807523,185.5,5.68,5.74
5780.2,45.6161077,9.2807585,185.5,5.70,5.81
5785.2,45.6161524,9.2807649,185.5,5.72,5.87
