# red_bull_ring: centreline in race direction, 5 m spacing. Source: TUMFTM racetrack-database (LGPL-3.0) geo-referenced onto OpenStreetMap (ODbL); elevation eudem25m via OpenTopoData
# widths are metres from the centreline to the track edge (TUMFTM only, blank for OSM)
s_m,lat,lon,elev_m,w_right_m,w_left_m
0.0,47.2202961,14.7666819,681.3,6.17,5.97
5.0,47.2202844,14.7666180,681.2,6.16,5.96
10.0,47.2202727,14.7665540,681.2,6.15,5.96
15.0,47.2202610,14.7664901,681.2,6.14,5.95
20.0,47.2202492,14.7664262,681.1,6.13,5.94
25.0,47.2202375,14.7663623,681.1,6.13,5.94
30.0,47.2202258,14.7662983,681.0,6.12,5.93
35.0,47.2202141,14.7662344,681.0,6.11,5.93
40.0,47.2202023,14.7661705,681.0,6.10,5.92
45.0,47.2201906,14.7661066,680.9,6.09,5.91
50.0,47.2201789,14.7660427,680.9,6.09,5.91
55.0,47.2201672,14.7659787,680.8,6.08,5.90
60.0,47.2201554,14.7659148,680.8,6.07,5.89
65.0,47.2201437,14.7658509,680.7,6.06,5.89
70.0,47.2201320,14.7657870,680.6,6.06,5.88
75.0,47.2201202,14.7657231,680.5,6.05,5.88
80.0,47.2201085,14.7656591,680.5,6.04,5.87
85.0,47.2200968,14.7655952,680.4,6.03,5.86
90.0,47.2200850,14.7655313,680.3,6.02,5.86
95.0,47.2200733,14.7654674,680.2,6.02,5.85
100.0,47.2200616,14.7654035,680.1,6.01,5.84
105.0,47.2200499,14.7653395,680.0,6.00,5.84
110.0,47.2200381,14.7652756,679.9,5.99,5.83
115.0,47.2200264,14.7652117,679.8,5.98,5.83
120.0,47.2200146,14.7651478,679.7,5.98,5.82
125.0,47.2200029,14.7650839,679.6,5.97,5.81
130.0,47.2199912,14.7650199,679.5,5.96,5.81
135.0,47.2199794,14.7649560,679.4,5.95,5.80
140.0,47.2199677,14.7648921,679.3,5.94,5.79
145.0,47.2199560,14.7648282,679.2,5.94,5.79
150.0,47.2199442,14.7647643,679.2,5.93,5.78
155.0,47.2199325,14.7647004,679.1,5.92,5.78
160.0,47.2199208,14.7646364,679.1,5.91,5.77
165.0,47.2199090,14.7645725,679.0,5.90,5.76
170.0,47.2198973,14.7645086,679.0,5.90,5.76
175.0,47.2198855,14.7644447,679.0,5.89,5.75
180.0,47.2198738,14.7643808,679.0,5.88,5.74
185.0,47.2198621,14.7643169,679.0,5.87,5.74
190.0,47.2198503,14.7642529,679.0,5.86,5.73
195.0,47.2198386,14.7641890,679.1,5.86,5.73
200.0,47.2198269,14.7641251,679.1,5.85,5.72
205.0,47.2198151,14.7640612,679.1,5.84,5.71
210.0,47.2198034,14.7639973,679.2,5.83,5.71
215.0,47.2197916,14.7639333,679.3,5.83,5.70
220.0,47.2197799,14.7638694,679.4,5.82,5.69
225.0,47.2197682,14.7638055,679.4,5.81,5.69
230.0,47.2197564,14.7637416,679.5,5.80,5.68
235.0,47.2197447,14.7636777,679.6,5.79,5.68
240.0,47.2197330,14.7636138,679.8,5.79,5.67
245.0,47.2197212,14.7635498,679.9,5.78,5.66
250.0,47.2197095,14.7634859,680.0,5.77,5.66
255.0,47.2196978,14.7634220,680.2,5.76,5.65
260.0,47.2196860,14.7633581,680.3,5.75,5.64
265.0,47.2196743,14.7632942,680.5,5.75,5.64
270.0,47.2196625,14.7632303,680.6,5.74,5.63
275.0,47.2196508,14.7631663,680.8,5.73,5.63
280.0,47.2196391,14.7631024,681.0,5.72,5.62
285.0,47.2196273,14.7630385,681.2,5.71,5.61
290.0,47.2196156,14.7629746,681.4,5.71,5.61
295.0,47.2196039,14.7629107,681.6,5.70,5.60
300.0,47.2195921,14.7628467,681.8,5.69,5.59
305.0,47.2195804,14.7627828,682.0,5.68,5.59
310.0,47.2195687,14.7627189,682.3,5.67,5.58
315.0,47.2195570,14.7626550,682.5,5.67,5.58
320.0,47.2195452,14.7625911,682.8,5.66,5.57
325.0,47.2195335,14.7625271,683.0,5.65,5.56
330.0,47.2195218,14.7624632,683.3,5.64,5.56
335.0,47.2195100,14.7623993,683.6,5.63,5.55
340.0,47.2194983,14.7623354,683.9,5.63,5.54
345.0,47.2194866,14.7622715,684.2,5.62,5.54
350.0,47.2194749,14.7622075,684.5,5.61,5.53
355.0,47.2194631,14.7621436,684.9,5.60,5.52
360.0,47.2194514,14.7620797,685.2,5.60,5.52
365.0,47.2194397,14.7620158,685.5,5.59,5.51
370.0,47.2194280,14.7619518,685.9,5.58,5.51
375.0,47.2194162,14.7618879,686.3,5.57,5.50
380.0,47.2194045,14.7618240,686.6,5.56,5.49
385.0,47.2193928,14.7617601,687.0,5.56,5.49
390.0,47.2193810,14.7616962,687.4,5.55,5.48
395.0,47.2193693,14.7616322,687.8,5.54,5.47
400.0,47.2193575,14.7615683,688.2,5.53,5.47
405.0,47.2193457,14.7615045,688.6,5.52,5.46
410.0,47.2193339,14.7614406,689.0,5.52,5.46
415.0,47.2193220,14.7613767,689.4,5.51,5.45
420.0,47.2193104,14.7613127,689.7,5.50,5.44
425.0,47.2192993,14.7612486,690.1,5.49,5.44
430.0,47.2192875,14.7611847,690.4,5.48,5.43
435.0,47.2192744,14.7611213,690.7,5.48,5.43
440.0,47.2192636,14.7610571,691.0,5.47,5.43
445.0,47.2192610,14.7609911,691.2,5.55,6.15
450.0,47.2192743,14.7609281,691.4,6.37,6.85
455.0,47.2193005,14.7608745,691.6,6.20,6.95
460.0,47.2193337,14.7608300,691.7,5.98,6.74
465.0,47.2193708,14.7607925,691.8,5.88,6.02
470.0,47.2194100,14.7607604,691.8,6.13,5.60
475.0,47.2194504,14.7607313,691.8,6.03,5.57
480.0,47.2194910,14.7607027,691.8,5.87,5.63
485.1,47.2195311,14.7606728,691.8,5.70,5.68
490.1,47.2195707,14.7606413,691.7,5.59,5.63
495.1,47.2196097,14.7606083,691.7,5.52,5.50
500.1,47.2196481,14.7605739,691.6,5.44,5.41
505.1,47.2196860,14.7605383,691.5,5.34,5.42
510.1,47.2197234,14.7605016,691.5,5.27,5.40
515.1,47.2197604,14.7604639,691.4,5.25,5.35
520.1,47.2197970,14.7604254,691.3,5.35,5.37
525.1,47.2198332,14.7603862,691.3,5.67,5.50
530.1,47.2198693,14.7603466,691.3,5.73,5.51
535.1,47.2199052,14.7603068,691.2,5.67,5.44
540.1,47.2199411,14.7602669,691.2,5.61,5.39
545.1,47.2199771,14.7602272,691.2,5.54,5.39
550.1,47.2200133,14.7601879,691.3,5.46,5.47
555.1,47.2200497,14.7601490,691.3,5.37,5.54
560.1,47.2200862,14.7601104,691.4,5.29,5.61
565.1,47.2201229,14.7600721,691.4,5.21,5.68
570.1,47.2201597,14.7600340,691.5,5.13,5.75
575.1,47.2201965,14.7599959,691.6,5.05,5.82
580.1,47.2202333,14.7599579,691.7,5.01,5.85
585.1,47.2202701,14.7599198,691.8,5.28,5.55
590.1,47.2203068,14.7598817,691.9,5.53,5.27
595.1,47.2203436,14.7598434,692.1,5.62,5.17
600.1,47.2203803,14.7598052,692.2,5.60,5.19
605.1,47.2204169,14.7597668,692.4,5.59,5.20
610.1,47.2204536,14.7597285,692.6,5.57,5.21
615.1,47.2204902,14.7596901,692.8,5.55,5.23
620.1,47.2205268,14.7596516,693.0,5.54,5.24
625.1,47.2205634,14.7596131,693.2,5.52,5.25
630.1,47.2206000,14.7595746,693.4,5.50,5.27
635.1,47.2206365,14.7595360,693.7,5.49,5.28
640.1,47.2206731,14.7594975,693.9,5.47,5.29
645.1,47.2207096,14.7594589,694.2,5.45,5.31
650.1,47.2207462,14.7594202,694.5,5.43,5.32
655.1,47.2207827,14.7593816,694.7,5.42,5.33
660.1,47.2208192,14.7593430,695.0,5.40,5.35
665.1,47.2208557,14.7593044,695.3,5.38,5.36
670.1,47.2208923,14.7592657,695.6,5.37,5.37
675.1,47.2209288,14.7592271,695.9,5.35,5.39
680.1,47.2209653,14.7591885,696.2,5.33,5.40
685.1,47.2210018,14.7591499,696.4,5.32,5.41
690.1,47.2210384,14.7591113,696.7,5.30,5.43
695.1,47.2210749,14.7590727,697.0,5.28,5.46
700.1,47.2211115,14.7590342,697.3,5.25,5.50
705.1,47.2211481,14.7589957,697.6,5.23,5.54
710.1,47.2211847,14.7589572,697.9,5.20,5.58
715.1,47.2212213,14.7589187,698.1,5.18,5.61
720.1,47.2212579,14.7588803,698.4,5.15,5.65
725.1,47.2212947,14.7588421,698.6,5.13,5.69
730.1,47.2213315,14.7588042,698.9,5.11,5.73
735.1,47.2213686,14.7587667,699.1,5.08,5.76
740.1,47.2214059,14.7587297,699.3,5.06,5.80
745.1,47.2214435,14.7586934,699.5,5.03,5.84
750.1,47.2214814,14.7586579,699.7,5.01,5.85
755.1,47.2215198,14.7586233,699.9,4.99,5.83
760.1,47.2215584,14.7585895,700.1,4.97,5.80
765.1,47.2215974,14.7585563,700.2,4.95,5.78
770.1,47.2216365,14.7585237,700.4,4.94,5.75
775.1,47.2216758,14.7584916,700.5,4.92,5.72
780.1,47.2217152,14.7584597,700.6,4.90,5.70
785.1,47.2217547,14.7584279,700.7,4.88,5.67
790.1,47.2217942,14.7583963,700.8,4.86,5.64
795.1,47.2218337,14.7583647,700.9,4.84,5.62
800.1,47.2218733,14.7583332,701.0,4.83,5.59
805.1,47.2219129,14.7583018,701.0,4.81,5.57
810.1,47.2219525,14.7582705,701.1,4.79,5.54
815.1,47.2219922,14.7582394,701.1,4.77,5.51
820.1,47.2220319,14.7582084,701.2,4.75,5.49
825.1,47.2220717,14.7581775,701.2,4.74,5.46
830.1,47.2221116,14.7581468,701.2,4.74,5.44
835.1,47.2221515,14.7581162,701.3,4.76,5.43
840.1,47.2221914,14.7580859,701.3,4.77,5.41
845.1,47.2222315,14.7580557,701.3,4.79,5.40
850.1,47.2222715,14.7580257,701.4,4.80,5.39
855.1,47.2223117,14.7579960,701.4,4.81,5.37
860.1,47.2223520,14.7579664,701.4,4.83,5.36
865.1,47.2223923,14.7579370,701.5,4.84,5.34
870.1,47.2224326,14.7579078,701.5,4.86,5.33
875.1,47.2224730,14.7578788,701.6,4.87,5.31
880.1,47.2225135,14.7578499,701.6,4.88,5.30
885.1,47.2225540,14.7578212,701.7,4.90,5.28
890.1,47.2225946,14.7577926,701.8,4.91,5.27
895.1,47.2226352,14.7577642,701.9,4.93,5.25
900.1,47.2226759,14.7577359,702.0,4.94,5.24
905.1,47.2227165,14.7577077,702.1,4.95,5.23
910.1,47.2227573,14.7576796,702.2,4.97,5.23
915.1,47.2227980,14.7576516,702.4,4.98,5.23
920.1,47.2228388,14.7576236,702.6,5.00,5.23
925.1,47.2228796,14.7575958,702.7,5.01,5.23
930.1,47.2229204,14.7575680,702.9,5.02,5.22
935.1,47.2229612,14.7575403,703.1,5.04,5.22
940.1,47.2230021,14.7575126,703.3,5.05,5.22
945.1,47.2230430,14.7574850,703.6,5.07,5.22
950.1,47.2230838,14.7574573,703.8,5.08,5.22
955.1,47.2231247,14.7574297,704.0,5.10,5.22
960.1,47.2231656,14.7574021,704.3,5.11,5.21
965.1,47.2232065,14.7573745,704.5,5.12,5.21
970.1,47.2232473,14.7573469,704.8,5.14,5.21
975.1,47.2232882,14.7573193,705.0,5.15,5.21
980.1,47.2233291,14.7572916,705.3,5.17,5.21
985.1,47.2233699,14.7572639,705.5,5.18,5.21
990.1,47.2234107,14.7572361,705.7,5.19,5.20
995.1,47.2234515,14.7572083,706.0,5.21,5.20
1000.1,47.2234924,14.7571805,706.2,5.22,5.20
1005.1,47.2235332,14.7571528,706.4,5.24,5.20
1010.1,47.2235740,14.7571251,706.7,5.25,5.20
1015.1,47.2236149,14.7570976,706.9,5.26,5.20
1020.1,47.2236559,14.7570701,707.1,5.28,5.19
1025.1,47.2236968,14.7570428,707.4,5.29,5.19
1030.1,47.2237378,14.7570154,707.6,5.31,5.19
1035.1,47.2237786,14.7569878,707.8,5.32,5.19
1040.1,47.2238194,14.7569598,708.1,5.34,5.19
1045.1,47.2238599,14.7569311,708.3,5.35,5.19
1050.1,47.2239002,14.7569017,708.6,5.35,5.21
1055.1,47.2239402,14.7568713,708.8,5.35,5.25
1060.1,47.2239797,14.7568397,709.1,5.35,5.28
1065.1,47.2240187,14.7568067,709.4,5.36,5.31
1070.1,47.2240569,14.7567719,709.7,5.36,5.30
1075.1,47.2240943,14.7567352,709.9,5.36,5.32
1080.1,47.2241312,14.7566972,710.2,5.37,5.41
1085.1,47.2241678,14.7566588,710.5,5.37,5.46
1090.1,47.2242047,14.7566210,710.8,5.38,5.47
1095.1,47.2242421,14.7565841,711.2,5.39,5.48
1100.1,47.2242797,14.7565478,711.5,5.39,5.49
1105.1,47.2243173,14.7565116,711.8,5.40,5.49
1110.1,47.2243549,14.7564752,712.1,5.41,5.50
1115.1,47.2243922,14.7564382,712.4,5.41,5.51
1120.1,47.2244291,14.7564003,712.8,5.42,5.50
1125.1,47.2244654,14.7563613,713.1,5.44,5.46
1130.1,47.2245011,14.7563211,713.4,5.45,5.41
1135.1,47.2245363,14.7562799,713.7,5.47,5.37
1140.1,47.2245710,14.7562378,714.1,5.51,5.32
1145.1,47.2246053,14.7561948,714.4,5.57,5.26
1150.1,47.2246391,14.7561512,714.7,5.63,5.20
1155.1,47.2246725,14.7561069,715.1,5.68,5.15
1160.1,47.2247056,14.7560620,715.4,5.69,5.14
1165.1,47.2247384,14.7560168,715.8,5.68,5.15
1170.1,47.2247710,14.7559712,716.2,5.68,5.16
1175.1,47.2248034,14.7559253,716.6,5.67,5.16
1180.1,47.2248357,14.7558792,717.0,5.66,5.17
1185.1,47.2248680,14.7558331,717.4,5.66,5.18
1190.1,47.2249002,14.7557869,717.9,5.65,5.18
1195.1,47.2249324,14.7557407,718.3,5.65,5.19
1200.1,47.2249647,14.7556945,718.8,5.64,5.20
1205.1,47.2249969,14.7556484,719.4,5.63,5.20
1210.1,47.2250291,14.7556022,719.9,5.63,5.21
1215.1,47.2250614,14.7555561,720.5,5.62,5.22
1220.1,47.2250936,14.7555099,721.1,5.62,5.22
1225.1,47.2251259,14.7554638,721.7,5.61,5.23
1230.1,47.2251581,14.7554176,722.3,5.60,5.24
1235.1,47.2251904,14.7553714,723.0,5.60,5.24
1240.1,47.2252226,14.7553252,723.7,5.59,5.25
1245.1,47.2252548,14.7552790,724.4,5.59,5.26
1250.1,47.2252870,14.7552328,725.1,5.58,5.26
1255.1,47.2253192,14.7551865,725.8,5.57,5.27
1260.1,47.2253513,14.7551403,726.5,5.57,5.28
1265.1,47.2253835,14.7550939,727.3,5.56,5.28
1270.1,47.2254156,14.7550476,728.0,5.56,5.29
1275.1,47.2254476,14.7550012,728.7,5.55,5.29
1280.1,47.2254797,14.7549547,729.5,5.54,5.30
1285.1,47.2255117,14.7549082,730.2,5.54,5.31
1290.1,47.2255437,14.7548617,731.0,5.53,5.31
1295.1,47.2255756,14.7548150,731.7,5.53,5.32
1300.1,47.2256075,14.7547683,732.5,5.52,5.33
1305.1,47.2256393,14.7547216,733.2,5.52,5.33
1310.1,47.2256711,14.7546747,733.9,5.51,5.34
1315.1,47.2257028,14.7546278,734.6,5.51,5.35
1320.1,47.2257344,14.7545807,735.3,5.50,5.36
1325.1,47.2257660,14.7545336,736.0,5.49,5.36
1330.1,47.2257976,14.7544864,736.7,5.49,5.37
1335.1,47.2258291,14.7544392,737.4,5.48,5.38
1340.1,47.2258606,14.7543920,738.1,5.48,5.38
1345.1,47.2258923,14.7543449,738.8,5.47,5.39
1350.1,47.2259240,14.7542980,739.4,5.45,5.40
1355.1,47.2259558,14.7542512,740.1,5.36,5.42
1360.1,47.2259879,14.7542049,740.7,5.32,5.42
1365.1,47.2260206,14.7541593,741.3,5.44,5.35
1370.1,47.2260543,14.7541155,741.9,5.44,5.36
1375.1,47.2260895,14.7540745,742.5,5.16,5.52
1380.1,47.2261274,14.7540390,743.0,5.12,5.55
1385.1,47.2261691,14.7540155,743.6,5.21,5.49
1390.1,47.2262134,14.7540119,744.1,5.24,5.45
1395.1,47.2262554,14.7540320,744.5,5.09,5.56
1400.1,47.2262851,14.7540783,744.9,5.28,5.67
1405.1,47.2262959,14.7541421,745.3,5.51,5.55
1410.1,47.2262994,14.7542081,745.6,5.47,5.52
1415.1,47.2263035,14.7542740,745.9,5.47,5.46
1420.1,47.2263084,14.7543398,746.1,5.46,5.42
1425.1,47.2263141,14.7544055,746.4,5.43,5.44
1430.1,47.2263202,14.7544711,746.5,5.39,5.46
1435.1,47.2263266,14.7545367,746.7,5.36,5.47
1440.1,47.2263330,14.7546022,746.8,5.32,5.49
1445.1,47.2263393,14.7546678,746.9,5.28,5.51
1450.2,47.2263452,14.7547334,747.0,5.25,5.53
1455.2,47.2263505,14.7547991,747.1,5.21,5.55
1460.2,47.2263552,14.7548650,747.1,5.19,5.56
1465.2,47.2263590,14.7549310,747.2,5.21,5.56
1470.2,47.2263622,14.7549970,747.2,5.23,5.55
1475.2,47.2263647,14.7550631,747.3,5.26,5.54
1480.2,47.2263666,14.7551293,747.3,5.29,5.53
1485.2,47.2263680,14.7551955,747.4,5.32,5.52
1490.2,47.2263689,14.7552616,747.4,5.33,5.52
1495.2,47.2263695,14.7553279,747.5,5.31,5.55
1500.2,47.2263698,14.7553941,747.5,5.28,5.60
1505.2,47.2263698,14.7554603,747.6,5.25,5.64
1510.2,47.2263697,14.7555265,747.7,5.25,5.66
1515.2,47.2263695,14.7555927,747.7,5.33,5.58
1520.2,47.2263693,14.7556589,747.7,5.44,5.47
1525.2,47.2263691,14.7557251,747.8,5.55,5.36
1530.2,47.2263690,14.7557913,747.8,5.66,5.25
1535.2,47.2263689,14.7558575,747.9,5.72,5.19
1540.2,47.2263690,14.7559238,747.9,5.65,5.26
1545.2,47.2263691,14.7559900,747.9,5.56,5.36
1550.2,47.2263693,14.7560562,747.9,5.46,5.46
1555.2,47.2263694,14.7561224,747.9,5.36,5.56
1560.2,47.2263696,14.7561886,747.8,5.30,5.61
1565.2,47.2263697,14.7562548,747.8,5.29,5.62
1570.2,47.2263696,14.7563210,747.7,5.27,5.62
1575.2,47.2263691,14.7563872,747.7,5.26,5.63
1580.2,47.2263680,14.7564534,747.5,5.26,5.62
1585.2,47.2263662,14.7565196,747.4,5.31,5.58
1590.2,47.2263635,14.7565857,747.3,5.37,5.52
1595.2,47.2263597,14.7566517,747.1,5.44,5.46
1600.2,47.2263551,14.7567175,746.9,5.49,5.41
1605.2,47.2263501,14.7567833,746.7,5.51,5.38
1610.2,47.2263452,14.7568491,746.5,5.49,5.37
1615.2,47.2263408,14.7569150,746.2,5.48,5.36
1620.2,47.2263369,14.7569810,745.9,5.47,5.35
1625.2,47.2263332,14.7570470,745.6,5.45,5.34
1630.2,47.2263294,14.7571129,745.2,5.44,5.32
1635.2,47.2263250,14.7571788,744.9,5.42,5.32
1640.2,47.2263198,14.7572446,744.5,5.37,5.34
1645.2,47.2263135,14.7573102,744.1,5.31,5.36
1650.2,47.2263060,14.7573754,743.7,5.25,5.39
1655.2,47.2262978,14.7574405,743.3,5.25,5.40
1660.2,47.2262892,14.7575055,742.8,5.27,5.41
1665.2,47.2262805,14.7575705,742.4,5.28,5.42
1670.2,47.2262718,14.7576355,741.9,5.30,5.43
1675.2,47.2262632,14.7577004,741.4,5.32,5.44
1680.2,47.2262545,14.7577654,741.0,5.34,5.45
1685.2,47.2262457,14.7578303,740.5,5.36,5.46
1690.2,47.2262370,14.7578953,740.1,5.38,5.47
1695.2,47.2262283,14.7579603,739.6,5.40,5.48
1700.2,47.2262196,14.7580252,739.2,5.41,5.49
1705.2,47.2262108,14.7580902,738.7,5.43,5.50
1710.2,47.2262021,14.7581551,738.3,5.45,5.51
1715.2,47.2261934,14.7582201,737.8,5.47,5.52
1720.2,47.2261846,14.7582850,737.4,5.49,5.53
1725.2,47.2261759,14.7583500,737.0,5.51,5.54
1730.2,47.2261672,14.7584149,736.5,5.52,5.55
1735.2,47.2261585,14.7584799,736.1,5.54,5.55
1740.2,47.2261497,14.7585448,735.7,5.56,5.56
1745.2,47.2261410,14.7586098,735.3,5.58,5.57
1750.2,47.2261323,14.7586747,734.9,5.60,5.58
1755.2,47.2261236,14.7587397,734.5,5.62,5.59
1760.2,47.2261149,14.7588047,734.1,5.63,5.60
1765.2,47.2261062,14.7588696,733.8,5.65,5.61
1770.2,47.2260975,14.7589346,733.4,5.67,5.62
1775.2,47.2260889,14.7589996,733.1,5.69,5.63
1780.2,47.2260802,14.7590645,732.8,5.71,5.64
1785.2,47.2260716,14.7591295,732.4,5.73,5.65
1790.2,47.2260630,14.7591945,732.1,5.74,5.65
1795.2,47.2260544,14.7592595,731.8,5.76,5.64
1800.2,47.2260458,14.7593245,731.6,5.78,5.63
1805.2,47.2260372,14.7593895,731.3,5.80,5.63
1810.2,47.2260286,14.7594545,731.1,5.82,5.62
1815.2,47.2260201,14.7595195,730.8,5.84,5.62
1820.2,47.2260116,14.7595845,730.6,5.86,5.61
1825.2,47.2260030,14.7596495,730.4,5.88,5.60
1830.2,47.2259945,14.7597145,730.1,5.90,5.60
1835.2,47.2259860,14.7597796,729.9,5.92,5.59
1840.2,47.2259775,14.7598446,729.7,5.94,5.59
1845.2,47.2259690,14.7599096,729.6,5.96,5.58
1850.2,47.2259605,14.7599746,729.4,5.98,5.57
1855.2,47.2259520,14.7600396,729.2,6.00,5.57
1860.2,47.2259434,14.7601046,729.1,6.02,5.56
1865.2,47.2259349,14.7601696,729.0,6.04,5.56
1870.2,47.2259264,14.7602347,728.9,6.06,5.55
1875.2,47.2259179,14.7602997,728.8,6.08,5.54
1880.2,47.2259095,14.7603647,728.7,6.10,5.54
1885.2,47.2259011,14.7604298,728.6,6.12,5.53
1890.2,47.2258928,14.7604948,728.5,6.14,5.53
1895.2,47.2258847,14.7605600,728.5,6.16,5.52
1900.2,47.2258766,14.7606251,728.5,6.18,5.51
1905.2,47.2258688,14.7606903,728.4,6.20,5.51
1910.2,47.2258611,14.7607556,728.4,6.21,5.50
1915.2,47.2258537,14.7608209,728.4,6.20,5.51
1920.2,47.2258465,14.7608862,728.4,6.11,5.56
1925.2,47.2258395,14.7609516,728.4,6.00,5.61
1930.2,47.2258329,14.7610171,728.4,5.90,5.66
1935.2,47.2258265,14.7610826,728.4,5.80,5.72
1940.2,47.2258204,14.7611483,728.4,5.69,5.77
1945.2,47.2258146,14.7612139,728.4,5.59,5.82
1950.2,47.2258091,14.7612796,728.4,5.48,5.88
1955.2,47.2258040,14.7613454,728.4,5.47,5.89
1960.2,47.2257991,14.7614112,728.3,5.66,5.81
1965.2,47.2257945,14.7614771,728.3,5.94,5.70
1970.2,47.2257902,14.7615430,728.3,6.22,5.58
1975.2,47.2257861,14.7616089,728.3,6.33,5.50
1980.2,47.2257824,14.7616749,728.2,6.17,5.48
1985.2,47.2257789,14.7617409,728.2,6.00,5.46
1990.2,47.2257757,14.7618070,728.1,5.83,5.44
1995.2,47.2257727,14.7618730,728.0,5.71,5.43
2000.2,47.2257700,14.7619391,727.9,5.68,5.42
2005.2,47.2257675,14.7620052,727.8,5.66,5.42
2010.2,47.2257652,14.7620714,727.7,5.64,5.41
2015.2,47.2257631,14.7621375,727.5,5.63,5.41
2020.2,47.2257611,14.7622037,727.4,5.61,5.40
2025.2,47.2257593,14.7622698,727.2,5.59,5.40
2030.2,47.2257575,14.7623360,727.0,5.58,5.39
2035.2,47.2257559,14.7624021,726.9,5.56,5.38
2040.2,47.2257543,14.7624683,726.6,5.54,5.38
2045.2,47.2257528,14.7625345,726.4,5.53,5.37
2050.2,47.2257512,14.7626007,726.2,5.51,5.37
2055.2,47.2257497,14.7626668,726.0,5.49,5.36
2060.2,47.2257481,14.7627330,725.7,5.48,5.36
2065.2,47.2257464,14.7627992,725.5,5.46,5.35
2070.2,47.2257447,14.7628653,725.2,5.44,5.35
2075.2,47.2257429,14.7629315,725.0,5.43,5.34
2080.2,47.2257411,14.7629977,724.7,5.41,5.34
2085.2,47.2257391,14.7630638,724.5,5.39,5.33
2090.2,47.2257372,14.7631300,724.3,5.38,5.33
2095.2,47.2257351,14.7631961,724.0,5.36,5.32
2100.2,47.2257331,14.7632622,723.8,5.35,5.32
2105.2,47.2257310,14.7633284,723.6,5.35,5.31
2110.2,47.2257288,14.7633945,723.4,5.36,5.31
2115.2,47.2257267,14.7634607,723.2,5.38,5.30
2120.2,47.2257245,14.7635268,723.1,5.40,5.30
2125.2,47.2257224,14.7635929,723.0,5.41,5.30
2130.2,47.2257202,14.7636591,722.9,5.43,5.29
2135.2,47.2257181,14.7637252,722.8,5.44,5.29
2140.2,47.2257160,14.7637913,722.7,5.46,5.28
2145.2,47.2257140,14.7638575,722.6,5.48,5.28
2150.2,47.2257121,14.7639236,722.6,5.49,5.28
2155.2,47.2257104,14.7639898,722.5,5.51,5.27
2160.2,47.2257089,14.7640560,722.5,5.52,5.27
2165.2,47.2257077,14.7641222,722.4,5.52,5.26
2170.2,47.2257066,14.7641884,722.3,5.45,5.25
2175.2,47.2257046,14.7642545,722.3,5.33,5.29
2180.2,47.2257002,14.7643204,722.1,5.08,5.50
2185.2,47.2256919,14.7643853,722.0,4.96,5.60
2190.2,47.2256783,14.7644483,721.8,5.14,5.38
2195.2,47.2256581,14.7645072,721.6,5.27,5.29
2200.2,47.2256305,14.7645589,721.4,5.18,5.41
2205.2,47.2255958,14.7646004,721.1,5.03,5.47
2210.2,47.2255558,14.7646298,720.8,4.98,5.51
2215.2,47.2255124,14.7646454,720.5,5.04,5.51
2220.2,47.2254677,14.7646457,720.1,5.15,5.34
2225.2,47.2254238,14.7646329,719.7,5.30,5.24
2230.2,47.2253813,14.7646114,719.2,5.34,5.29
2235.2,47.2253401,14.7645850,718.8,5.21,5.42
2240.2,47.2252999,14.7645554,718.3,5.15,5.49
2245.2,47.2252606,14.7645232,717.9,5.23,5.47
2250.2,47.2252222,14.7644888,717.3,5.29,5.52
2255.2,47.2251845,14.7644525,716.8,5.35,5.54
2260.2,47.2251476,14.7644149,716.3,5.46,5.42
2265.2,47.2251111,14.7643762,715.8,5.52,5.33
2270.2,47.2250749,14.7643368,715.3,5.49,5.35
2275.2,47.2250391,14.7642967,714.8,5.43,5.41
2280.2,47.2250037,14.7642559,714.3,5.40,5.47
2285.2,47.2249687,14.7642143,713.8,5.39,5.52
2290.2,47.2249342,14.7641719,713.3,5.38,5.56
2295.2,47.2249003,14.7641285,712.8,5.36,5.57
2300.2,47.2248669,14.7640840,712.4,5.34,5.57
2305.2,47.2248343,14.7640385,711.9,5.33,5.56
2310.2,47.2248024,14.7639919,711.6,5.35,5.53
2315.2,47.2247713,14.7639440,711.2,5.36,5.53
2320.2,47.2247412,14.7638948,710.8,5.31,5.60
2325.2,47.2247121,14.7638444,710.5,5.25,5.68
2330.2,47.2246840,14.7637926,710.2,5.26,5.67
2335.2,47.2246572,14.7637395,709.9,5.32,5.60
2340.2,47.2246316,14.7636850,709.7,5.38,5.53
2345.2,47.2246073,14.7636294,709.5,5.43,5.48
2350.2,47.2245840,14.7635727,709.3,5.48,5.45
2355.2,47.2245618,14.7635152,709.1,5.52,5.41
2360.2,47.2245405,14.7634569,709.0,5.52,5.40
2365.2,47.2245200,14.7633979,708.8,5.47,5.42
2370.2,47.2245004,14.7633383,708.8,5.40,5.44
2375.2,47.2244816,14.7632782,708.7,5.31,5.50
2380.2,47.2244636,14.7632175,708.6,5.15,5.66
2385.2,47.2244466,14.7631562,708.6,5.03,5.78
2390.2,47.2244308,14.7630942,708.6,5.06,5.74
2395.2,47.2244163,14.7630316,708.6,5.20,5.60
2400.2,47.2244032,14.7629682,708.7,5.37,5.46
2405.2,47.2243916,14.7629043,708.7,5.49,5.37
2410.2,47.2243814,14.7628398,708.8,5.60,5.30
2415.3,47.2243725,14.7627749,708.8,5.61,5.31
2420.3,47.2243647,14.7627097,708.9,5.55,5.39
2425.3,47.2243576,14.7626443,709.0,5.53,5.43
2430.3,47.2243512,14.7625788,709.2,5.56,5.41
2435.3,47.2243451,14.7625132,709.3,5.56,5.42
2440.3,47.2243392,14.7624475,709.4,5.44,5.52
2445.3,47.2243337,14.7623818,709.6,5.26,5.68
2450.3,47.2243289,14.7623160,709.7,5.14,5.78
2455.3,47.2243251,14.7622500,709.9,5.15,5.75
2460.3,47.2243227,14.7621839,710.0,5.19,5.68
2465.3,47.2243220,14.7621177,710.2,5.26,5.62
2470.3,47.2243234,14.7620516,710.3,5.35,5.56
2475.3,47.2243268,14.7619856,710.5,5.48,5.40
2480.3,47.2243319,14.7619198,710.6,5.63,5.17
2485.3,47.2243380,14.7618542,710.8,5.73,5.02
2490.3,47.2243447,14.7617887,710.9,5.72,5.01
2495.3,47.2243515,14.7617233,711.1,5.67,5.06
2500.3,47.2243580,14.7616577,711.2,5.62,5.11
2505.3,47.2243637,14.7615921,711.3,5.57,5.15
2510.3,47.2243686,14.7615263,711.5,5.52,5.20
2515.3,47.2243729,14.7614603,711.6,5.47,5.25
2520.3,47.2243769,14.7613944,711.7,5.42,5.29
2525.3,47.2243811,14.7613285,711.9,5.37,5.34
2530.3,47.2243856,14.7612626,712.0,5.32,5.39
2535.3,47.2243909,14.7611968,712.1,5.27,5.43
2540.3,47.2243971,14.7611313,712.2,5.22,5.48
2545.3,47.2244043,14.7610659,712.3,5.20,5.50
2550.3,47.2244123,14.7610008,712.4,5.20,5.50
2555.3,47.2244208,14.7609358,712.5,5.22,5.49
2560.3,47.2244298,14.7608709,712.6,5.23,5.48
2565.3,47.2244389,14.7608060,712.7,5.25,5.47
2570.3,47.2244480,14.7607412,712.8,5.27,5.46
2575.3,47.2244571,14.7606763,712.9,5.28,5.45
2580.3,47.2244660,14.7606114,713.0,5.30,5.44
2585.3,47.2244748,14.7605465,713.0,5.31,5.43
2590.3,47.2244836,14.7604816,713.1,5.33,5.42
2595.3,47.2244924,14.7604166,713.1,5.35,5.41
2600.3,47.2245013,14.7603517,713.2,5.36,5.40
2605.3,47.2245103,14.7602869,713.2,5.38,5.39
2610.3,47.2245194,14.7602220,713.3,5.39,5.38
2615.3,47.2245285,14.7601572,713.3,5.38,5.35
2620.3,47.2245374,14.7600923,713.3,5.38,5.32
2625.3,47.2245459,14.7600273,713.3,5.37,5.29
2630.3,47.2245540,14.7599621,713.3,5.36,5.34
2635.3,47.2245614,14.7598968,713.3,5.39,5.45
2640.3,47.2245681,14.7598313,713.3,5.51,5.42
2645.3,47.2245737,14.7597657,713.3,5.70,5.28
2650.3,47.2245781,14.7596998,713.3,5.76,5.37
2655.3,47.2245806,14.7596337,713.2,5.66,5.65
2660.3,47.2245811,14.7595675,713.2,5.53,5.81
2665.3,47.2245792,14.7595014,713.1,5.55,5.65
2670.3,47.2245743,14.7594356,713.0,5.60,5.48
2675.3,47.2245664,14.7593705,712.9,5.56,5.41
2680.3,47.2245554,14.7593063,712.8,5.56,5.27
2685.3,47.2245414,14.7592434,712.6,5.60,5.09
2690.3,47.2245246,14.7591820,712.5,5.49,5.13
2695.3,47.2245053,14.7591223,712.3,5.46,5.17
2700.3,47.2244834,14.7590644,712.1,5.63,5.06
2705.3,47.2244593,14.7590086,711.9,5.66,5.06
2710.3,47.2244329,14.7589550,711.7,5.46,5.25
2715.3,47.2244043,14.7589039,711.4,5.17,5.52
2720.3,47.2243736,14.7588556,711.1,5.09,5.54
2725.3,47.2243408,14.7588103,710.9,5.15,5.37
2730.3,47.2243060,14.7587685,710.5,5.34,5.14
2735.3,47.2242692,14.7587306,710.2,5.57,4.90
2740.3,47.2242305,14.7586968,709.8,5.57,4.80
2745.3,47.2241903,14.7586675,709.4,5.43,4.90
2750.3,47.2241486,14.7586425,709.0,5.32,5.07
2755.3,47.2241059,14.7586219,708.6,5.29,5.17
2760.3,47.2240624,14.7586055,708.1,5.30,5.24
2765.3,47.2240182,14.7585934,707.6,5.30,5.33
2770.3,47.2239736,14.7585854,707.1,5.30,5.40
2775.3,47.2239287,14.7585816,706.6,5.29,5.41
2780.3,47.2238837,14.7585818,706.1,5.29,5.36
2785.3,47.2238389,14.7585860,705.6,5.29,5.28
2790.3,47.2237943,14.7585941,705.0,5.30,5.23
2795.3,47.2237501,14.7586063,704.5,5.28,5.24
2800.3,47.2237065,14.7586224,704.0,5.34,5.22
2805.3,47.2236637,14.7586426,703.5,5.50,5.09
2810.3,47.2236218,14.7586665,703.0,5.57,5.07
2815.3,47.2235807,14.7586935,702.5,5.53,5.19
2820.3,47.2235404,14.7587229,702.1,5.51,5.25
2825.3,47.2235007,14.7587540,701.6,5.50,5.24
2830.3,47.2234614,14.7587861,701.2,5.50,5.24
2835.3,47.2234222,14.7588187,700.8,5.49,5.24
2840.3,47.2233830,14.7588510,700.4,5.49,5.24
2845.3,47.2233436,14.7588828,700.1,5.48,5.23
2850.3,47.2233040,14.7589143,699.8,5.47,5.23
2855.3,47.2232644,14.7589456,699.4,5.47,5.23
2860.3,47.2232247,14.7589768,699.1,5.46,5.22
2865.3,47.2231851,14.7590082,698.8,5.46,5.22
2870.3,47.2231456,14.7590398,698.6,5.45,5.22
2875.3,47.2231063,14.7590719,698.3,5.44,5.21
2880.3,47.2230671,14.7591044,698.1,5.44,5.21
2885.3,47.2230281,14.7591374,697.8,5.43,5.21
2890.3,47.2229892,14.7591706,697.6,5.43,5.20
2895.3,47.2229504,14.7592041,697.4,5.40,5.23
2900.3,47.2229117,14.7592378,697.2,5.35,5.27
2905.3,47.2228730,14.7592716,697.0,5.31,5.31
2910.3,47.2228343,14.7593054,696.8,5.27,5.35
2915.3,47.2227956,14.7593391,696.6,5.23,5.39
2920.3,47.2227569,14.7593728,696.4,5.19,5.43
2925.3,47.2227181,14.7594062,696.2,5.15,5.47
2930.3,47.2226792,14.7594394,695.9,5.11,5.51
2935.3,47.2226401,14.7594722,695.7,5.07,5.55
2940.3,47.2226009,14.7595047,695.5,5.03,5.60
2945.3,47.2225616,14.7595368,695.3,4.99,5.64
2950.3,47.2225223,14.7595689,695.2,4.95,5.68
2955.3,47.2224831,14.7596015,695.0,4.91,5.72
2960.3,47.2224444,14.7596351,694.8,5.00,5.61
2965.3,47.2224063,14.7596702,694.6,5.30,5.31
2970.3,47.2223690,14.7597072,694.4,5.66,4.95
2975.3,47.2223329,14.7597466,694.3,5.78,4.86
2980.3,47.2222981,14.7597886,694.1,5.70,4.99
2985.3,47.2222650,14.7598334,694.0,5.66,5.04
2990.3,47.2222337,14.7598808,693.9,5.69,4.99
2995.3,47.2222044,14.7599310,693.7,5.69,4.96
3000.3,47.2221773,14.7599838,693.7,5.55,5.12
3005.3,47.2221526,14.7600392,693.6,5.35,5.35
3010.3,47.2221307,14.7600969,693.6,5.30,5.42
3015.3,47.2221114,14.7601567,693.6,5.43,5.27
3020.3,47.2220950,14.7602184,693.6,5.62,5.06
3025.3,47.2220815,14.7602815,693.6,5.60,5.08
3030.3,47.2220711,14.7603459,693.7,5.45,5.24
3035.3,47.2220639,14.7604112,693.8,5.30,5.40
3040.3,47.2220601,14.7604771,694.0,5.47,5.25
3045.3,47.2220598,14.7605433,694.2,5.79,4.95
3050.3,47.2220628,14.7606093,694.4,5.88,4.88
3055.3,47.2220688,14.7606749,694.6,5.72,5.04
3060.3,47.2220775,14.7607399,694.9,5.52,5.25
3065.3,47.2220884,14.7608040,695.2,5.43,5.34
3070.3,47.2221014,14.7608674,695.5,5.38,5.37
3075.3,47.2221160,14.7609300,695.8,5.35,5.38
3080.3,47.2221325,14.7609916,696.1,5.37,5.31
3085.3,47.2221513,14.7610517,696.5,5.42,5.21
3090.3,47.2221731,14.7611096,696.8,5.61,5.01
3095.3,47.2221982,14.7611645,697.1,5.56,5.09
3100.3,47.2222264,14.7612159,697.3,5.20,5.49
3105.3,47.2222573,14.7612641,697.6,5.18,5.53
3110.3,47.2222902,14.7613091,697.9,5.34,5.36
3115.3,47.2223249,14.7613513,698.1,5.51,5.18
3120.3,47.2223606,14.7613914,698.3,5.57,5.08
3125.3,47.2223972,14.7614301,698.5,5.41,5.15
3130.3,47.2224340,14.7614680,698.6,5.29,5.26
3135.3,47.2224708,14.7615061,698.7,5.26,5.36
3140.3,47.2225072,14.7615450,698.8,5.15,5.41
3145.3,47.2225428,14.7615855,698.9,4.98,5.46
3150.3,47.2225773,14.7616279,698.9,5.09,5.36
3155.3,47.2226104,14.7616726,698.9,5.30,5.22
3160.3,47.2226419,14.7617199,698.9,5.47,5.16
3165.3,47.2226717,14.7617695,698.9,5.46,5.23
3170.3,47.2227001,14.7618207,698.9,5.17,5.47
3175.3,47.2227279,14.7618728,698.8,4.98,5.64
3180.3,47.2227555,14.7619251,698.7,5.01,5.66
3185.3,47.2227829,14.7619776,698.6,5.18,5.54
3190.3,47.2228100,14.7620304,698.5,5.42,5.33
3195.3,47.2228365,14.7620840,698.4,5.55,5.22
3200.3,47.2228621,14.7621384,698.2,5.62,5.15
3205.3,47.2228866,14.7621938,698.1,5.61,5.16
3210.3,47.2229098,14.7622506,697.9,5.54,5.25
3215.3,47.2229313,14.7623087,697.8,5.43,5.36
3220.3,47.2229512,14.7623681,697.6,5.29,5.48
3225.3,47.2229695,14.7624286,697.4,5.13,5.60
3230.3,47.2229862,14.7624900,697.2,5.00,5.70
3235.3,47.2230015,14.7625523,697.0,4.95,5.76
3240.3,47.2230153,14.7626153,696.8,4.92,5.80
3245.3,47.2230278,14.7626789,696.6,4.95,5.79
3250.3,47.2230390,14.7627430,696.4,5.10,5.67
3255.3,47.2230490,14.7628076,696.2,5.27,5.53
3260.3,47.2230578,14.7628725,696.0,5.45,5.38
3265.3,47.2230656,14.7629377,695.8,5.51,5.34
3270.3,47.2230725,14.7630031,695.6,5.42,5.43
3275.3,47.2230784,14.7630688,695.4,5.30,5.54
3280.3,47.2230835,14.7631345,695.3,5.22,5.61
3285.3,47.2230880,14.7632004,695.1,5.34,5.47
3290.3,47.2230918,14.7632664,694.9,5.52,5.27
3295.3,47.2230951,14.7633324,694.8,5.70,5.07
3300.3,47.2230980,14.7633985,694.6,5.65,5.12
3305.3,47.2231007,14.7634646,694.5,5.46,5.30
3310.3,47.2231032,14.7635307,694.4,5.26,5.51
3315.3,47.2231056,14.7635968,694.3,5.08,5.69
3320.3,47.2231080,14.7636629,694.2,5.05,5.72
3325.3,47.2231103,14.7637291,694.2,5.07,5.71
3330.3,47.2231126,14.7637952,694.1,5.10,5.69
3335.3,47.2231148,14.7638613,694.1,5.12,5.68
3340.3,47.2231170,14.7639275,694.2,5.14,5.66
3345.3,47.2231191,14.7639936,694.2,5.16,5.64
3350.3,47.2231212,14.7640597,694.3,5.18,5.63
3355.3,47.2231232,14.7641259,694.3,5.20,5.61
3360.3,47.2231249,14.7641921,694.5,5.22,5.60
3365.3,47.2231265,14.7642582,694.6,5.24,5.58
3370.3,47.2231277,14.7643244,694.8,5.26,5.57
3375.3,47.2231286,14.7643906,694.9,5.28,5.55
3380.4,47.2231291,14.7644568,695.2,5.30,5.54
3385.4,47.2231291,14.7645230,695.4,5.32,5.52
3390.4,47.2231289,14.7645892,695.6,5.33,5.51
3395.4,47.2231284,14.7646555,695.9,5.34,5.50
3400.4,47.2231278,14.7647217,696.2,5.36,5.49
3405.4,47.2231271,14.7647879,696.5,5.37,5.48
3410.4,47.2231264,14.7648541,696.8,5.38,5.47
3415.4,47.2231258,14.7649203,697.1,5.40,5.45
3420.4,47.2231254,14.7649865,697.5,5.41,5.44
3425.4,47.2231250,14.7650527,697.9,5.42,5.43
3430.4,47.2231248,14.7651189,698.3,5.44,5.42
3435.4,47.2231247,14.7651851,698.7,5.45,5.41
3440.4,47.2231247,14.7652513,699.2,5.46,5.39
3445.4,47.2231249,14.7653175,699.7,5.47,5.36
3450.4,47.2231251,14.7653838,700.2,5.49,5.33
3455.4,47.2231254,14.7654500,700.7,5.50,5.30
3460.4,47.2231258,14.7655162,701.2,5.51,5.28
3465.4,47.2231263,14.7655824,701.8,5.52,5.25
3470.4,47.2231268,14.7656486,702.3,5.53,5.22
3475.4,47.2231275,14.7657148,702.9,5.54,5.21
3480.4,47.2231282,14.7657810,703.4,5.53,5.21
3485.4,47.2231290,14.7658472,704.0,5.52,5.22
3490.4,47.2231298,14.7659134,704.5,5.52,5.24
3495.4,47.2231307,14.7659796,705.1,5.51,5.25
3500.4,47.2231316,14.7660458,705.6,5.50,5.26
3505.4,47.2231326,14.7661120,706.1,5.49,5.27
3510.4,47.2231337,14.7661782,706.6,5.49,5.28
3515.4,47.2231347,14.7662444,707.0,5.48,5.30
3520.4,47.2231358,14.7663106,707.5,5.47,5.31
3525.4,47.2231370,14.7663768,707.9,5.46,5.32
3530.4,47.2231381,14.7664430,708.3,5.46,5.33
3535.4,47.2231393,14.7665091,708.7,5.45,5.34
3540.4,47.2231405,14.7665753,709.1,5.44,5.36
3545.4,47.2231417,14.7666415,709.4,5.43,5.37
3550.4,47.2231429,14.7667077,709.8,5.43,5.38
3555.4,47.2231441,14.7667739,710.1,5.42,5.39
3560.4,47.2231453,14.7668401,710.4,5.41,5.40
3565.4,47.2231465,14.7669063,710.7,5.40,5.42
3570.4,47.2231477,14.7669725,710.9,5.39,5.43
3575.4,47.2231489,14.7670387,711.2,5.39,5.43
3580.4,47.2231501,14.7671048,711.4,5.40,5.42
3585.4,47.2231513,14.7671710,711.6,5.40,5.41
3590.4,47.2231524,14.7672372,711.8,5.40,5.41
3595.4,47.2231536,14.7673034,711.9,5.41,5.40
3600.4,47.2231548,14.7673696,712.1,5.41,5.40
3605.4,47.2231560,14.7674358,712.2,5.41,5.39
3610.4,47.2231571,14.7675020,712.3,5.41,5.38
3615.4,47.2231582,14.7675682,712.4,5.42,5.38
3620.4,47.2231594,14.7676344,712.5,5.42,5.37
3625.4,47.2231605,14.7677006,712.5,5.42,5.37
3630.4,47.2231616,14.7677668,712.6,5.42,5.36
3635.4,47.2231627,14.7678329,712.6,5.43,5.35
3640.4,47.2231637,14.7678991,712.5,5.43,5.35
3645.4,47.2231648,14.7679653,712.5,5.43,5.34
3650.4,47.2231658,14.7680315,712.4,5.44,5.34
3655.4,47.2231668,14.7680977,712.4,5.44,5.33
3660.4,47.2231678,14.7681639,712.3,5.44,5.33
3665.4,47.2231688,14.7682301,712.1,5.44,5.32
3670.4,47.2231697,14.7682963,712.0,5.45,5.31
3675.4,47.2231706,14.7683625,711.8,5.45,5.31
3680.4,47.2231715,14.7684287,711.6,5.45,5.30
3685.4,47.2231724,14.7684949,711.4,5.45,5.30
3690.4,47.2231733,14.7685611,711.2,5.46,5.29
3695.4,47.2231743,14.7686273,711.0,5.46,5.28
3700.4,47.2231754,14.7686935,710.7,5.46,5.28
3705.4,47.2231767,14.7687597,710.4,5.46,5.27
3710.4,47.2231783,14.7688259,710.1,5.47,5.27
3715.4,47.2231802,14.7688920,709.8,5.47,5.26
3720.4,47.2231823,14.7689581,709.5,5.47,5.25
3725.4,47.2231844,14.7690243,709.1,5.48,5.25
3730.4,47.2231860,14.7690905,708.8,5.48,5.24
3735.4,47.2231867,14.7691567,708.4,5.48,5.23
3740.4,47.2231858,14.7692229,708.0,5.31,5.27
3745.4,47.2231830,14.7692889,707.5,4.85,5.37
3750.4,47.2231777,14.7693547,707.1,4.85,5.71
3755.4,47.2231698,14.7694198,706.6,5.07,5.66
3760.4,47.2231590,14.7694841,706.1,5.17,5.62
3765.4,47.2231454,14.7695472,705.6,5.26,5.43
3770.4,47.2231289,14.7696088,705.1,5.39,4.95
3775.4,47.2231095,14.7696685,704.6,5.40,4.97
3780.4,47.2230871,14.7697258,704.0,5.31,5.35
3785.4,47.2230616,14.7697803,703.4,5.21,5.69
3790.4,47.2230332,14.7698316,702.9,5.08,5.82
3795.4,47.2230021,14.7698794,702.3,4.94,5.91
3800.4,47.2229685,14.7699235,701.7,4.84,5.96
3805.4,47.2229328,14.7699637,701.1,4.97,5.81
3810.4,47.2228952,14.7699999,700.5,5.11,5.64
3815.4,47.2228558,14.7700319,700.0,5.10,5.57
3820.4,47.2228150,14.7700596,699.4,5.24,5.47
3825.4,47.2227731,14.7700836,698.8,5.74,5.26
3830.4,47.2227305,14.7701047,698.2,5.82,5.27
3835.4,47.2226874,14.7701236,697.6,5.76,5.34
3840.4,47.2226440,14.7701412,697.0,5.68,5.42
3845.4,47.2226006,14.7701583,696.4,5.61,5.49
3850.4,47.2225572,14.7701757,695.8,5.54,5.57
3855.4,47.2225139,14.7701938,695.2,5.47,5.65
3860.4,47.2224708,14.7702127,694.7,5.40,5.73
3865.4,47.2224278,14.7702320,694.1,5.33,5.80
3870.4,47.2223849,14.7702517,693.5,5.32,5.79
3875.4,47.2223420,14.7702716,692.9,5.32,5.76
3880.4,47.2222991,14.7702914,692.3,5.32,5.73
3885.4,47.2222561,14.7703109,691.8,5.32,5.70
3890.4,47.2222131,14.7703301,691.2,5.32,5.67
3895.4,47.2221700,14.7703491,690.7,5.32,5.64
3900.4,47.2221268,14.7703678,690.2,5.31,5.60
3905.4,47.2220836,14.7703863,689.7,5.31,5.57
3910.4,47.2220404,14.7704046,689.2,5.31,5.54
3915.4,47.2219972,14.7704229,688.8,5.31,5.51
3920.4,47.2219540,14.7704411,688.4,5.31,5.48
3925.4,47.2219108,14.7704594,688.0,5.31,5.45
3930.4,47.2218675,14.7704777,687.6,5.31,5.42
3935.4,47.2218244,14.7704962,687.3,5.31,5.39
3940.4,47.2217812,14.7705148,687.0,5.31,5.36
3945.4,47.2217381,14.7705336,686.8,5.30,5.33
3950.4,47.2216950,14.7705527,686.6,5.30,5.30
3955.4,47.2216520,14.7705721,686.3,5.30,5.26
3960.4,47.2216090,14.7705916,686.2,5.31,5.23
3965.4,47.2215660,14.7706107,686.0,5.33,5.20
3970.4,47.2215228,14.7706292,685.9,5.35,5.16
3975.4,47.2214792,14.7706453,685.8,5.02,5.32
3980.4,47.2214347,14.7706546,685.7,5.12,5.45
3985.4,47.2213899,14.7706509,685.6,5.03,5.54
3990.4,47.2213474,14.7706298,685.5,5.17,5.49
3995.4,47.2213089,14.7705956,685.4,5.59,5.07
4000.4,47.2212741,14.7705536,685.4,5.66,5.04
4005.4,47.2212424,14.7705068,685.3,5.30,5.39
4010.4,47.2212131,14.7704566,685.2,5.01,5.66
4015.4,47.2211857,14.7704040,685.1,5.04,5.79
4020.4,47.2211596,14.7703501,685.1,5.31,5.65
4025.4,47.2211341,14.7702956,685.0,5.62,5.47
4030.4,47.2211091,14.7702405,684.9,5.85,5.36
4035.4,47.2210847,14.7701849,684.9,5.79,5.61
4040.4,47.2210608,14.7701288,684.8,5.72,5.88
4045.4,47.2210374,14.7700723,684.8,5.79,6.01
4050.4,47.2210146,14.7700152,684.7,5.91,6.10
4055.4,47.2209924,14.7699576,684.7,6.04,6.19
4060.4,47.2209707,14.7698996,684.6,6.17,6.27
4065.4,47.2209495,14.7698412,684.6,6.24,6.42
4070.4,47.2209287,14.7697825,684.6,6.30,6.58
4075.4,47.2209082,14.7697236,684.6,6.37,6.74
4080.4,47.2208878,14.7696646,684.5,6.48,6.77
4085.4,47.2208675,14.7696055,684.5,6.68,6.62
4090.4,47.2208473,14.7695464,684.5,6.88,6.46
4095.4,47.2208277,14.7694868,684.5,6.97,6.51
4100.4,47.2208093,14.7694263,684.4,6.98,6.71
4105.4,47.2207928,14.7693647,684.4,6.62,6.89
4110.4,47.2207784,14.7693021,684.4,6.24,7.06
4115.4,47.2207653,14.7692387,684.3,6.18,6.93
4120.4,47.2207530,14.7691750,684.3,6.29,6.63
4125.4,47.2207410,14.7691112,684.2,6.42,6.32
4130.4,47.2207292,14.7690473,684.2,6.46,6.20
4135.4,47.2207175,14.7689834,684.1,6.45,6.20
4140.4,47.2207059,14.7689194,684.1,6.44,6.19
4145.4,47.2206944,14.7688554,684.0,6.44,6.18
4150.4,47.2206829,14.7687914,683.9,6.43,6.18
4155.4,47.2206714,14.7687274,683.8,6.42,6.17
4160.4,47.2206599,14.7686634,683.7,6.41,6.16
4165.4,47.2206483,14.7685994,683.7,6.40,6.16
4170.4,47.2206367,14.7685354,683.6,6.40,6.15
4175.4,47.2206250,14.7684715,683.5,6.39,6.15
4180.4,47.2206133,14.7684075,683.4,6.38,6.14
4185.4,47.2206016,14.7683436,683.3,6.37,6.13
4190.4,47.2205899,14.7682797,683.2,6.37,6.13
4195.4,47.2205781,14.7682158,683.1,6.36,6.12
4200.4,47.2205664,14.7681519,683.0,6.35,6.11
4205.4,47.2205546,14.7680880,682.9,6.34,6.11
4210.4,47.2205428,14.7680241,682.9,6.33,6.10
4215.4,47.2205310,14.7679602,682.8,6.33,6.10
4220.4,47.2205193,14.7678963,682.7,6.32,6.09
4225.4,47.2205075,14.7678324,682.6,6.31,6.08
4230.4,47.2204957,14.7677685,682.5,6.30,6.08
4235.4,47.2204840,14.7677045,682.4,6.29,6.07
4240.4,47.2204722,14.7676406,682.3,6.29,6.06
4245.4,47.2204604,14.7675767,682.2,6.28,6.06
4250.4,47.2204487,14.7675128,682.1,6.27,6.05
4255.4,47.2204369,14.7674489,682.1,6.26,6.05
4260.4,47.2204252,14.7673850,682.0,6.25,6.04
4265.4,47.2204134,14.7673211,681.9,6.25,6.03
4270.4,47.2204017,14.7672572,681.8,6.24,6.03
4275.4,47.2203900,14.7671932,681.8,6.23,6.02
4280.4,47.2203782,14.7671293,681.7,6.22,6.01
4285.4,47.2203665,14.7670654,681.6,6.21,6.01
4290.4,47.2203548,14.7670015,681.6,6.21,6.00
4295.4,47.2203430,14.7669376,681.5,6.20,6.00
4300.4,47.2203313,14.7668737,681.5,6.19,5.99
4305.4,47.2203196,14.7668097,681.4,6.18,5.98
4310.4,47.2203078,14.7667458,681.4,6.17,5.98
