# sepang: centreline in race direction, 5 m spacing. Source: TUMFTM racetrack-database (LGPL-3.0) geo-referenced onto OpenStreetMap (ODbL); elevation srtm30m via OpenTopoData
# widths are metres from the centreline to the track edge (TUMFTM only, blank for OSM)
s_m,lat,lon,elev_m,w_right_m,w_left_m
0.0,2.7607299,101.7383899,46.1,7.13,7.14
5.0,2.7607262,101.7383450,46.1,7.14,7.15
10.0,2.7607224,101.7383001,46.1,7.14,7.16
15.0,2.7607187,101.7382552,46.0,7.15,7.17
20.0,2.7607149,101.7382104,45.9,7.16,7.18
25.0,2.7607112,101.7381655,45.8,7.16,7.19
30.0,2.7607075,101.7381206,45.6,7.17,7.19
35.0,2.7607037,101.7380757,45.5,7.18,7.20
40.0,2.7607000,101.7380308,45.3,7.18,7.21
45.0,2.7606963,101.7379859,45.1,7.19,7.22
50.0,2.7606926,101.7379411,44.9,7.19,7.23
55.0,2.7606889,101.7378962,44.7,7.20,7.24
60.0,2.7606851,101.7378513,44.5,7.21,7.25
65.0,2.7606814,101.7378064,44.3,7.21,7.26
70.0,2.7606777,101.7377615,44.1,7.22,7.27
75.0,2.7606740,101.7377166,43.9,7.23,7.27
80.0,2.7606703,101.7376718,43.7,7.23,7.28
85.0,2.7606666,101.7376269,43.6,7.24,7.29
90.0,2.7606629,101.7375820,43.5,7.25,7.30
95.0,2.7606592,101.7375371,43.4,7.25,7.31
100.0,2.7606556,101.7374922,43.3,7.26,7.32
105.0,2.7606519,101.7374473,43.2,7.27,7.33
110.0,2.7606482,101.7374024,43.2,7.27,7.34
115.0,2.7606445,101.7373576,43.1,7.28,7.35
120.1,2.7606408,101.7373127,43.1,7.28,7.35
125.1,2.7606371,101.7372678,43.1,7.29,7.36
130.1,2.7606334,101.7372229,43.1,7.30,7.37
135.1,2.7606298,101.7371780,43.1,7.30,7.38
140.1,2.7606261,101.7371331,43.2,7.31,7.39
145.1,2.7606224,101.7370882,43.2,7.32,7.40
150.1,2.7606187,101.7370434,43.2,7.32,7.41
155.1,2.7606150,101.7369985,43.3,7.33,7.42
160.1,2.7606114,101.7369536,43.4,7.34,7.43
165.1,2.7606077,101.7369087,43.5,7.34,7.43
170.1,2.7606040,101.7368638,43.6,7.35,7.44
175.1,2.7606003,101.7368189,43.7,7.36,7.45
180.1,2.7605967,101.7367740,43.7,7.36,7.46
185.1,2.7605930,101.7367291,43.8,7.37,7.47
190.1,2.7605893,101.7366843,43.9,7.37,7.48
195.1,2.7605856,101.7366394,43.9,7.38,7.49
200.1,2.7605820,101.7365945,43.9,7.39,7.50
205.1,2.7605783,101.7365496,44.0,7.39,7.51
210.1,2.7605746,101.7365047,43.9,7.40,7.51
215.1,2.7605709,101.7364598,43.9,7.41,7.52
220.1,2.7605672,101.7364149,43.8,7.41,7.53
225.1,2.7605636,101.7363701,43.7,7.42,7.54
230.1,2.7605599,101.7363252,43.5,7.43,7.55
235.1,2.7605562,101.7362803,43.4,7.43,7.56
240.1,2.7605525,101.7362354,43.3,7.44,7.57
245.1,2.7605488,101.7361905,43.2,7.45,7.58
250.1,2.7605451,101.7361456,43.1,7.45,7.59
255.1,2.7605414,101.7361007,43.0,7.46,7.60
260.1,2.7605378,101.7360558,42.9,7.46,7.60
265.1,2.7605341,101.7360110,42.9,7.47,7.61
270.1,2.7605304,101.7359661,42.9,7.48,7.62
275.1,2.7605267,101.7359212,42.9,7.48,7.63
280.1,2.7605230,101.7358763,42.9,7.49,7.64
285.1,2.7605193,101.7358314,42.9,7.50,7.65
290.1,2.7605156,101.7357865,42.9,7.50,7.66
295.1,2.7605119,101.7357417,42.9,7.51,7.67
300.1,2.7605082,101.7356968,42.8,7.52,7.68
305.1,2.7605045,101.7356519,42.8,7.52,7.68
310.1,2.7605008,101.7356070,42.7,7.53,7.69
315.1,2.7604971,101.7355621,42.6,7.54,7.70
320.1,2.7604934,101.7355172,42.4,7.54,7.71
325.1,2.7604897,101.7354723,42.3,7.55,7.72
330.1,2.7604860,101.7354275,42.1,7.55,7.73
335.1,2.7604823,101.7353826,41.9,7.56,7.74
340.1,2.7604786,101.7353377,41.8,7.57,7.75
345.1,2.7604749,101.7352928,41.6,7.57,7.76
350.1,2.7604711,101.7352479,41.4,7.58,7.76
355.2,2.7604674,101.7352030,41.2,7.59,7.77
360.2,2.7604637,101.7351582,41.0,7.59,7.78
365.2,2.7604600,101.7351133,40.8,7.60,7.79
370.2,2.7604563,101.7350684,40.7,7.61,7.80
375.2,2.7604526,101.7350235,40.5,7.61,7.81
380.2,2.7604489,101.7349786,40.4,7.62,7.82
385.2,2.7604452,101.7349337,40.2,7.63,7.83
390.2,2.7604415,101.7348889,40.1,7.63,7.84
395.2,2.7604378,101.7348440,40.0,7.64,7.84
400.2,2.7604340,101.7347991,39.9,7.64,7.85
405.2,2.7604303,101.7347542,39.8,7.65,7.86
410.2,2.7604266,101.7347093,39.7,7.66,7.87
415.2,2.7604229,101.7346644,39.6,7.66,7.88
420.2,2.7604192,101.7346195,39.6,7.67,7.89
425.2,2.7604155,101.7345747,39.6,7.68,7.90
430.2,2.7604118,101.7345298,39.6,7.68,7.91
435.2,2.7604081,101.7344849,39.6,7.69,7.92
440.2,2.7604043,101.7344400,39.6,7.70,7.93
445.2,2.7604006,101.7343951,39.7,7.70,7.93
450.2,2.7603969,101.7343502,39.8,7.71,7.94
455.2,2.7603932,101.7343054,39.9,7.72,7.95
460.2,2.7603895,101.7342605,40.0,7.72,7.96
465.2,2.7603858,101.7342156,40.1,7.73,7.97
470.2,2.7603821,101.7341707,40.2,7.73,7.98
475.2,2.7603784,101.7341258,40.3,7.74,7.99
480.2,2.7603747,101.7340809,40.3,7.75,8.00
485.2,2.7603709,101.7340361,40.4,7.75,8.01
490.2,2.7603672,101.7339912,40.5,7.76,8.01
495.2,2.7603635,101.7339463,40.5,7.77,8.02
500.2,2.7603598,101.7339014,40.5,7.77,8.03
505.2,2.7603561,101.7338565,40.5,7.78,8.04
510.2,2.7603524,101.7338116,40.5,7.79,8.05
515.2,2.7603487,101.7337668,40.5,7.79,8.06
520.2,2.7603450,101.7337219,40.4,7.80,8.07
525.2,2.7603413,101.7336770,40.4,7.81,8.08
530.2,2.7603376,101.7336321,40.3,7.81,8.09
535.2,2.7603339,101.7335872,40.3,7.82,8.09
540.2,2.7603302,101.7335423,40.3,7.82,8.10
545.2,2.7603265,101.7334974,40.2,7.83,8.11
550.2,2.7603228,101.7334526,40.3,7.84,8.12
555.2,2.7603191,101.7334077,40.3,7.84,8.13
560.2,2.7603154,101.7333628,40.4,7.85,8.14
565.2,2.7603117,101.7333179,40.5,7.86,8.15
570.2,2.7603080,101.7332730,40.7,7.86,8.16
575.2,2.7603043,101.7332281,40.8,7.87,8.17
580.2,2.7603006,101.7331833,41.0,7.88,8.17
585.2,2.7602972,101.7331383,41.3,7.88,8.18
590.3,2.7602942,101.7330934,41.5,7.89,8.19
595.3,2.7602919,101.7330484,41.8,7.88,8.19
600.3,2.7602905,101.7330034,42.0,7.86,8.19
605.3,2.7602901,101.7329584,42.3,7.84,8.19
610.3,2.7602910,101.7329134,42.5,7.82,8.18
615.3,2.7602934,101.7328684,42.8,7.84,8.02
620.3,2.7602976,101.7328235,42.9,7.76,8.03
625.3,2.7603062,101.7327794,43.1,7.41,8.48
630.3,2.7603252,101.7327387,43.3,7.70,8.06
635.3,2.7603557,101.7327057,43.4,7.97,7.61
640.3,2.7603906,101.7326773,43.5,7.55,7.84
645.3,2.7604292,101.7326542,43.6,7.32,7.77
650.3,2.7604709,101.7326372,43.7,7.23,7.66
655.3,2.7605143,101.7326256,43.7,7.32,7.52
660.3,2.7605587,101.7326182,43.8,7.17,7.25
665.3,2.7606035,101.7326144,43.8,6.96,7.01
670.3,2.7606485,101.7326140,43.7,6.96,7.27
675.3,2.7606933,101.7326179,43.7,6.98,7.47
680.3,2.7607373,101.7326269,43.6,7.04,7.43
685.3,2.7607799,101.7326414,43.5,7.10,7.33
690.3,2.7608200,101.7326618,43.4,7.15,7.18
695.3,2.7608567,101.7326877,43.3,7.20,7.38
700.3,2.7608887,101.7327193,43.1,7.29,7.27
705.3,2.7609139,101.7327566,42.9,7.10,7.47
710.3,2.7609303,101.7327984,42.6,6.72,7.95
715.3,2.7609379,101.7328427,42.4,7.21,7.38
720.3,2.7609381,101.7328877,42.0,7.29,7.26
725.3,2.7609325,101.7329324,41.7,7.13,7.47
730.3,2.7609236,101.7329765,41.3,7.33,7.64
735.3,2.7609127,101.7330202,40.9,7.53,7.81
740.3,2.7609002,101.7330635,40.4,7.72,7.92
745.3,2.7608864,101.7331064,40.0,7.87,7.89
750.3,2.7608716,101.7331489,39.5,8.03,7.87
755.3,2.7608568,101.7331914,39.0,8.19,7.85
760.3,2.7608436,101.7332345,38.5,8.32,7.82
765.3,2.7608337,101.7332784,38.0,8.28,7.80
770.3,2.7608287,101.7333231,37.6,8.02,7.78
775.3,2.7608298,101.7333681,37.2,7.94,7.68
780.3,2.7608375,101.7334123,36.9,8.02,7.50
785.3,2.7608529,101.7334546,36.5,8.06,7.21
790.3,2.7608770,101.7334924,36.3,8.07,6.95
795.3,2.7609099,101.7335229,36.1,7.94,7.25
800.3,2.7609493,101.7335444,36.0,7.85,7.84
805.3,2.7609923,101.7335572,35.9,8.36,7.81
810.3,2.7610370,101.7335611,35.9,8.63,7.86
815.3,2.7610815,101.7335560,35.9,8.56,8.03
820.3,2.7611243,101.7335421,35.9,8.18,8.28
825.4,2.7611645,101.7335221,36.0,8.06,8.28
830.4,2.7612027,101.7334983,36.1,8.30,7.93
835.4,2.7612397,101.7334727,36.2,8.38,7.67
840.4,2.7612761,101.7334463,36.3,8.11,7.63
845.4,2.7613122,101.7334194,36.4,7.84,7.58
850.4,2.7613482,101.7333924,36.4,7.57,7.54
855.4,2.7613842,101.7333654,36.4,7.30,7.49
860.4,2.7614204,101.7333387,36.3,7.06,7.45
865.4,2.7614570,101.7333124,36.3,6.98,7.40
870.4,2.7614941,101.7332870,36.1,6.95,7.36
875.4,2.7615318,101.7332625,35.9,6.95,7.33
880.4,2.7615704,101.7332393,35.7,7.00,7.32
885.4,2.7616097,101.7332175,35.4,7.11,7.32
890.4,2.7616498,101.7331971,35.1,7.20,7.33
895.4,2.7616906,101.7331781,34.8,7.25,7.33
900.4,2.7617321,101.7331607,34.5,7.28,7.33
905.4,2.7617742,101.7331448,34.1,7.29,7.33
910.4,2.7618168,101.7331304,33.7,7.22,7.31
915.4,2.7618600,101.7331178,33.4,7.11,7.28
920.4,2.7619036,101.7331069,33.0,7.01,7.27
925.4,2.7619477,101.7330977,32.7,6.96,7.30
930.4,2.7619920,101.7330902,32.4,6.99,7.41
935.4,2.7620366,101.7330842,32.1,7.00,7.50
940.4,2.7620814,101.7330798,31.9,6.94,7.50
945.4,2.7621263,101.7330768,31.6,6.84,7.44
950.4,2.7621712,101.7330751,31.4,6.74,7.38
955.4,2.7622162,101.7330745,31.2,6.68,7.31
960.4,2.7622612,101.7330750,31.1,6.78,7.23
965.4,2.7623061,101.7330765,30.9,6.93,7.14
970.4,2.7623511,101.7330789,30.8,7.09,7.06
975.4,2.7623959,101.7330820,30.7,7.21,6.99
980.4,2.7624408,101.7330858,30.6,7.21,7.03
985.4,2.7624855,101.7330902,30.5,7.13,7.12
990.4,2.7625302,101.7330950,30.4,7.06,7.21
995.4,2.7625749,101.7331003,30.3,6.99,7.30
1000.4,2.7626196,101.7331058,30.1,6.91,7.39
1005.4,2.7626642,101.7331116,30.0,6.84,7.48
1010.4,2.7627088,101.7331175,29.8,6.80,7.54
1015.4,2.7627533,101.7331238,29.6,6.90,7.49
1020.4,2.7627977,101.7331311,29.4,7.01,7.44
1025.4,2.7628419,101.7331397,29.2,7.11,7.40
1030.4,2.7628856,101.7331502,29.0,7.17,7.36
1035.4,2.7629288,101.7331628,28.7,7.11,7.36
1040.4,2.7629714,101.7331773,28.4,7.06,7.36
1045.4,2.7630134,101.7331933,28.1,7.01,7.36
1050.4,2.7630550,101.7332105,27.8,6.98,7.38
1055.4,2.7630961,101.7332288,27.5,6.98,7.42
1060.5,2.7631368,101.7332480,27.2,6.98,7.45
1065.5,2.7631770,101.7332682,26.9,6.99,7.49
1070.5,2.7632167,101.7332893,26.6,7.01,7.49
1075.5,2.7632560,101.7333113,26.3,7.07,7.45
1080.5,2.7632947,101.7333342,26.0,7.13,7.40
1085.5,2.7633328,101.7333581,25.7,7.19,7.36
1090.5,2.7633702,101.7333831,25.5,7.21,7.34
1095.5,2.7634068,101.7334093,25.2,7.09,7.46
1100.5,2.7634425,101.7334368,25.0,6.96,7.59
1105.5,2.7634770,101.7334656,24.8,6.84,7.71
1110.5,2.7635102,101.7334960,24.7,6.81,7.75
1115.5,2.7635420,101.7335278,24.5,6.96,7.64
1120.5,2.7635722,101.7335612,24.4,7.12,7.53
1125.5,2.7636009,101.7335959,24.3,7.26,7.43
1130.5,2.7636283,101.7336316,24.2,7.28,7.38
1135.5,2.7636547,101.7336680,24.2,7.17,7.42
1140.5,2.7636802,101.7337052,24.1,7.06,7.46
1145.5,2.7637049,101.7337428,24.1,6.95,7.50
1150.5,2.7637287,101.7337810,24.1,6.86,7.52
1155.5,2.7637517,101.7338197,24.1,6.87,7.49
1160.5,2.7637738,101.7338589,24.1,6.96,7.41
1165.5,2.7637950,101.7338987,24.1,7.06,7.32
1170.5,2.7638152,101.7339389,24.1,7.11,7.26
1175.5,2.7638344,101.7339796,24.1,7.06,7.25
1180.5,2.7638526,101.7340208,24.1,6.97,7.27
1185.5,2.7638698,101.7340624,24.1,6.88,7.28
1190.5,2.7638860,101.7341044,24.2,6.81,7.29
1195.5,2.7639013,101.7341468,24.2,6.81,7.28
1200.5,2.7639160,101.7341893,24.3,6.85,7.26
1205.5,2.7639301,101.7342321,24.3,6.89,7.25
1210.5,2.7639438,101.7342750,24.4,6.93,7.23
1215.5,2.7639572,101.7343180,24.5,6.97,7.21
1220.5,2.7639703,101.7343611,24.6,7.01,7.20
1225.5,2.7639835,101.7344042,24.7,7.05,7.18
1230.5,2.7639967,101.7344472,24.8,7.09,7.16
1235.5,2.7640099,101.7344902,25.0,7.13,7.15
1240.5,2.7640233,101.7345332,25.1,7.17,7.13
1245.5,2.7640368,101.7345762,25.2,7.21,7.11
1250.5,2.7640504,101.7346192,25.4,7.25,7.10
1255.5,2.7640641,101.7346621,25.5,7.29,7.08
1260.5,2.7640779,101.7347049,25.7,7.33,7.06
1265.5,2.7640918,101.7347477,25.8,7.37,7.05
1270.5,2.7641059,101.7347905,26.0,7.41,7.03
1275.5,2.7641201,101.7348332,26.1,7.45,7.02
1280.5,2.7641345,101.7348759,26.3,7.48,7.00
1285.5,2.7641490,101.7349186,26.4,7.49,6.99
1290.5,2.7641636,101.7349611,26.6,7.49,6.99
1295.6,2.7641783,101.7350037,26.7,7.49,6.99
1300.6,2.7641932,101.7350462,26.9,7.48,6.99
1305.6,2.7642082,101.7350887,27.0,7.48,6.98
1310.6,2.7642233,101.7351311,27.1,7.47,6.98
1315.6,2.7642385,101.7351735,27.3,7.47,6.98
1320.6,2.7642538,101.7352158,27.4,7.46,6.98
1325.6,2.7642693,101.7352581,27.6,7.46,6.97
1330.6,2.7642848,101.7353004,27.7,7.46,6.97
1335.6,2.7643004,101.7353426,27.8,7.45,6.97
1340.6,2.7643162,101.7353848,28.0,7.45,6.97
1345.6,2.7643320,101.7354270,28.1,7.44,6.97
1350.6,2.7643479,101.7354691,28.2,7.44,6.96
1355.6,2.7643639,101.7355112,28.4,7.44,6.96
1360.6,2.7643800,101.7355532,28.5,7.43,6.96
1365.6,2.7643962,101.7355953,28.6,7.44,6.96
1370.6,2.7644124,101.7356373,28.7,7.44,6.97
1375.6,2.7644287,101.7356792,28.7,7.44,6.97
1380.6,2.7644451,101.7357212,28.8,7.45,6.97
1385.6,2.7644616,101.7357631,28.8,7.45,6.97
1390.6,2.7644781,101.7358050,28.9,7.45,6.98
1395.6,2.7644946,101.7358469,28.9,7.46,6.98
1400.6,2.7645112,101.7358887,29.0,7.46,6.98
1405.6,2.7645279,101.7359306,29.0,7.46,6.98
1410.6,2.7645446,101.7359724,29.0,7.46,6.98
1415.6,2.7645613,101.7360142,29.0,7.47,6.99
1420.6,2.7645780,101.7360560,29.1,7.47,6.99
1425.6,2.7645948,101.7360978,29.1,7.47,6.99
1430.6,2.7646116,101.7361396,29.2,7.48,6.99
1435.6,2.7646284,101.7361813,29.2,7.48,7.00
1440.6,2.7646453,101.7362231,29.3,7.48,7.00
1445.6,2.7646621,101.7362649,29.4,7.49,7.00
1450.6,2.7646790,101.7363066,29.5,7.49,7.00
1455.6,2.7646959,101.7363484,29.6,7.49,7.01
1460.6,2.7647128,101.7363901,29.8,7.50,7.01
1465.6,2.7647298,101.7364318,30.0,7.50,7.01
1470.6,2.7647468,101.7364735,30.2,7.50,7.01
1475.6,2.7647639,101.7365152,30.4,7.51,7.02
1480.6,2.7647810,101.7365568,30.7,7.51,7.02
1485.6,2.7647982,101.7365984,31.0,7.50,7.01
1490.6,2.7648155,101.7366400,31.3,7.48,6.99
1495.6,2.7648330,101.7366815,31.7,7.46,6.97
1500.6,2.7648505,101.7367230,32.1,7.44,6.96
1505.6,2.7648681,101.7367644,32.5,7.42,6.94
1510.6,2.7648858,101.7368058,33.0,7.40,6.92
1515.6,2.7649037,101.7368471,33.4,7.38,6.90
1520.6,2.7649217,101.7368884,34.0,7.36,6.88
1525.6,2.7649399,101.7369296,34.5,7.34,6.86
1530.7,2.7649582,101.7369707,35.0,7.31,6.84
1535.7,2.7649767,101.7370118,35.6,7.29,6.82
1540.7,2.7649953,101.7370528,36.2,7.27,6.80
1545.7,2.7650140,101.7370937,36.7,7.25,6.78
1550.7,2.7650329,101.7371347,37.3,7.23,6.76
1555.7,2.7650516,101.7371756,37.8,7.17,6.78
1560.7,2.7650699,101.7372167,38.3,7.00,6.93
1565.7,2.7650872,101.7372583,38.8,6.80,7.12
1570.7,2.7651031,101.7373004,39.2,6.60,7.28
1575.7,2.7651162,101.7373434,39.6,6.51,7.32
1580.7,2.7651225,101.7373878,39.9,6.77,6.99
1585.7,2.7651179,101.7374323,40.2,7.07,6.63
1590.7,2.7651045,101.7374752,40.5,6.72,6.92
1595.7,2.7650876,101.7375170,40.7,6.77,6.98
1600.7,2.7650682,101.7375575,40.8,7.09,6.72
1605.7,2.7650417,101.7375933,40.9,6.68,7.05
1610.7,2.7650043,101.7376173,40.9,6.52,7.33
1615.7,2.7649613,101.7376305,40.9,6.96,7.27
1620.7,2.7649174,101.7376400,40.9,7.51,7.35
1625.7,2.7648730,101.7376475,40.9,7.71,7.37
1630.7,2.7648285,101.7376538,40.8,7.68,7.33
1635.7,2.7647839,101.7376597,40.8,7.65,7.30
1640.7,2.7647393,101.7376658,40.7,7.63,7.27
1645.7,2.7646948,101.7376721,40.6,7.60,7.24
1650.7,2.7646503,101.7376788,40.5,7.57,7.20
1655.7,2.7646058,101.7376859,40.4,7.54,7.17
1660.7,2.7645615,101.7376932,40.3,7.51,7.14
1665.7,2.7645171,101.7377009,40.2,7.48,7.11
1670.7,2.7644728,101.7377088,40.1,7.46,7.08
1675.7,2.7644286,101.7377169,40.0,7.45,7.07
1680.7,2.7643844,101.7377253,39.8,7.45,7.08
1685.7,2.7643402,101.7377338,39.7,7.46,7.09
1690.7,2.7642961,101.7377424,39.6,7.46,7.10
1695.7,2.7642520,101.7377512,39.5,7.47,7.10
1700.7,2.7642078,101.7377600,39.4,7.47,7.11
1705.7,2.7641637,101.7377689,39.4,7.48,7.12
1710.7,2.7641196,101.7377777,39.3,7.48,7.13
1715.7,2.7640755,101.7377867,39.3,7.49,7.14
1720.7,2.7640314,101.7377956,39.3,7.49,7.15
1725.7,2.7639874,101.7378045,39.4,7.50,7.16
1730.7,2.7639433,101.7378135,39.4,7.50,7.17
1735.7,2.7638992,101.7378225,39.5,7.50,7.17
1740.7,2.7638551,101.7378315,39.6,7.51,7.18
1745.7,2.7638110,101.7378404,39.7,7.51,7.19
1750.7,2.7637669,101.7378494,39.9,7.52,7.20
1755.7,2.7637228,101.7378584,40.0,7.52,7.21
1760.7,2.7636788,101.7378673,40.1,7.53,7.22
1765.8,2.7636347,101.7378762,40.2,7.53,7.23
1770.8,2.7635906,101.7378851,40.2,7.54,7.23
1775.8,2.7635465,101.7378940,40.3,7.54,7.24
1780.8,2.7635024,101.7379029,40.3,7.55,7.25
1785.8,2.7634582,101.7379117,40.3,7.55,7.26
1790.8,2.7634141,101.7379205,40.3,7.55,7.27
1795.8,2.7633700,101.7379292,40.3,7.56,7.28
1800.8,2.7633259,101.7379380,40.2,7.56,7.29
1805.8,2.7632818,101.7379469,40.1,7.57,7.30
1810.8,2.7632377,101.7379558,40.0,7.57,7.30
1815.8,2.7631936,101.7379649,39.8,7.58,7.31
1820.8,2.7631496,101.7379742,39.7,7.58,7.32
1825.8,2.7631056,101.7379836,39.6,7.59,7.33
1830.8,2.7630617,101.7379934,39.4,7.61,7.35
1835.8,2.7630179,101.7380035,39.2,7.64,7.37
1840.8,2.7629742,101.7380144,39.1,7.68,7.40
1845.8,2.7629309,101.7380265,38.9,7.72,7.42
1850.8,2.7628881,101.7380404,38.8,7.76,7.43
1855.8,2.7628461,101.7380564,38.7,7.79,7.43
1860.8,2.7628049,101.7380745,38.6,7.81,7.45
1865.8,2.7627647,101.7380948,38.5,7.78,7.53
1870.8,2.7627256,101.7381169,38.4,7.72,7.64
1875.8,2.7626875,101.7381409,38.4,7.74,7.68
1880.8,2.7626505,101.7381665,38.3,7.89,7.58
1885.8,2.7626146,101.7381935,38.3,8.03,7.49
1890.8,2.7625794,101.7382217,38.3,8.05,7.50
1895.8,2.7625451,101.7382507,38.4,7.90,7.65
1900.8,2.7625115,101.7382807,38.4,7.74,7.79
1905.8,2.7624790,101.7383118,38.5,7.69,7.78
1910.8,2.7624479,101.7383444,38.6,7.81,7.51
1915.8,2.7624188,101.7383787,38.7,7.92,7.25
1920.8,2.7623920,101.7384148,38.8,7.97,7.14
1925.8,2.7623675,101.7384525,38.9,7.92,7.27
1930.8,2.7623450,101.7384915,39.1,7.88,7.40
1935.8,2.7623242,101.7385315,39.2,7.85,7.49
1940.8,2.7623047,101.7385721,39.4,7.87,7.47
1945.8,2.7622866,101.7386133,39.6,7.92,7.38
1950.8,2.7622701,101.7386552,39.7,7.97,7.28
1955.8,2.7622555,101.7386978,39.9,8.01,7.21
1960.8,2.7622431,101.7387410,40.0,8.01,7.20
1965.8,2.7622330,101.7387849,40.2,7.98,7.24
1970.8,2.7622249,101.7388292,40.3,7.95,7.29
1975.8,2.7622184,101.7388738,40.4,7.92,7.33
1980.8,2.7622132,101.7389185,40.6,7.89,7.35
1985.8,2.7622093,101.7389634,40.7,7.90,7.30
1990.8,2.7622068,101.7390083,40.8,7.91,7.23
1995.8,2.7622061,101.7390533,40.9,7.93,7.16
2000.9,2.7622075,101.7390983,41.0,7.92,7.12
2005.9,2.7622113,101.7391432,41.1,7.82,7.17
2010.9,2.7622173,101.7391878,41.2,7.67,7.28
2015.9,2.7622253,101.7392321,41.3,7.51,7.39
2020.9,2.7622348,101.7392762,41.4,7.43,7.43
2025.9,2.7622456,101.7393199,41.5,7.53,7.32
2030.9,2.7622575,101.7393633,41.6,7.73,7.12
2035.9,2.7622709,101.7394063,41.7,7.83,7.02
2040.9,2.7622862,101.7394486,41.8,7.74,7.11
2045.9,2.7623036,101.7394901,41.9,7.59,7.27
2050.9,2.7623234,101.7395306,42.0,7.48,7.37
2055.9,2.7623454,101.7395698,42.1,7.50,7.30
2060.9,2.7623695,101.7396079,42.1,7.60,7.15
2065.9,2.7623952,101.7396448,42.2,7.69,6.99
2070.9,2.7624223,101.7396807,42.2,7.68,6.95
2075.9,2.7624506,101.7397157,42.2,7.50,7.10
2080.9,2.7624799,101.7397499,42.1,7.32,7.25
2085.9,2.7625099,101.7397834,42.1,7.21,7.33
2090.9,2.7625406,101.7398164,42.0,7.23,7.24
2095.9,2.7625718,101.7398488,41.9,7.30,7.09
2100.9,2.7626036,101.7398806,41.8,7.33,7.04
2105.9,2.7626363,101.7399115,41.6,7.26,7.15
2110.9,2.7626700,101.7399413,41.5,7.18,7.27
2115.9,2.7627045,101.7399703,41.3,7.10,7.39
2120.9,2.7627383,101.7400000,41.1,7.03,7.52
2125.9,2.7627695,101.7400324,41.0,6.98,7.59
2130.9,2.7627978,101.7400673,40.8,7.02,7.55
2135.9,2.7628244,101.7401037,40.6,7.12,7.42
2140.9,2.7628495,101.7401410,40.4,7.20,7.33
2145.9,2.7628733,101.7401792,40.2,7.19,7.38
2150.9,2.7628953,101.7402185,40.0,7.12,7.51
2155.9,2.7629156,101.7402587,39.8,7.06,7.63
2160.9,2.7629337,101.7402999,39.7,7.03,7.67
2165.9,2.7629496,101.7403420,39.5,7.04,7.63
2170.9,2.7629629,101.7403850,39.4,7.04,7.59
2175.9,2.7629735,101.7404287,39.3,7.01,7.60
2180.9,2.7629811,101.7404731,39.2,6.94,7.70
2185.9,2.7629855,101.7405179,39.2,6.87,7.80
2190.9,2.7629862,101.7405629,39.2,6.82,7.87
2195.9,2.7629836,101.7406078,39.2,6.89,7.84
2200.9,2.7629786,101.7406526,39.2,7.09,7.68
2205.9,2.7629719,101.7406971,39.3,7.28,7.52
2210.9,2.7629633,101.7407413,39.4,7.40,7.44
2215.9,2.7629527,101.7407851,39.5,7.35,7.54
2220.9,2.7629401,101.7408283,39.7,7.21,7.73
2225.9,2.7629254,101.7408708,39.8,7.06,7.92
2230.9,2.7629089,101.7409127,40.0,7.03,7.96
2236.0,2.7628908,101.7409539,40.2,7.14,7.79
2241.0,2.7628713,101.7409945,40.3,7.26,7.61
2246.0,2.7628506,101.7410345,40.5,7.36,7.47
2251.0,2.7628285,101.7410737,40.6,7.34,7.47
2256.0,2.7628047,101.7411120,40.7,7.22,7.62
2261.0,2.7627790,101.7411489,40.8,7.09,7.77
2266.0,2.7627513,101.7411844,40.9,6.98,7.89
2271.0,2.7627218,101.7412183,40.9,7.00,7.90
2276.0,2.7626909,101.7412510,40.9,7.14,7.78
2281.0,2.7626588,101.7412826,40.9,7.27,7.66
2286.0,2.7626261,101.7413135,40.9,7.40,7.57
2291.0,2.7625929,101.7413439,40.8,7.50,7.54
2296.0,2.7625594,101.7413739,40.8,7.58,7.56
2301.0,2.7625257,101.7414037,40.7,7.66,7.58
2306.0,2.7624919,101.7414335,40.7,7.69,7.59
2311.0,2.7624581,101.7414632,40.6,7.66,7.57
2316.0,2.7624243,101.7414930,40.6,7.64,7.56
2321.0,2.7623906,101.7415228,40.6,7.61,7.54
2326.0,2.7623568,101.7415525,40.6,7.58,7.52
2331.0,2.7623231,101.7415823,40.6,7.56,7.51
2336.0,2.7622894,101.7416121,40.7,7.53,7.49
2341.0,2.7622556,101.7416419,40.7,7.50,7.47
2346.0,2.7622219,101.7416718,40.8,7.47,7.46
2351.0,2.7621882,101.7417016,40.9,7.45,7.44
2356.0,2.7621545,101.7417314,41.0,7.42,7.42
2361.0,2.7621208,101.7417612,41.1,7.39,7.41
2366.0,2.7620871,101.7417911,41.2,7.37,7.39
2371.0,2.7620534,101.7418209,41.2,7.34,7.37
2376.0,2.7620197,101.7418507,41.3,7.31,7.36
2381.0,2.7619860,101.7418805,41.3,7.29,7.34
2386.0,2.7619523,101.7419103,41.3,7.26,7.32
2391.0,2.7619185,101.7419402,41.2,7.23,7.31
2396.0,2.7618848,101.7419700,41.1,7.20,7.29
2401.0,2.7618511,101.7419997,41.0,7.18,7.27
2406.0,2.7618173,101.7420295,40.9,7.15,7.26
2411.0,2.7617836,101.7420593,40.7,7.12,7.24
2416.0,2.7617498,101.7420890,40.6,7.10,7.22
2421.0,2.7617160,101.7421188,40.4,7.07,7.21
2426.0,2.7616822,101.7421485,40.2,7.04,7.19
2431.0,2.7616484,101.7421782,40.1,7.03,7.18
2436.0,2.7616146,101.7422079,39.9,7.02,7.18
2441.0,2.7615807,101.7422375,39.8,7.02,7.18
2446.0,2.7615468,101.7422672,39.6,7.02,7.18
2451.0,2.7615129,101.7422968,39.5,7.01,7.18
2456.0,2.7614790,101.7423264,39.4,7.01,7.17
2461.0,2.7614451,101.7423560,39.4,7.00,7.17
2466.0,2.7614111,101.7423855,39.3,7.00,7.17
2471.1,2.7613771,101.7424150,39.3,7.00,7.17
2476.1,2.7613431,101.7424445,39.3,6.99,7.17
2481.1,2.7613091,101.7424739,39.3,6.99,7.17
2486.1,2.7612750,101.7425033,39.3,6.99,7.17
2491.1,2.7612409,101.7425327,39.3,6.98,7.17
2496.1,2.7612068,101.7425621,39.3,6.98,7.16
2501.1,2.7611728,101.7425915,39.4,6.98,7.16
2506.1,2.7611387,101.7426209,39.5,6.97,7.16
2511.1,2.7611046,101.7426503,39.5,6.97,7.16
2516.1,2.7610705,101.7426797,39.6,6.97,7.16
2521.1,2.7610365,101.7427092,39.7,6.96,7.16
2526.1,2.7610025,101.7427387,39.7,6.96,7.16
2531.1,2.7609686,101.7427683,39.8,6.96,7.16
2536.1,2.7609347,101.7427979,39.9,6.95,7.16
2541.1,2.7609009,101.7428276,39.9,6.95,7.15
2546.1,2.7608671,101.7428573,40.0,6.95,7.15
2551.1,2.7608332,101.7428869,40.0,6.94,7.15
2556.1,2.7607987,101.7429158,40.1,6.94,7.15
2561.1,2.7607633,101.7429435,40.2,6.93,7.10
2566.1,2.7607265,101.7429695,40.2,6.93,7.03
2571.1,2.7606881,101.7429929,40.3,7.02,7.12
2576.1,2.7606475,101.7430120,40.3,7.07,7.34
2581.1,2.7606044,101.7430238,40.3,6.92,7.52
2586.1,2.7605598,101.7430244,40.4,6.84,7.59
2591.1,2.7605168,101.7430125,40.4,6.85,7.57
2596.1,2.7604762,101.7429932,40.4,6.88,7.54
2601.1,2.7604362,101.7429727,40.4,6.91,7.50
2606.1,2.7603955,101.7429535,40.4,6.94,7.46
2611.1,2.7603545,101.7429350,40.4,6.97,7.42
2616.1,2.7603136,101.7429162,40.4,7.00,7.38
2621.1,2.7602730,101.7428969,40.4,7.03,7.35
2626.1,2.7602324,101.7428775,40.4,7.06,7.31
2631.1,2.7601917,101.7428582,40.4,7.09,7.27
2636.1,2.7601509,101.7428392,40.4,7.12,7.23
2641.1,2.7601101,101.7428203,40.4,7.15,7.20
2646.1,2.7600693,101.7428014,40.4,7.18,7.16
2651.1,2.7600287,101.7427820,40.4,7.21,7.12
2656.1,2.7599882,101.7427624,40.4,7.24,7.08
2661.1,2.7599474,101.7427434,40.5,7.27,7.04
2666.1,2.7599060,101.7427258,40.5,7.18,7.10
2671.1,2.7598653,101.7427068,40.5,6.88,7.33
2676.1,2.7598290,101.7426808,40.5,6.80,7.47
2681.1,2.7598007,101.7426462,40.5,7.06,7.36
2686.1,2.7597782,101.7426073,40.5,7.26,7.15
2691.1,2.7597580,101.7425670,40.5,7.14,7.18
2696.1,2.7597415,101.7425253,40.4,6.76,7.51
2701.1,2.7597307,101.7424816,40.4,6.55,7.69
2706.2,2.7597250,101.7424370,40.3,6.58,7.67
2711.2,2.7597227,101.7423921,40.2,6.62,7.64
2716.2,2.7597219,101.7423470,40.2,6.67,7.60
2721.2,2.7597212,101.7423020,40.1,6.71,7.57
2726.2,2.7597200,101.7422570,40.0,6.75,7.54
2731.2,2.7597184,101.7422120,40.0,6.80,7.50
2736.2,2.7597166,101.7421670,39.9,6.84,7.47
2741.2,2.7597146,101.7421220,39.9,6.89,7.44
2746.2,2.7597126,101.7420770,39.8,6.93,7.40
2751.2,2.7597106,101.7420320,39.8,6.98,7.37
2756.2,2.7597087,101.7419870,39.8,7.02,7.33
2761.2,2.7597068,101.7419420,39.7,7.07,7.30
2766.2,2.7597050,101.7418970,39.7,7.11,7.27
2771.2,2.7597034,101.7418520,39.6,7.16,7.23
2776.2,2.7597019,101.7418070,39.5,7.20,7.20
2781.2,2.7597005,101.7417620,39.4,7.25,7.17
2786.2,2.7596994,101.7417169,39.3,7.29,7.13
2791.2,2.7596983,101.7416719,39.1,7.34,7.10
2796.2,2.7596971,101.7416269,38.9,7.38,7.06
2801.2,2.7596955,101.7415819,38.6,7.43,7.03
2806.2,2.7596934,101.7415369,38.4,7.47,7.00
2811.2,2.7596906,101.7414919,38.1,7.52,6.96
2816.2,2.7596872,101.7414470,37.8,7.56,6.93
2821.2,2.7596835,101.7414021,37.4,7.58,6.91
2826.2,2.7596795,101.7413573,37.1,7.57,6.92
2831.2,2.7596753,101.7413125,36.8,7.55,6.93
2836.2,2.7596710,101.7412676,36.4,7.53,6.94
2841.2,2.7596665,101.7412228,36.1,7.51,6.95
2846.2,2.7596620,101.7411780,35.8,7.49,6.96
2851.2,2.7596573,101.7411332,35.5,7.47,6.97
2856.2,2.7596525,101.7410884,35.3,7.45,6.98
2861.2,2.7596477,101.7410436,35.1,7.43,6.99
2866.2,2.7596427,101.7409989,34.9,7.41,7.00
2871.2,2.7596377,101.7409541,34.8,7.39,7.02
2876.2,2.7596325,101.7409094,34.8,7.37,7.03
2881.2,2.7596273,101.7408646,34.8,7.35,7.04
2886.2,2.7596221,101.7408199,34.9,7.33,7.05
2891.2,2.7596168,101.7407752,35.0,7.31,7.06
2896.2,2.7596114,101.7407305,35.1,7.29,7.07
2901.2,2.7596060,101.7406858,35.4,7.27,7.08
2906.2,2.7596005,101.7406411,35.6,7.26,7.07
2911.2,2.7595950,101.7405964,35.9,7.25,7.07
2916.2,2.7595895,101.7405517,36.2,7.25,7.06
2921.2,2.7595840,101.7405070,36.5,7.24,7.05
2926.2,2.7595784,101.7404623,36.8,7.23,7.05
2931.2,2.7595728,101.7404176,37.2,7.22,7.04
2936.2,2.7595672,101.7403729,37.5,7.21,7.03
2941.3,2.7595616,101.7403282,37.8,7.21,7.03
2946.3,2.7595560,101.7402835,38.2,7.20,7.02
2951.3,2.7595503,101.7402389,38.5,7.19,7.02
2956.3,2.7595447,101.7401942,38.8,7.18,7.01
2961.3,2.7595390,101.7401495,39.1,7.17,7.00
2966.3,2.7595334,101.7401048,39.4,7.16,7.00
2971.3,2.7595277,101.7400601,39.6,7.16,6.99
2976.3,2.7595220,101.7400155,39.8,7.15,6.98
2981.3,2.7595164,101.7399708,40.0,7.14,6.98
2986.3,2.7595107,101.7399261,40.1,7.13,6.97
2991.3,2.7595050,101.7398814,40.2,7.12,6.97
2996.3,2.7594994,101.7398367,40.3,7.12,6.96
3001.3,2.7594937,101.7397921,40.3,7.11,6.95
3006.3,2.7594881,101.7397474,40.4,7.10,6.95
3011.3,2.7594825,101.7397027,40.3,7.09,6.94
3016.3,2.7594768,101.7396580,40.2,7.08,6.93
3021.3,2.7594712,101.7396133,40.1,7.08,6.93
3026.3,2.7594656,101.7395686,40.0,7.07,6.92
3031.3,2.7594600,101.7395240,39.8,7.06,6.92
3036.3,2.7594543,101.7394793,39.6,7.05,6.91
3041.3,2.7594487,101.7394346,39.5,7.04,6.90
3046.3,2.7594431,101.7393899,39.3,7.03,6.90
3051.3,2.7594374,101.7393452,39.1,7.03,6.89
3056.3,2.7594318,101.7393006,39.0,7.02,6.89
3061.3,2.7594261,101.7392559,38.9,7.01,6.88
3066.3,2.7594204,101.7392112,38.8,7.00,6.87
3071.3,2.7594147,101.7391665,38.7,6.99,6.87
3076.3,2.7594090,101.7391218,38.7,6.99,6.86
3081.3,2.7594033,101.7390772,38.7,6.98,6.85
3086.3,2.7593976,101.7390325,38.7,6.97,6.85
3091.3,2.7593918,101.7389878,38.7,6.96,6.84
3096.3,2.7593861,101.7389432,38.8,6.95,6.84
3101.3,2.7593804,101.7388985,38.8,6.95,6.83
3106.3,2.7593747,101.7388538,38.9,6.94,6.82
3111.3,2.7593691,101.7388091,39.0,6.93,6.82
3116.3,2.7593635,101.7387644,39.0,6.92,6.81
3121.3,2.7593581,101.7387197,39.1,6.91,6.80
3126.3,2.7593528,101.7386750,39.2,6.90,6.80
3131.3,2.7593476,101.7386303,39.2,6.90,6.79
3136.3,2.7593423,101.7385855,39.2,6.89,6.79
3141.3,2.7593366,101.7385409,39.3,6.88,6.78
3146.3,2.7593299,101.7384963,39.3,6.90,6.76
3151.3,2.7593218,101.7384521,39.3,7.22,6.60
3156.3,2.7593073,101.7384098,39.3,7.34,6.53
3161.3,2.7592791,101.7383759,39.3,6.93,6.75
3166.3,2.7592403,101.7383542,39.3,6.87,6.86
3171.3,2.7591973,101.7383414,39.4,7.15,6.94
3176.3,2.7591528,101.7383358,39.4,7.23,7.08
3181.4,2.7591086,101.7383407,39.5,7.16,7.06
3186.4,2.7590693,101.7383609,39.7,7.47,6.80
3191.4,2.7590374,101.7383922,39.9,7.60,6.68
3196.4,2.7590098,101.7384278,40.1,7.52,6.69
3201.4,2.7589846,101.7384650,40.3,7.46,6.71
3206.4,2.7589609,101.7385033,40.6,7.40,6.72
3211.4,2.7589380,101.7385421,41.0,7.34,6.74
3216.4,2.7589152,101.7385809,41.3,7.28,6.75
3221.4,2.7588922,101.7386196,41.7,7.22,6.76
3226.4,2.7588688,101.7386581,42.1,7.16,6.78
3231.4,2.7588452,101.7386964,42.6,7.10,6.79
3236.4,2.7588214,101.7387347,43.0,7.04,6.81
3241.4,2.7587976,101.7387728,43.5,6.98,6.82
3246.4,2.7587737,101.7388110,43.9,6.92,6.84
3251.4,2.7587498,101.7388492,44.4,6.86,6.85
3256.4,2.7587261,101.7388874,44.8,6.80,6.86
3261.4,2.7587023,101.7389257,45.2,6.73,6.91
3266.4,2.7586779,101.7389635,45.6,6.64,7.01
3271.4,2.7586520,101.7390003,46.0,6.54,7.12
3276.4,2.7586239,101.7390354,46.4,6.64,7.20
3281.4,2.7585930,101.7390681,46.7,6.92,7.25
3286.4,2.7585595,101.7390981,47.0,7.13,7.30
3291.4,2.7585240,101.7391258,47.2,7.13,7.38
3296.4,2.7584871,101.7391515,47.5,7.03,7.48
3301.4,2.7584492,101.7391757,47.7,6.94,7.57
3306.4,2.7584104,101.7391985,47.9,6.88,7.62
3311.4,2.7583705,101.7392193,48.0,6.88,7.57
3316.4,2.7583294,101.7392375,48.2,6.91,7.49
3321.4,2.7582869,101.7392521,48.3,6.94,7.40
3326.4,2.7582432,101.7392626,48.4,6.96,7.29
3331.4,2.7581987,101.7392694,48.5,6.98,7.20
3336.4,2.7581539,101.7392735,48.5,7.01,7.18
3341.4,2.7581090,101.7392759,48.6,7.05,7.19
3346.4,2.7580641,101.7392774,48.6,7.09,7.20
3351.4,2.7580191,101.7392782,48.7,7.09,7.21
3356.4,2.7579741,101.7392782,48.7,7.06,7.22
3361.4,2.7579291,101.7392775,48.8,7.03,7.23
3366.4,2.7578842,101.7392759,48.8,6.99,7.24
3371.4,2.7578393,101.7392733,48.9,6.93,7.25
3376.4,2.7577944,101.7392698,49.0,6.87,7.27
3381.4,2.7577497,101.7392651,49.1,6.83,7.27
3386.4,2.7577051,101.7392594,49.1,6.90,7.23
3391.4,2.7576606,101.7392525,49.3,7.01,7.18
3396.4,2.7576164,101.7392444,49.4,7.12,7.13
3401.4,2.7575723,101.7392351,49.5,7.19,7.08
3406.4,2.7575286,101.7392248,49.7,7.24,7.04
3411.4,2.7574851,101.7392133,49.9,7.17,7.06
3416.5,2.7574419,101.7392007,50.1,7.00,7.14
3421.5,2.7573990,101.7391870,50.3,6.81,7.23
3426.5,2.7573566,101.7391722,50.5,6.71,7.30
3431.5,2.7573145,101.7391563,50.7,6.83,7.32
3436.5,2.7572728,101.7391394,51.0,7.04,7.32
3441.5,2.7572315,101.7391215,51.2,7.19,7.33
3446.5,2.7571906,101.7391028,51.5,7.17,7.33
3451.5,2.7571499,101.7390835,51.7,7.07,7.35
3456.5,2.7571096,101.7390635,52.0,6.98,7.36
3461.5,2.7570696,101.7390430,52.2,6.88,7.37
3466.5,2.7570300,101.7390216,52.4,6.79,7.38
3471.5,2.7569909,101.7389993,52.5,6.76,7.39
3476.5,2.7569524,101.7389760,52.7,6.76,7.41
3481.5,2.7569146,101.7389516,52.7,6.77,7.42
3486.5,2.7568773,101.7389264,52.8,6.77,7.43
3491.5,2.7568404,101.7389007,52.8,6.78,7.44
3496.5,2.7568038,101.7388745,52.8,6.79,7.45
3501.5,2.7567676,101.7388478,52.7,6.79,7.52
3506.5,2.7567325,101.7388196,52.6,6.79,7.64
3511.5,2.7566996,101.7387890,52.4,6.78,7.79
3516.5,2.7566702,101.7387550,52.2,6.78,7.94
3521.5,2.7566468,101.7387167,52.0,6.81,7.84
3526.5,2.7566322,101.7386743,51.7,6.86,7.62
3531.5,2.7566263,101.7386298,51.4,6.97,7.49
3536.5,2.7566265,101.7385849,51.1,7.15,7.46
3541.5,2.7566299,101.7385400,50.7,7.15,7.36
3546.5,2.7566378,101.7384957,50.4,6.98,7.17
3551.5,2.7566535,101.7384537,50.0,6.76,7.10
3556.5,2.7566773,101.7384157,49.6,6.59,7.09
3561.5,2.7567046,101.7383799,49.2,6.56,7.08
3566.5,2.7567327,101.7383447,48.8,6.56,7.09
3571.5,2.7567610,101.7383097,48.4,6.57,7.09
3576.5,2.7567894,101.7382748,48.0,6.58,7.09
3581.5,2.7568179,101.7382400,47.6,6.59,7.09
3586.5,2.7568466,101.7382053,47.2,6.60,7.09
3591.5,2.7568753,101.7381706,46.9,6.60,7.09
3596.5,2.7569040,101.7381359,46.5,6.61,7.09
3601.5,2.7569327,101.7381012,46.2,6.62,7.09
3606.5,2.7569614,101.7380666,45.8,6.63,7.09
3611.5,2.7569901,101.7380319,45.5,6.63,7.09
3616.5,2.7570188,101.7379972,45.2,6.64,7.09
3621.5,2.7570475,101.7379625,45.0,6.65,7.09
3626.5,2.7570761,101.7379277,44.7,6.66,7.09
3631.5,2.7571047,101.7378930,44.5,6.67,7.10
3636.5,2.7571333,101.7378583,44.3,6.67,7.10
3641.5,2.7571620,101.7378235,44.1,6.68,7.10
3646.5,2.7571906,101.7377887,43.9,6.69,7.10
3651.6,2.7572192,101.7377540,43.7,6.70,7.10
3656.6,2.7572477,101.7377192,43.6,6.70,7.10
3661.6,2.7572763,101.7376844,43.4,6.71,7.10
3666.6,2.7573049,101.7376497,43.3,6.72,7.10
3671.6,2.7573335,101.7376149,43.2,6.73,7.10
3676.6,2.7573621,101.7375801,43.0,6.74,7.10
3681.6,2.7573907,101.7375454,42.9,6.74,7.10
3686.6,2.7574193,101.7375106,42.9,6.75,7.10
3691.6,2.7574480,101.7374759,42.8,6.76,7.10
3696.6,2.7574766,101.7374412,42.7,6.77,7.11
3701.6,2.7575053,101.7374064,42.7,6.77,7.11
3706.6,2.7575339,101.7373717,42.7,6.78,7.11
3711.6,2.7575626,101.7373370,42.7,6.79,7.11
3716.6,2.7575912,101.7373023,42.7,6.80,7.11
3721.6,2.7576199,101.7372676,42.7,6.81,7.11
3726.6,2.7576486,101.7372329,42.7,6.81,7.11
3731.6,2.7576772,101.7371982,42.7,6.82,7.11
3736.6,2.7577059,101.7371634,42.7,6.83,7.11
3741.6,2.7577345,101.7371287,42.7,6.84,7.11
3746.6,2.7577632,101.7370940,42.7,6.84,7.11
3751.6,2.7577918,101.7370592,42.6,6.85,7.11
3756.6,2.7578204,101.7370245,42.6,6.86,7.11
3761.6,2.7578490,101.7369897,42.5,6.87,7.12
3766.6,2.7578776,101.7369550,42.3,6.88,7.12
3771.6,2.7579062,101.7369202,42.2,6.88,7.12
3776.6,2.7579348,101.7368854,42.0,6.89,7.12
3781.6,2.7579633,101.7368506,41.8,6.90,7.12
3786.6,2.7579918,101.7368157,41.6,6.91,7.12
3791.6,2.7580204,101.7367809,41.3,6.91,7.12
3796.6,2.7580489,101.7367462,41.0,6.92,7.12
3801.6,2.7580776,101.7367114,40.7,6.93,7.12
3806.6,2.7581063,101.7366767,40.4,6.94,7.12
3811.6,2.7581350,101.7366421,40.0,6.95,7.12
3816.6,2.7581639,101.7366075,39.7,6.95,7.12
3821.6,2.7581928,101.7365731,39.3,6.96,7.12
3826.6,2.7582215,101.7365384,38.9,7.01,7.10
3831.6,2.7582493,101.7365030,38.5,7.20,6.98
3836.6,2.7582753,101.7364662,38.2,7.45,6.83
3841.6,2.7582984,101.7364276,37.8,7.69,6.68
3846.6,2.7583179,101.7363870,37.5,7.78,6.69
3851.6,2.7583336,101.7363449,37.2,7.79,6.77
3856.6,2.7583459,101.7363016,36.8,7.79,6.86
3861.6,2.7583552,101.7362575,36.6,7.76,7.00
3866.6,2.7583617,101.7362130,36.3,7.64,7.26
3871.6,2.7583653,101.7361681,36.1,7.50,7.54
3876.6,2.7583656,101.7361231,35.9,7.51,7.47
3881.6,2.7583621,101.7360782,35.7,7.61,7.17
3886.7,2.7583542,101.7360339,35.6,7.73,6.83
3891.7,2.7583423,101.7359905,35.4,7.80,6.82
3896.7,2.7583270,101.7359482,35.3,7.86,7.03
3901.7,2.7583091,101.7359069,35.3,7.90,7.26
3906.7,2.7582894,101.7358665,35.2,7.85,7.33
3911.7,2.7582683,101.7358267,35.2,7.77,7.36
3916.7,2.7582462,101.7357874,35.2,7.69,7.40
3921.7,2.7582234,101.7357486,35.2,7.61,7.43
3926.7,2.7582002,101.7357100,35.2,7.53,7.47
3931.7,2.7581767,101.7356716,35.2,7.46,7.50
3936.7,2.7581534,101.7356331,35.2,7.38,7.53
3941.7,2.7581303,101.7355945,35.3,7.30,7.57
3946.7,2.7581078,101.7355555,35.3,7.22,7.60
3951.7,2.7580861,101.7355160,35.4,7.14,7.63
3956.7,2.7580653,101.7354761,35.4,7.06,7.67
3961.7,2.7580452,101.7354358,35.5,7.05,7.66
3966.7,2.7580256,101.7353953,35.5,7.11,7.62
3971.7,2.7580063,101.7353546,35.6,7.19,7.56
3976.7,2.7579873,101.7353138,35.6,7.26,7.51
3981.7,2.7579686,101.7352728,35.7,7.34,7.45
3986.7,2.7579503,101.7352317,35.7,7.41,7.40
3991.7,2.7579327,101.7351902,35.7,7.44,7.38
3996.7,2.7579159,101.7351484,35.7,7.25,7.53
4001.7,2.7579003,101.7351062,35.7,7.01,7.72
4006.7,2.7578865,101.7350633,35.6,6.87,7.82
4011.7,2.7578750,101.7350198,35.6,6.98,7.75
4016.7,2.7578666,101.7349756,35.6,7.15,7.64
4021.7,2.7578613,101.7349309,35.6,7.31,7.52
4026.7,2.7578584,101.7348859,35.5,7.33,7.47
4031.7,2.7578571,101.7348409,35.5,7.29,7.43
4036.7,2.7578565,101.7347959,35.5,7.25,7.40
4041.7,2.7578563,101.7347509,35.5,7.21,7.36
4046.7,2.7578564,101.7347058,35.6,7.11,7.36
4051.7,2.7578571,101.7346608,35.6,6.99,7.35
4056.7,2.7578587,101.7346158,35.7,6.87,7.35
4061.7,2.7578613,101.7345708,35.8,6.79,7.38
4066.7,2.7578653,101.7345260,35.9,6.77,7.45
4071.7,2.7578708,101.7344813,36.0,6.76,7.54
4076.7,2.7578781,101.7344368,36.2,6.74,7.62
4081.7,2.7578874,101.7343928,36.3,6.73,7.70
4086.7,2.7578987,101.7343492,36.5,6.73,7.75
4091.7,2.7579117,101.7343061,36.6,6.76,7.74
4096.7,2.7579265,101.7342635,36.7,6.79,7.72
4101.7,2.7579427,101.7342215,36.8,6.83,7.70
4106.7,2.7579603,101.7341801,36.9,6.86,7.68
4111.7,2.7579794,101.7341393,36.9,6.90,7.65
4116.7,2.7580002,101.7340994,36.9,6.92,7.67
4121.8,2.7580226,101.7340604,36.9,6.93,7.70
4126.8,2.7580469,101.7340225,36.8,6.95,7.74
4131.8,2.7580728,101.7339856,36.7,6.96,7.77
4136.8,2.7581001,101.7339499,36.6,7.00,7.77
4141.8,2.7581285,101.7339150,36.5,7.09,7.68
4146.8,2.7581579,101.7338808,36.4,7.20,7.58
4151.8,2.7581881,101.7338475,36.2,7.30,7.48
4156.8,2.7582192,101.7338149,36.0,7.41,7.38
4161.8,2.7582514,101.7337834,35.9,7.30,7.48
4166.8,2.7582847,101.7337532,35.8,7.14,7.63
4171.8,2.7583192,101.7337244,35.7,7.02,7.73
4176.8,2.7583555,101.7336978,35.6,6.99,7.74
4181.8,2.7583939,101.7336742,35.5,6.97,7.72
4186.8,2.7584338,101.7336536,35.4,6.95,7.71
4191.8,2.7584745,101.7336344,35.4,6.89,7.62
4196.8,2.7585158,101.7336166,35.4,6.83,7.51
4201.8,2.7585581,101.7336013,35.4,6.76,7.40
4206.8,2.7586017,101.7335901,35.4,6.71,7.31
4211.8,2.7586462,101.7335846,35.4,6.71,7.35
4216.8,2.7586912,101.7335853,35.5,6.72,7.41
4221.8,2.7587357,101.7335917,35.5,6.93,7.45
4226.8,2.7587792,101.7336028,35.6,7.17,7.49
4231.8,2.7588217,101.7336177,35.6,7.24,7.40
4236.8,2.7588625,101.7336365,35.7,7.22,7.33
4241.8,2.7589004,101.7336607,35.7,7.00,7.55
4246.8,2.7589329,101.7336916,35.8,6.76,7.79
4251.8,2.7589589,101.7337283,35.8,6.80,7.50
4256.8,2.7589785,101.7337688,35.9,6.93,7.23
4261.8,2.7589925,101.7338115,35.9,7.10,7.06
4266.8,2.7590027,101.7338554,35.9,7.12,7.05
4271.8,2.7590107,101.7338997,35.9,7.12,7.06
4276.8,2.7590182,101.7339441,36.0,7.11,7.08
4281.8,2.7590260,101.7339884,35.9,7.11,7.09
4286.8,2.7590341,101.7340327,35.9,7.11,7.10
4291.8,2.7590424,101.7340770,35.9,7.11,7.11
4296.8,2.7590508,101.7341212,35.9,7.11,7.12
4301.8,2.7590593,101.7341655,35.9,7.11,7.13
4306.8,2.7590678,101.7342097,35.8,7.10,7.14
4311.8,2.7590764,101.7342539,35.8,7.10,7.15
4316.8,2.7590849,101.7342981,35.7,7.10,7.17
4321.8,2.7590935,101.7343423,35.6,7.10,7.18
4326.8,2.7591021,101.7343866,35.5,7.10,7.19
4331.8,2.7591107,101.7344308,35.4,7.10,7.20
4336.8,2.7591192,101.7344750,35.3,7.10,7.21
4341.8,2.7591277,101.7345192,35.2,7.09,7.22
4346.8,2.7591362,101.7345634,35.1,7.09,7.23
4351.8,2.7591447,101.7346077,34.9,7.09,7.24
4356.9,2.7591531,101.7346519,34.8,7.09,7.26
4361.9,2.7591614,101.7346962,34.7,7.09,7.27
4366.9,2.7591697,101.7347404,34.6,7.09,7.28
4371.9,2.7591779,101.7347847,34.6,7.08,7.29
4376.9,2.7591860,101.7348290,34.5,7.08,7.30
4381.9,2.7591941,101.7348733,34.6,7.08,7.31
4386.9,2.7592020,101.7349177,34.6,7.08,7.32
4391.9,2.7592098,101.7349620,34.8,7.09,7.33
4396.9,2.7592176,101.7350064,34.9,7.10,7.34
4401.9,2.7592253,101.7350508,35.2,7.11,7.34
4406.9,2.7592329,101.7350951,35.5,7.13,7.34
4411.9,2.7592404,101.7351395,35.9,7.14,7.35
4416.9,2.7592479,101.7351840,36.3,7.15,7.35
4421.9,2.7592553,101.7352284,36.8,7.17,7.36
4426.9,2.7592627,101.7352728,37.3,7.18,7.36
4431.9,2.7592701,101.7353172,37.9,7.19,7.37
4436.9,2.7592774,101.7353617,38.5,7.20,7.37
4441.9,2.7592847,101.7354061,39.1,7.22,7.38
4446.9,2.7592921,101.7354505,39.7,7.23,7.38
4451.9,2.7592994,101.7354950,40.3,7.24,7.39
4456.9,2.7593067,101.7355394,40.9,7.26,7.39
4461.9,2.7593140,101.7355839,41.4,7.27,7.40
4466.9,2.7593213,101.7356283,42.0,7.28,7.40
4471.9,2.7593287,101.7356727,42.5,7.30,7.40
4476.9,2.7593361,101.7357171,43.0,7.31,7.41
4481.9,2.7593435,101.7357616,43.5,7.32,7.41
4486.9,2.7593509,101.7358060,44.0,7.34,7.42
4491.9,2.7593584,101.7358504,44.4,7.35,7.42
4496.9,2.7593659,101.7358948,44.8,7.36,7.43
4501.9,2.7593733,101.7359392,45.2,7.38,7.43
4506.9,2.7593808,101.7359836,45.6,7.39,7.44
4511.9,2.7593883,101.7360280,45.9,7.40,7.44
4516.9,2.7593958,101.7360724,46.2,7.42,7.45
4521.9,2.7594033,101.7361168,46.4,7.43,7.45
4526.9,2.7594108,101.7361613,46.7,7.44,7.45
4531.9,2.7594183,101.7362057,46.8,7.46,7.46
4536.9,2.7594258,101.7362501,46.9,7.47,7.46
4541.9,2.7594333,101.7362945,47.0,7.48,7.47
4546.9,2.7594408,101.7363389,47.0,7.50,7.47
4551.9,2.7594482,101.7363833,47.0,7.51,7.48
4556.9,2.7594557,101.7364277,46.9,7.52,7.48
4561.9,2.7594631,101.7364721,46.8,7.54,7.49
4566.9,2.7594705,101.7365166,46.6,7.55,7.49
4571.9,2.7594778,101.7365610,46.4,7.56,7.50
4576.9,2.7594852,101.7366054,46.2,7.58,7.50
4581.9,2.7594925,101.7366499,46.0,7.59,7.50
4586.9,2.7594999,101.7366943,45.7,7.60,7.51
4592.0,2.7595072,101.7367387,45.5,7.62,7.51
4597.0,2.7595145,101.7367832,45.2,7.63,7.52
4602.0,2.7595218,101.7368276,44.9,7.64,7.52
4607.0,2.7595291,101.7368721,44.7,7.66,7.53
4612.0,2.7595364,101.7369165,44.4,7.67,7.53
4617.0,2.7595437,101.7369609,44.2,7.68,7.54
4622.0,2.7595510,101.7370054,44.0,7.69,7.54
4627.0,2.7595583,101.7370498,43.8,7.71,7.55
4632.0,2.7595656,101.7370943,43.7,7.72,7.55
4637.0,2.7595729,101.7371387,43.6,7.73,7.55
4642.0,2.7595802,101.7371831,43.5,7.75,7.56
4647.0,2.7595875,101.7372276,43.5,7.76,7.56
4652.0,2.7595948,101.7372720,43.5,7.77,7.57
4657.0,2.7596021,101.7373165,43.5,7.79,7.57
4662.0,2.7596094,101.7373609,43.6,7.80,7.58
4667.0,2.7596168,101.7374053,43.7,7.81,7.58
4672.0,2.7596241,101.7374498,43.8,7.83,7.59
4677.0,2.7596315,101.7374942,43.9,7.84,7.59
4682.0,2.7596389,101.7375386,44.1,7.85,7.60
4687.0,2.7596463,101.7375830,44.3,7.87,7.60
4692.0,2.7596537,101.7376275,44.5,7.88,7.61
4697.0,2.7596612,101.7376719,44.7,7.89,7.61
4702.0,2.7596687,101.7377163,44.9,7.91,7.61
4707.0,2.7596762,101.7377607,45.1,7.92,7.62
4712.0,2.7596837,101.7378051,45.3,7.93,7.62
4717.0,2.7596913,101.7378495,45.5,7.95,7.63
4722.0,2.7596988,101.7378939,45.8,7.96,7.63
4727.0,2.7597064,101.7379383,46.0,7.97,7.64
4732.0,2.7597141,101.7379827,46.3,7.99,7.64
4737.0,2.7597218,101.7380270,46.5,8.00,7.65
4742.0,2.7597295,101.7380714,46.8,8.01,7.65
4747.0,2.7597372,101.7381158,47.0,8.03,7.66
4752.0,2.7597450,101.7381601,47.2,8.04,7.66
4757.0,2.7597528,101.7382045,47.4,8.04,7.66
4762.0,2.7597606,101.7382488,47.6,8.01,7.65
4767.0,2.7597684,101.7382932,47.8,7.98,7.64
4772.0,2.7597763,101.7383375,47.9,7.95,7.63
4777.0,2.7597841,101.7383819,48.0,7.92,7.62
4782.0,2.7597920,101.7384262,48.1,7.89,7.61
4787.0,2.7597999,101.7384706,48.2,7.85,7.60
4792.0,2.7598079,101.7385149,48.2,7.82,7.59
4797.0,2.7598158,101.7385592,48.2,7.79,7.58
4802.0,2.7598238,101.7386035,48.2,7.76,7.57
4807.0,2.7598317,101.7386479,48.2,7.73,7.56
4812.0,2.7598397,101.7386922,48.2,7.70,7.55
4817.0,2.7598477,101.7387365,48.2,7.66,7.54
4822.0,2.7598557,101.7387808,48.2,7.63,7.53
4827.1,2.7598637,101.7388251,48.2,7.60,7.53
4832.1,2.7598717,101.7388695,48.2,7.57,7.52
4837.1,2.7598797,101.7389138,48.2,7.54,7.51
4842.1,2.7598878,101.7389581,48.3,7.51,7.50
4847.1,2.7598958,101.7390024,48.3,7.47,7.49
4852.1,2.7599038,101.7390467,48.4,7.44,7.48
4857.1,2.7599118,101.7390910,48.4,7.41,7.47
4862.1,2.7599198,101.7391354,48.4,7.38,7.46
4867.1,2.7599279,101.7391797,48.5,7.35,7.45
4872.1,2.7599359,101.7392240,48.5,7.32,7.44
4877.1,2.7599439,101.7392683,48.5,7.28,7.43
4882.1,2.7599519,101.7393126,48.5,7.25,7.42
4887.1,2.7599599,101.7393570,48.5,7.22,7.41
4892.1,2.7599678,101.7394013,48.4,7.19,7.40
4897.1,2.7599758,101.7394456,48.3,7.16,7.39
4902.1,2.7599838,101.7394899,48.2,7.13,7.38
4907.1,2.7599917,101.7395343,48.1,7.10,7.37
4912.1,2.7599996,101.7395786,48.0,7.06,7.36
4917.1,2.7600075,101.7396229,47.9,7.03,7.35
4922.1,2.7600154,101.7396673,47.7,7.00,7.34
4927.1,2.7600232,101.7397116,47.5,6.97,7.33
4932.1,2.7600309,101.7397560,47.3,6.94,7.32
4937.1,2.7600386,101.7398004,47.1,6.92,7.32
4942.1,2.7600463,101.7398447,46.9,6.96,7.34
4947.1,2.7600539,101.7398891,46.7,7.02,7.36
4952.1,2.7600614,101.7399335,46.5,7.07,7.38
4957.1,2.7600688,101.7399780,46.3,7.12,7.40
4962.1,2.7600761,101.7400224,46.1,7.18,7.42
4967.1,2.7600834,101.7400669,45.9,7.23,7.44
4972.1,2.7600905,101.7401113,45.7,7.28,7.46
4977.1,2.7600976,101.7401558,45.5,7.34,7.49
4982.1,2.7601045,101.7402003,45.4,7.39,7.51
4987.1,2.7601113,101.7402448,45.2,7.44,7.53
4992.1,2.7601180,101.7402894,45.1,7.50,7.55
4997.1,2.7601246,101.7403339,45.0,7.55,7.57
5002.1,2.7601313,101.7403784,45.0,7.60,7.59
5007.1,2.7601380,101.7404230,45.0,7.66,7.62
5012.1,2.7601450,101.7404675,45.1,7.71,7.64
5017.1,2.7601521,101.7405119,45.1,7.76,7.66
5022.1,2.7601596,101.7405563,45.3,7.82,7.68
5027.1,2.7601674,101.7406007,45.4,7.83,7.65
5032.1,2.7601757,101.7406450,45.6,7.83,7.61
5037.1,2.7601844,101.7406892,45.8,7.83,7.57
5042.1,2.7601935,101.7407333,46.0,7.83,7.53
5047.1,2.7602028,101.7407773,46.3,7.83,7.50
5052.1,2.7602122,101.7408214,46.5,7.84,7.46
5057.1,2.7602217,101.7408654,46.7,7.84,7.42
5062.2,2.7602312,101.7409094,46.9,7.84,7.38
5067.2,2.7602404,101.7409535,47.0,7.84,7.34
5072.2,2.7602493,101.7409976,47.1,7.84,7.30
5077.2,2.7602579,101.7410418,47.2,7.85,7.26
5082.2,2.7602663,101.7410861,47.2,7.85,7.22
5087.2,2.7602747,101.7411303,47.2,7.85,7.18
5092.2,2.7602833,101.7411745,47.1,7.85,7.14
5097.2,2.7602923,101.7412187,47.0,7.85,7.10
5102.2,2.7603024,101.7412626,46.8,7.86,7.07
5107.2,2.7603144,101.7413059,46.6,7.86,7.03
5112.2,2.7603294,101.7413484,46.3,7.78,7.09
5117.2,2.7603483,101.7413893,46.0,7.70,7.16
5122.2,2.7603714,101.7414279,45.7,7.58,7.24
5127.2,2.7603984,101.7414639,45.3,7.44,7.33
5132.2,2.7604291,101.7414968,44.8,7.35,7.34
5137.2,2.7604631,101.7415262,44.4,7.60,6.94
5142.2,2.7605004,101.7415514,43.9,7.83,6.57
5147.2,2.7605411,101.7415704,43.5,7.57,6.88
5152.2,2.7605850,101.7415801,43.1,7.28,7.19
5157.2,2.7606300,101.7415812,42.6,7.18,6.89
5162.2,2.7606748,101.7415779,42.3,7.14,6.68
5167.2,2.7607194,101.7415716,41.9,7.20,6.62
5172.2,2.7607629,101.7415605,41.6,7.26,6.58
5177.2,2.7608045,101.7415434,41.4,7.24,6.67
5182.2,2.7608442,101.7415221,41.2,7.21,6.78
5187.2,2.7608822,101.7414980,41.1,7.21,6.86
5192.2,2.7609168,101.7414692,41.1,7.34,6.78
5197.2,2.7609451,101.7414342,41.1,7.39,6.79
5202.2,2.7609654,101.7413941,41.2,7.27,6.98
5207.2,2.7609779,101.7413509,41.3,7.31,6.91
5212.2,2.7609831,101.7413061,41.6,7.44,6.73
5217.2,2.7609827,101.7412611,41.8,7.40,6.95
5222.2,2.7609791,101.7412162,42.1,7.35,7.18
5227.2,2.7609744,101.7411714,42.4,7.30,7.41
5232.2,2.7609698,101.7411266,42.7,7.28,7.44
5237.2,2.7609655,101.7410818,43.0,7.27,7.43
5242.2,2.7609614,101.7410370,43.3,7.26,7.42
5247.2,2.7609574,101.7409921,43.5,7.25,7.41
5252.2,2.7609533,101.7409472,43.8,7.24,7.40
5257.2,2.7609493,101.7409024,44.0,7.23,7.39
5262.2,2.7609452,101.7408575,44.1,7.22,7.38
5267.2,2.7609412,101.7408127,44.3,7.21,7.37
5272.2,2.7609372,101.7407678,44.3,7.20,7.36
5277.2,2.7609331,101.7407230,44.4,7.18,7.35
5282.2,2.7609291,101.7406781,44.4,7.17,7.34
5287.2,2.7609251,101.7406333,44.4,7.16,7.33
5292.2,2.7609211,101.7405884,44.3,7.15,7.32
5297.3,2.7609170,101.7405435,44.2,7.14,7.31
5302.3,2.7609130,101.7404987,44.0,7.13,7.30
5307.3,2.7609090,101.7404538,43.8,7.12,7.29
5312.3,2.7609050,101.7404090,43.6,7.11,7.28
5317.3,2.7609010,101.7403641,43.4,7.10,7.27
5322.3,2.7608969,101.7403193,43.1,7.09,7.26
5327.3,2.7608929,101.7402744,42.8,7.08,7.25
5332.3,2.7608889,101.7402295,42.5,7.07,7.24
5337.3,2.7608849,101.7401847,42.3,7.06,7.23
5342.3,2.7608809,101.7401398,42.0,7.04,7.22
5347.3,2.7608770,101.7400950,41.8,7.03,7.21
5352.3,2.7608730,101.7400501,41.6,7.02,7.20
5357.3,2.7608690,101.7400052,41.3,7.01,7.19
5362.3,2.7608650,101.7399604,41.2,7.00,7.18
5367.3,2.7608610,101.7399155,41.1,6.99,7.17
5372.3,2.7608571,101.7398706,41.0,6.98,7.16
5377.3,2.7608531,101.7398258,41.0,6.97,7.15
5382.3,2.7608492,101.7397809,41.0,6.96,7.14
5387.3,2.7608452,101.7397361,41.0,6.95,7.13
5392.3,2.7608413,101.7396912,41.0,6.94,7.12
5397.3,2.7608373,101.7396463,41.1,6.93,7.11
5402.3,2.7608334,101.7396015,41.2,6.92,7.10
5407.3,2.7608295,101.7395566,41.3,6.90,7.09
5412.3,2.7608256,101.7395117,41.5,6.89,7.08
5417.3,2.7608217,101.7394669,41.6,6.88,7.07
5422.3,2.7608178,101.7394220,41.8,6.88,7.07
5427.3,2.7608139,101.7393771,42.0,6.90,7.07
5432.3,2.7608100,101.7393323,42.2,6.91,7.07
5437.3,2.7608061,101.7392874,42.4,6.92,7.08
5442.3,2.7608023,101.7392425,42.7,6.93,7.08
5447.3,2.7607984,101.7391976,42.9,6.94,7.08
5452.3,2.7607945,101.7391528,43.1,6.95,7.09
5457.3,2.7607907,101.7391079,43.4,6.96,7.09
5462.3,2.7607868,101.7390630,43.6,6.97,7.09
5467.3,2.7607830,101.7390182,43.9,6.98,7.10
5472.3,2.7607792,101.7389733,44.1,6.99,7.10
5477.3,2.7607754,101.7389284,44.3,7.00,7.10
5482.3,2.7607715,101.7388835,44.6,7.01,7.11
5487.3,2.7607677,101.7388387,44.8,7.02,7.11
5492.3,2.7607639,101.7387938,45.0,7.03,7.11
5497.3,2.7607601,101.7387489,45.2,7.04,7.12
5502.3,2.7607563,101.7387040,45.4,7.05,7.12
5507.3,2.7607525,101.7386592,45.5,7.06,7.12
5512.3,2.7607488,101.7386143,45.7,7.07,7.13
5517.3,2.7607450,101.7385694,45.8,7.09,7.13
5522.3,2.7607412,101.7385245,45.9,7.10,7.13
5527.3,2.7607374,101.7384796,46.0,7.11,7.14
5532.4,2.7607337,101.7384348,46.1,7.12,7.14
