# shanghai: centreline in race direction, 5 m spacing. Source: TUMFTM racetrack-database (LGPL-3.0) geo-referenced onto OpenStreetMap (ODbL); elevation srtm30m via OpenTopoData
# widths are metres from the centreline to the track edge (TUMFTM only, blank for OSM)
s_m,lat,lon,elev_m,w_right_m,w_left_m
0.0,31.3377086,121.2225465,6.2,6.92,6.77
5.0,31.3376987,121.2224952,6.3,6.90,6.69
10.0,31.3376888,121.2224438,6.3,6.89,6.62
15.0,31.3376788,121.2223925,6.4,6.88,6.54
20.0,31.3376688,121.2223411,6.4,6.88,6.50
25.0,31.3376589,121.2222898,6.5,6.87,6.51
30.0,31.3376488,121.2222385,6.5,6.87,6.52
35.0,31.3376388,121.2221872,6.6,6.87,6.53
40.0,31.3376287,121.2221359,6.6,6.87,6.54
45.0,31.3376186,121.2220846,6.6,6.87,6.55
50.0,31.3376085,121.2220333,6.5,6.87,6.56
55.0,31.3375983,121.2219820,6.5,6.87,6.56
60.0,31.3375881,121.2219307,6.4,6.87,6.57
65.0,31.3375778,121.2218794,6.4,6.87,6.58
70.0,31.3375676,121.2218282,6.3,6.86,6.59
75.0,31.3375573,121.2217769,6.2,6.86,6.60
80.0,31.3375470,121.2217257,6.0,6.86,6.61
85.0,31.3375366,121.2216744,5.9,6.86,6.62
90.0,31.3375263,121.2216232,5.8,6.86,6.63
95.0,31.3375159,121.2215720,5.6,6.86,6.64
100.0,31.3375055,121.2215208,5.5,6.86,6.65
105.0,31.3374951,121.2214695,5.3,6.86,6.66
110.0,31.3374847,121.2214183,5.2,6.85,6.67
115.0,31.3374743,121.2213671,5.1,6.85,6.68
120.0,31.3374639,121.2213159,4.9,6.85,6.69
125.0,31.3374535,121.2212647,4.8,6.85,6.70
130.0,31.3374430,121.2212134,4.7,6.85,6.71
135.0,31.3374326,121.2211622,4.6,6.85,6.72
140.0,31.3374222,121.2211110,4.5,6.85,6.73
145.0,31.3374118,121.2210598,4.3,6.85,6.74
150.0,31.3374014,121.2210086,4.3,6.85,6.75
155.0,31.3373910,121.2209573,4.2,6.84,6.76
160.0,31.3373806,121.2209061,4.1,6.84,6.77
165.0,31.3373702,121.2208549,4.0,6.84,6.78
170.0,31.3373599,121.2208037,4.0,6.84,6.79
175.0,31.3373495,121.2207524,3.9,6.84,6.79
180.0,31.3373392,121.2207012,3.8,6.84,6.80
185.0,31.3373289,121.2206499,3.8,6.84,6.81
190.0,31.3373187,121.2205987,3.7,6.82,6.81
195.0,31.3373084,121.2205474,3.7,6.81,6.80
200.0,31.3372982,121.2204961,3.7,6.79,6.79
205.0,31.3372881,121.2204448,3.6,6.77,6.78
210.0,31.3372779,121.2203935,3.6,6.76,6.78
215.0,31.3372678,121.2203422,3.6,6.74,6.77
220.0,31.3372577,121.2202909,3.7,6.73,6.76
225.0,31.3372477,121.2202396,3.7,6.71,6.75
230.0,31.3372376,121.2201883,3.7,6.69,6.74
235.0,31.3372276,121.2201370,3.8,6.68,6.74
240.0,31.3372176,121.2200856,3.8,6.66,6.73
245.0,31.3372076,121.2200343,3.9,6.64,6.72
250.0,31.3371976,121.2199830,4.0,6.63,6.71
255.0,31.3371876,121.2199316,4.0,6.61,6.70
260.0,31.3371776,121.2198803,4.1,6.59,6.70
265.0,31.3371676,121.2198290,4.2,6.58,6.69
270.0,31.3371575,121.2197777,4.3,6.56,6.68
275.0,31.3371474,121.2197264,4.4,6.55,6.67
280.0,31.3371373,121.2196751,4.4,6.53,6.66
285.0,31.3371271,121.2196238,4.5,6.51,6.65
290.0,31.3371169,121.2195725,4.6,6.50,6.65
295.0,31.3371067,121.2195212,4.6,6.48,6.64
300.0,31.3370964,121.2194700,4.7,6.46,6.63
305.0,31.3370861,121.2194187,4.7,6.45,6.62
310.0,31.3370758,121.2193675,4.7,6.43,6.61
315.0,31.3370655,121.2193163,4.8,6.41,6.61
320.0,31.3370553,121.2192650,4.7,6.40,6.60
325.0,31.3370451,121.2192137,4.7,6.38,6.59
330.0,31.3370351,121.2191623,4.7,6.36,6.58
335.0,31.3370253,121.2191110,4.6,6.35,6.57
340.0,31.3370157,121.2190595,4.6,6.33,6.56
345.0,31.3370063,121.2190081,4.5,6.32,6.56
350.0,31.3369970,121.2189565,4.4,6.36,6.53
355.0,31.3369878,121.2189050,4.3,6.41,6.51
360.0,31.3369787,121.2188535,4.2,6.46,6.49
365.0,31.3369695,121.2188019,4.1,6.51,6.46
370.0,31.3369603,121.2187504,4.0,6.55,6.44
375.0,31.3369509,121.2186989,3.9,6.60,6.41
380.0,31.3369414,121.2186474,3.8,6.65,6.39
385.0,31.3369317,121.2185960,3.7,6.65,6.39
390.0,31.3369218,121.2185447,3.5,6.64,6.38
395.0,31.3369117,121.2184933,3.4,6.64,6.38
400.0,31.3369015,121.2184421,3.2,6.63,6.37
405.0,31.3368912,121.2183908,3.0,6.63,6.37
410.0,31.3368808,121.2183396,2.9,6.62,6.36
415.0,31.3368703,121.2182884,2.7,6.62,6.36
420.0,31.3368599,121.2182372,2.5,6.61,6.36
425.0,31.3368494,121.2181860,2.4,6.61,6.35
430.0,31.3368389,121.2181348,2.2,6.60,6.35
435.0,31.3368284,121.2180836,2.1,6.60,6.34
440.0,31.3368180,121.2180324,2.0,6.59,6.34
445.0,31.3368076,121.2179812,1.8,6.59,6.33
450.0,31.3367973,121.2179299,1.8,6.58,6.33
455.0,31.3367870,121.2178787,1.7,6.58,6.32
460.0,31.3367768,121.2178274,1.7,6.57,6.32
465.0,31.3367666,121.2177761,1.7,6.57,6.32
470.0,31.3367565,121.2177248,1.7,6.56,6.31
475.0,31.3367464,121.2176735,1.7,6.56,6.31
480.0,31.3367362,121.2176222,1.8,6.55,6.30
485.0,31.3367256,121.2175711,1.9,6.55,6.30
490.0,31.3367146,121.2175200,1.9,6.54,6.29
495.0,31.3367035,121.2174690,2.0,6.54,6.29
500.0,31.3366931,121.2174178,2.1,6.55,6.37
505.0,31.3366842,121.2173662,2.3,6.60,6.67
510.0,31.3366778,121.2173141,2.4,6.60,6.87
515.0,31.3366745,121.2172615,2.5,6.45,6.83
520.0,31.3366743,121.2172089,2.6,6.31,6.79
525.0,31.3366765,121.2171563,2.6,6.23,6.78
530.0,31.3366806,121.2171039,2.7,6.28,6.64
535.0,31.3366862,121.2170517,2.8,6.53,6.33
540.0,31.3366933,121.2169997,2.9,6.58,6.23
545.0,31.3367020,121.2169480,2.9,6.48,6.27
550.0,31.3367125,121.2168968,3.0,6.31,6.33
555.0,31.3367251,121.2168463,3.0,6.20,6.32
560.0,31.3367397,121.2167965,3.1,6.17,6.23
565.0,31.3367564,121.2167476,3.2,6.02,6.34
570.0,31.3367750,121.2166997,3.2,5.87,6.46
575.0,31.3367957,121.2166529,3.3,5.96,6.37
580.0,31.3368182,121.2166074,3.4,6.06,6.26
585.0,31.3368427,121.2165632,3.4,6.15,6.04
590.0,31.3368690,121.2165205,3.5,6.23,5.85
595.0,31.3368970,121.2164793,3.6,5.88,6.22
600.0,31.3369268,121.2164399,3.6,5.87,6.32
605.0,31.3369584,121.2164024,3.7,6.25,6.10
610.0,31.3369919,121.2163673,3.7,6.26,6.15
615.0,31.3370274,121.2163351,3.8,5.92,6.45
620.0,31.3370649,121.2163060,3.8,5.88,6.48
625.0,31.3371042,121.2162805,3.9,6.06,6.33
630.0,31.3371450,121.2162582,3.9,6.19,6.23
635.0,31.3371869,121.2162392,3.9,6.10,6.34
640.0,31.3372298,121.2162232,3.9,6.04,6.44
645.0,31.3372734,121.2162103,4.0,6.13,6.48
650.0,31.3373175,121.2162002,4.0,6.22,6.51
655.0,31.3373620,121.2161930,4.0,6.22,6.45
660.0,31.3374068,121.2161886,4.0,6.21,6.39
665.0,31.3374518,121.2161869,4.0,6.26,6.35
670.0,31.3374967,121.2161878,4.0,6.33,6.34
675.0,31.3375416,121.2161912,4.0,6.34,6.36
680.0,31.3375863,121.2161970,3.9,6.26,6.44
685.0,31.3376307,121.2162052,3.9,6.20,6.53
690.0,31.3376747,121.2162160,3.9,6.21,6.61
695.0,31.3377182,121.2162294,3.8,6.22,6.68
700.0,31.3377609,121.2162458,3.8,6.22,6.57
705.0,31.3378027,121.2162652,3.7,6.24,6.43
710.0,31.3378433,121.2162879,3.6,6.44,6.28
715.0,31.3378823,121.2163140,3.6,6.47,6.21
720.0,31.3379195,121.2163436,3.4,6.01,6.41
725.0,31.3379545,121.2163767,3.3,5.74,6.51
730.0,31.3379868,121.2164133,3.2,6.06,6.32
735.0,31.3380158,121.2164535,3.1,6.09,6.27
740.0,31.3380408,121.2164972,2.9,6.00,6.28
745.0,31.3380610,121.2165442,2.8,5.91,6.28
750.0,31.3380759,121.2165939,2.6,5.95,6.22
755.0,31.3380859,121.2166452,2.4,6.16,6.07
760.0,31.3380911,121.2166975,2.3,6.12,6.11
765.0,31.3380919,121.2167501,2.1,5.93,6.26
770.0,31.3380885,121.2168026,2.0,5.95,6.27
775.0,31.3380810,121.2168545,1.8,5.93,6.31
780.0,31.3380698,121.2169055,1.7,5.79,6.42
785.0,31.3380553,121.2169553,1.6,5.72,6.44
790.0,31.3380377,121.2170037,1.5,6.00,6.07
795.0,31.3380169,121.2170504,1.4,6.22,5.89
800.0,31.3379923,121.2170944,1.3,6.32,5.93
805.0,31.3379634,121.2171347,1.3,6.07,6.24
810.0,31.3379299,121.2171697,1.2,5.95,6.39
815.0,31.3378922,121.2171984,1.2,5.99,6.36
820.0,31.3378511,121.2172195,1.2,5.99,6.31
825.0,31.3378073,121.2172312,1.2,5.94,6.40
830.0,31.3377625,121.2172316,1.2,6.17,6.21
835.0,31.3377186,121.2172205,1.2,6.10,6.21
840.0,31.3376766,121.2172018,1.2,5.99,6.37
845.0,31.3376360,121.2171793,1.3,6.08,6.13
850.0,31.3375957,121.2171557,1.3,6.15,5.92
855.0,31.3375550,121.2171335,1.4,6.03,5.85
860.0,31.3375132,121.2171142,1.5,5.77,6.01
865.0,31.3374701,121.2170991,1.6,5.81,6.17
870.0,31.3374259,121.2170896,1.7,6.31,5.92
875.0,31.3373811,121.2170867,1.8,6.45,5.82
880.0,31.3373363,121.2170913,1.9,6.40,5.93
885.0,31.3372930,121.2171048,2.0,6.25,6.22
890.0,31.3372533,121.2171290,2.0,6.41,6.14
895.0,31.3372200,121.2171642,2.1,6.55,6.04
900.0,31.3371944,121.2172073,2.1,6.55,6.03
905.0,31.3371759,121.2172552,2.2,6.29,6.28
910.0,31.3371629,121.2173056,2.1,6.19,6.24
915.0,31.3371515,121.2173565,2.1,6.19,6.15
920.0,31.3371411,121.2174077,2.1,6.44,6.11
925.0,31.3371353,121.2174598,2.1,6.25,5.89
930.0,31.3371374,121.2175122,2.0,5.82,6.46
935.0,31.3371484,121.2175631,2.0,6.14,6.07
940.0,31.3371688,121.2176099,1.9,6.66,5.83
945.0,31.3371967,121.2176510,1.9,6.47,6.26
950.0,31.3372296,121.2176868,1.9,6.50,6.27
955.0,31.3372655,121.2177185,1.9,6.50,6.27
960.0,31.3373033,121.2177470,1.9,6.45,6.26
965.0,31.3373423,121.2177731,1.9,6.41,6.24
970.0,31.3373826,121.2177965,2.0,6.37,6.15
975.0,31.3374238,121.2178175,2.1,6.34,6.06
980.0,31.3374659,121.2178359,2.2,6.31,5.99
985.0,31.3375088,121.2178519,2.3,6.23,6.03
990.0,31.3375522,121.2178654,2.5,6.13,6.15
995.0,31.3375962,121.2178763,2.6,6.15,6.15
1000.0,31.3376406,121.2178844,2.7,6.27,6.04
1005.0,31.3376854,121.2178897,2.8,6.32,5.98
1010.0,31.3377303,121.2178921,2.9,6.26,5.98
1015.0,31.3377752,121.2178913,3.0,6.23,6.00
1020.0,31.3378200,121.2178874,3.0,6.36,6.08
1025.0,31.3378646,121.2178802,3.0,6.53,6.14
1030.0,31.3379087,121.2178701,3.0,6.42,6.01
1035.0,31.3379523,121.2178573,3.0,6.27,5.95
1040.0,31.3379954,121.2178422,3.0,6.03,6.17
1045.0,31.3380377,121.2178245,2.9,5.90,6.33
1050.0,31.3380785,121.2178026,2.9,6.19,6.19
1055.0,31.3381168,121.2177750,2.8,6.47,6.06
1060.0,31.3381527,121.2177434,2.7,6.66,5.98
1065.0,31.3381878,121.2177104,2.7,6.56,6.08
1070.0,31.3382226,121.2176770,2.6,6.45,6.19
1075.0,31.3382570,121.2176432,2.5,6.34,6.30
1080.0,31.3382913,121.2176091,2.5,6.24,6.39
1085.0,31.3383254,121.2175748,2.5,6.21,6.42
1090.0,31.3383594,121.2175403,2.6,6.22,6.41
1095.1,31.3383933,121.2175057,2.6,6.23,6.40
1100.1,31.3384272,121.2174711,2.7,6.23,6.39
1105.1,31.3384611,121.2174365,2.8,6.24,6.38
1110.1,31.3384950,121.2174020,2.9,6.24,6.37
1115.1,31.3385290,121.2173675,3.1,6.25,6.37
1120.1,31.3385631,121.2173332,3.3,6.26,6.36
1125.1,31.3385972,121.2172988,3.5,6.26,6.35
1130.1,31.3386313,121.2172645,3.7,6.27,6.34
1135.1,31.3386654,121.2172303,3.9,6.28,6.33
1140.1,31.3386996,121.2171960,4.1,6.28,6.32
1145.1,31.3387338,121.2171618,4.3,6.29,6.31
1150.1,31.3387679,121.2171276,4.4,6.30,6.30
1155.1,31.3388021,121.2170933,4.6,6.30,6.29
1160.1,31.3388362,121.2170591,4.7,6.31,6.28
1165.1,31.3388704,121.2170248,4.8,6.31,6.27
1170.1,31.3389045,121.2169905,4.8,6.32,6.26
1175.1,31.3389386,121.2169562,4.8,6.33,6.25
1180.1,31.3389727,121.2169219,4.8,6.33,6.24
1185.1,31.3390068,121.2168875,4.8,6.34,6.24
1190.1,31.3390408,121.2168532,4.7,6.35,6.23
1195.1,31.3390749,121.2168188,4.6,6.35,6.22
1200.1,31.3391089,121.2167843,4.5,6.36,6.21
1205.1,31.3391429,121.2167499,4.4,6.37,6.20
1210.1,31.3391769,121.2167154,4.3,6.37,6.19
1215.1,31.3392109,121.2166809,4.2,6.38,6.18
1220.1,31.3392448,121.2166464,4.1,6.38,6.17
1225.1,31.3392787,121.2166118,4.0,6.39,6.16
1230.1,31.3393126,121.2165772,3.9,6.40,6.16
1235.1,31.3393464,121.2165425,3.8,6.40,6.16
1240.1,31.3393803,121.2165078,3.8,6.40,6.16
1245.1,31.3394141,121.2164731,3.7,6.40,6.16
1250.1,31.3394478,121.2164383,3.7,6.41,6.16
1255.1,31.3394815,121.2164035,3.7,6.41,6.16
1260.1,31.3395152,121.2163686,3.7,6.41,6.16
1265.1,31.3395489,121.2163337,3.7,6.41,6.16
1270.1,31.3395826,121.2162988,3.7,6.41,6.17
1275.1,31.3396162,121.2162638,3.7,6.42,6.17
1280.1,31.3396498,121.2162288,3.7,6.42,6.17
1285.1,31.3396834,121.2161938,3.8,6.42,6.17
1290.1,31.3397169,121.2161587,3.8,6.42,6.17
1295.1,31.3397504,121.2161236,3.8,6.43,6.17
1300.1,31.3397839,121.2160885,3.9,6.43,6.17
1305.1,31.3398174,121.2160533,3.9,6.43,6.18
1310.1,31.3398508,121.2160182,4.0,6.43,6.18
1315.1,31.3398842,121.2159829,4.0,6.43,6.18
1320.1,31.3399177,121.2159477,4.0,6.44,6.18
1325.1,31.3399512,121.2159126,4.1,6.41,6.18
1330.1,31.3399851,121.2158780,4.1,6.28,6.18
1335.1,31.3400197,121.2158444,4.2,6.16,6.19
1340.1,31.3400552,121.2158121,4.2,6.03,6.25
1345.1,31.3400918,121.2157816,4.3,5.93,6.42
1350.1,31.3401297,121.2157532,4.4,5.93,6.60
1355.1,31.3401688,121.2157272,4.4,6.02,6.58
1360.1,31.3402090,121.2157037,4.5,6.19,6.30
1365.1,31.3402502,121.2156828,4.6,6.30,6.07
1370.1,31.3402922,121.2156640,4.6,6.21,6.01
1375.1,31.3403347,121.2156466,4.7,6.14,5.98
1380.1,31.3403773,121.2156298,4.7,6.10,5.97
1385.1,31.3404199,121.2156130,4.8,6.09,5.97
1390.1,31.3404625,121.2155959,4.8,6.08,5.98
1395.1,31.3405049,121.2155786,4.9,6.06,5.98
1400.1,31.3405473,121.2155610,4.9,6.05,5.98
1405.1,31.3405897,121.2155435,4.9,6.04,5.99
1410.1,31.3406321,121.2155260,4.9,6.03,5.99
1415.1,31.3406745,121.2155084,5.0,6.01,6.00
1420.1,31.3407169,121.2154910,5.0,6.00,6.00
1425.1,31.3407594,121.2154735,5.0,5.99,6.00
1430.1,31.3408018,121.2154561,4.9,5.98,6.01
1435.1,31.3408442,121.2154387,4.9,5.96,6.01
1440.1,31.3408867,121.2154213,4.9,5.95,6.01
1445.1,31.3409291,121.2154039,4.9,5.94,6.02
1450.1,31.3409716,121.2153865,4.8,5.92,6.02
1455.1,31.3410140,121.2153692,4.8,5.91,6.03
1460.1,31.3410565,121.2153519,4.7,5.90,6.03
1465.1,31.3410990,121.2153345,4.7,5.89,6.03
1470.1,31.3411414,121.2153172,4.6,5.87,6.04
1475.1,31.3411839,121.2152999,4.6,5.86,6.04
1480.1,31.3412264,121.2152826,4.5,5.85,6.04
1485.1,31.3412689,121.2152653,4.4,5.84,6.05
1490.1,31.3413113,121.2152481,4.4,5.82,6.05
1495.1,31.3413538,121.2152308,4.3,5.81,6.06
1500.1,31.3413963,121.2152135,4.3,5.80,6.06
1505.1,31.3414387,121.2151962,4.3,5.79,6.06
1510.1,31.3414812,121.2151788,4.3,5.77,6.07
1515.1,31.3415236,121.2151614,4.3,5.76,6.07
1520.1,31.3415661,121.2151440,4.3,5.75,6.08
1525.1,31.3416085,121.2151265,4.3,5.74,6.08
1530.1,31.3416509,121.2151089,4.3,5.72,6.08
1535.1,31.3416932,121.2150913,4.4,5.71,6.09
1540.1,31.3417356,121.2150736,4.5,5.70,6.09
1545.1,31.3417780,121.2150561,4.6,5.69,6.09
1550.1,31.3418205,121.2150387,4.6,5.67,6.10
1555.1,31.3418630,121.2150215,4.7,5.66,6.10
1560.1,31.3419056,121.2150046,4.8,5.65,6.11
1565.1,31.3419483,121.2149882,4.9,5.63,6.11
1570.1,31.3419911,121.2149723,5.0,5.64,6.14
1575.1,31.3420346,121.2149593,5.1,5.72,6.23
1580.1,31.3420786,121.2149603,5.2,5.91,6.33
1585.1,31.3421197,121.2149809,5.2,6.07,6.38
1590.1,31.3421567,121.2150107,5.3,6.02,6.40
1595.1,31.3421908,121.2150450,5.3,6.09,6.37
1600.1,31.3422224,121.2150824,5.3,6.26,6.32
1605.1,31.3422475,121.2151255,5.3,6.19,6.46
1610.1,31.3422587,121.2151758,5.3,5.90,6.75
1615.1,31.3422549,121.2152279,5.3,5.81,6.87
1620.1,31.3422406,121.2152776,5.2,6.40,6.51
1625.1,31.3422192,121.2153238,5.2,6.67,6.59
1630.1,31.3421937,121.2153671,5.1,6.75,6.92
1635.1,31.3421661,121.2154087,5.0,6.93,7.12
1640.1,31.3421383,121.2154501,5.0,7.12,7.23
1645.1,31.3421112,121.2154920,4.9,7.19,7.26
1650.1,31.3420843,121.2155343,4.8,7.22,7.26
1655.1,31.3420574,121.2155764,4.7,7.26,7.25
1660.1,31.3420299,121.2156181,4.7,7.27,7.26
1665.1,31.3420017,121.2156590,4.6,7.16,7.28
1670.1,31.3419724,121.2156990,4.5,6.91,7.32
1675.1,31.3419421,121.2157380,4.4,6.79,7.27
1680.1,31.3419107,121.2157756,4.4,6.92,7.04
1685.1,31.3418782,121.2158120,4.3,7.00,6.85
1690.1,31.3418449,121.2158473,4.2,6.92,6.81
1695.1,31.3418110,121.2158820,4.1,6.76,6.85
1700.1,31.3417770,121.2159164,4.1,6.60,6.89
1705.1,31.3417430,121.2159509,4.0,6.47,6.90
1710.1,31.3417088,121.2159851,4.0,6.45,6.79
1715.1,31.3416741,121.2160185,3.9,6.50,6.61
1720.1,31.3416386,121.2160508,3.8,6.55,6.44
1725.1,31.3416019,121.2160813,3.8,6.51,6.33
1730.1,31.3415644,121.2161102,3.7,6.27,6.36
1735.1,31.3415261,121.2161378,3.7,6.05,6.39
1740.1,31.3414874,121.2161647,3.6,5.98,6.41
1745.1,31.3414486,121.2161914,3.5,6.04,6.39
1750.1,31.3414098,121.2162179,3.5,6.10,6.38
1755.1,31.3413710,121.2162445,3.4,6.16,6.37
1760.1,31.3413321,121.2162710,3.4,6.23,6.35
1765.1,31.3412933,121.2162975,3.3,6.29,6.34
1770.1,31.3412544,121.2163239,3.2,6.35,6.32
1775.1,31.3412155,121.2163503,3.2,6.41,6.31
1780.1,31.3411766,121.2163767,3.1,6.47,6.30
1785.1,31.3411377,121.2164031,3.1,6.50,6.28
1790.1,31.3410987,121.2164295,3.0,6.49,6.27
1795.1,31.3410598,121.2164558,2.9,6.49,6.25
1800.1,31.3410209,121.2164822,2.9,6.48,6.24
1805.1,31.3409819,121.2165085,2.8,6.48,6.22
1810.1,31.3409430,121.2165348,2.8,6.47,6.20
1815.1,31.3409040,121.2165611,2.7,6.47,6.19
1820.1,31.3408651,121.2165875,2.7,6.46,6.17
1825.1,31.3408261,121.2166138,2.7,6.46,6.16
1830.1,31.3407872,121.2166401,2.6,6.45,6.14
1835.1,31.3407482,121.2166664,2.6,6.44,6.13
1840.1,31.3407093,121.2166927,2.6,6.44,6.11
1845.1,31.3406704,121.2167190,2.6,6.43,6.09
1850.1,31.3406314,121.2167454,2.7,6.43,6.08
1855.1,31.3405925,121.2167718,2.7,6.42,6.06
1860.1,31.3405536,121.2167982,2.7,6.42,6.05
1865.1,31.3405147,121.2168246,2.7,6.41,6.03
1870.1,31.3404758,121.2168511,2.8,6.40,6.02
1875.1,31.3404370,121.2168776,2.8,6.40,6.00
1880.1,31.3403982,121.2169042,2.8,6.39,5.98
1885.1,31.3403594,121.2169308,2.8,6.39,5.97
1890.1,31.3403206,121.2169575,2.8,6.38,5.95
1895.1,31.3402819,121.2169842,2.9,6.38,5.94
1900.1,31.3402432,121.2170111,2.8,6.37,5.92
1905.1,31.3402045,121.2170379,2.8,6.36,5.91
1910.1,31.3401659,121.2170649,2.8,6.36,5.89
1915.1,31.3401274,121.2170920,2.8,6.31,5.97
1920.1,31.3400889,121.2171194,2.8,6.20,6.22
1925.1,31.3400509,121.2171475,2.8,6.24,6.25
1930.1,31.3400136,121.2171768,2.8,6.44,6.03
1935.1,31.3399773,121.2172079,2.7,6.41,6.14
1940.1,31.3399424,121.2172410,2.7,6.17,6.53
1945.1,31.3399089,121.2172762,2.7,6.17,6.62
1950.1,31.3398772,121.2173135,2.8,6.46,6.31
1955.1,31.3398472,121.2173527,2.8,6.63,6.10
1960.1,31.3398192,121.2173939,2.8,6.54,6.07
1965.1,31.3397930,121.2174366,2.8,6.44,6.08
1970.1,31.3397680,121.2174804,2.9,6.31,6.20
1975.1,31.3397435,121.2175246,2.9,6.20,6.31
1980.1,31.3397191,121.2175688,3.0,6.19,6.34
1985.1,31.3396948,121.2176130,3.0,6.24,6.31
1990.1,31.3396717,121.2176582,3.1,6.42,6.21
1995.1,31.3396513,121.2177051,3.1,6.65,6.07
2000.1,31.3396335,121.2177534,3.2,6.63,6.14
2005.1,31.3396178,121.2178027,3.3,6.30,6.43
2010.1,31.3396041,121.2178529,3.3,6.17,6.49
2015.1,31.3395922,121.2179036,3.4,6.35,6.23
2020.1,31.3395819,121.2179549,3.5,6.44,6.19
2025.1,31.3395732,121.2180065,3.5,6.43,6.27
2030.1,31.3395657,121.2180584,3.6,6.40,6.26
2035.1,31.3395595,121.2181106,3.6,6.34,6.20
2040.1,31.3395543,121.2181629,3.6,6.28,6.16
2045.1,31.3395501,121.2182153,3.6,6.19,6.18
2050.1,31.3395469,121.2182678,3.6,6.08,6.30
2055.1,31.3395452,121.2183204,3.6,6.14,6.28
2060.1,31.3395451,121.2183730,3.6,6.45,6.03
2065.1,31.3395471,121.2184256,3.5,6.55,5.95
2070.1,31.3395512,121.2184780,3.4,6.35,6.11
2075.1,31.3395573,121.2185302,3.3,6.16,6.28
2080.1,31.3395655,121.2185819,3.2,6.06,6.36
2085.1,31.3395757,121.2186332,3.1,6.16,6.27
2090.1,31.3395877,121.2186839,2.9,6.26,6.16
2095.1,31.3396016,121.2187340,2.8,6.24,6.10
2100.1,31.3396174,121.2187833,2.6,6.31,6.02
2105.1,31.3396349,121.2188318,2.5,6.55,5.90
2110.1,31.3396541,121.2188794,2.4,6.66,5.91
2115.1,31.3396750,121.2189260,2.3,6.47,6.15
2120.1,31.3396974,121.2189716,2.2,6.27,6.37
2125.1,31.3397214,121.2190161,2.1,6.20,6.40
2130.1,31.3397469,121.2190595,2.1,6.25,6.26
2135.1,31.3397738,121.2191017,2.0,6.32,6.13
2140.1,31.3398021,121.2191425,2.0,6.43,6.03
2145.1,31.3398318,121.2191821,2.0,6.57,5.95
2150.1,31.3398629,121.2192201,2.1,6.64,5.91
2155.1,31.3398954,121.2192564,2.2,6.51,5.97
2160.1,31.3399293,121.2192911,2.4,6.22,6.12
2165.1,31.3399645,121.2193238,2.5,5.96,6.24
2170.1,31.3400010,121.2193545,2.7,6.01,6.23
2175.1,31.3400387,121.2193831,2.9,6.37,6.05
2180.1,31.3400775,121.2194098,3.2,6.54,5.98
2185.1,31.3401170,121.2194348,3.4,6.50,6.02
2190.1,31.3401572,121.2194584,3.7,6.45,6.06
2195.1,31.3401979,121.2194809,4.0,6.40,6.08
2200.1,31.3402389,121.2195026,4.3,6.35,6.10
2205.1,31.3402800,121.2195237,4.6,6.29,6.11
2210.1,31.3403213,121.2195446,5.0,6.23,6.13
2215.1,31.3403626,121.2195655,5.3,6.18,6.15
2220.1,31.3404038,121.2195866,5.5,6.12,6.17
2225.1,31.3404450,121.2196078,5.8,6.07,6.19
2230.1,31.3404860,121.2196293,6.1,6.02,6.20
2235.1,31.3405270,121.2196509,6.3,5.98,6.20
2240.1,31.3405679,121.2196727,6.5,5.97,6.18
2245.1,31.3406088,121.2196948,6.7,5.95,6.15
2250.1,31.3406495,121.2197172,6.8,5.94,6.13
2255.1,31.3406901,121.2197398,6.9,5.93,6.10
2260.1,31.3407305,121.2197629,6.9,5.91,6.07
2265.1,31.3407706,121.2197868,6.9,5.88,6.11
2270.1,31.3408102,121.2198117,6.9,5.81,6.29
2275.1,31.3408490,121.2198381,6.8,5.80,6.44
2280.1,31.3408870,121.2198663,6.7,5.96,6.32
2285.1,31.3409240,121.2198963,6.6,6.19,6.09
2290.1,31.3409597,121.2199282,6.5,6.33,5.99
2295.1,31.3409940,121.2199623,6.3,6.36,6.03
2300.1,31.3410267,121.2199984,6.1,6.28,6.17
2305.1,31.3410576,121.2200366,6.0,6.00,6.46
2310.1,31.3410866,121.2200768,5.8,5.79,6.67
2315.1,31.3411137,121.2201188,5.6,5.81,6.64
2320.1,31.3411388,121.2201625,5.4,5.96,6.47
2325.1,31.3411617,121.2202077,5.2,6.06,6.34
2330.1,31.3411825,121.2202544,5.1,6.09,6.23
2335.1,31.3412010,121.2203023,4.9,6.15,6.16
2340.1,31.3412173,121.2203514,4.7,6.25,6.15
2345.1,31.3412311,121.2204015,4.6,6.31,6.21
2350.1,31.3412422,121.2204525,4.4,6.14,6.46
2355.1,31.3412506,121.2205042,4.2,5.97,6.66
2360.1,31.3412560,121.2205564,4.1,6.17,6.48
2365.1,31.3412581,121.2206090,4.0,6.35,6.30
2370.1,31.3412570,121.2206616,3.9,6.33,6.30
2375.1,31.3412528,121.2207140,3.8,6.22,6.38
2380.1,31.3412455,121.2207659,3.7,6.08,6.51
2385.1,31.3412352,121.2208171,3.6,6.10,6.58
2390.1,31.3412221,121.2208674,3.5,6.24,6.60
2395.1,31.3412062,121.2209167,3.5,6.33,6.62
2400.1,31.3411877,121.2209646,3.4,6.30,6.64
2405.1,31.3411667,121.2210111,3.4,6.20,6.68
2410.1,31.3411433,121.2210561,3.4,6.12,6.69
2415.1,31.3411177,121.2210994,3.4,6.05,6.67
2420.1,31.3410900,121.2211408,3.5,5.99,6.64
2425.1,31.3410603,121.2211804,3.5,6.05,6.51
2430.1,31.3410288,121.2212178,3.6,6.29,6.25
2435.1,31.3409954,121.2212531,3.6,6.47,6.06
2440.1,31.3409603,121.2212859,3.7,6.35,6.20
2445.1,31.3409236,121.2213163,3.7,5.98,6.61
2450.1,31.3408854,121.2213441,3.8,5.75,6.84
2455.1,31.3408461,121.2213697,3.8,5.72,6.83
2460.1,31.3408061,121.2213937,3.8,5.72,6.77
2465.1,31.3407657,121.2214167,3.9,5.72,6.72
2470.1,31.3407250,121.2214392,3.9,5.72,6.66
2475.1,31.3406843,121.2214615,3.9,5.72,6.61
2480.1,31.3406435,121.2214838,4.0,5.73,6.56
2485.1,31.3406028,121.2215060,4.0,5.73,6.50
2490.1,31.3405620,121.2215283,4.0,5.73,6.45
2495.1,31.3405213,121.2215506,4.0,5.73,6.40
2500.1,31.3404806,121.2215730,4.0,5.73,6.34
2505.1,31.3404400,121.2215956,4.1,5.73,6.29
2510.1,31.3403994,121.2216184,4.1,5.73,6.23
2515.1,31.3403588,121.2216410,4.1,5.73,6.18
2520.1,31.3403179,121.2216627,4.2,5.73,6.13
2525.1,31.3402768,121.2216841,4.2,6.03,5.98
2530.1,31.3402376,121.2217095,4.3,6.49,5.91
2535.1,31.3402038,121.2217437,4.3,6.42,6.22
2540.1,31.3401771,121.2217858,4.4,6.28,6.36
2545.1,31.3401562,121.2218323,4.4,6.48,6.31
2550.1,31.3401400,121.2218813,4.5,6.70,6.40
2555.1,31.3401276,121.2219319,4.6,6.78,6.41
2560.1,31.3401192,121.2219835,4.6,6.69,6.35
2565.1,31.3401152,121.2220359,4.7,6.44,6.24
2570.1,31.3401170,121.2220883,4.7,6.30,6.16
2575.1,31.3401276,121.2221391,4.7,6.34,6.02
2580.1,31.3401485,121.2221853,4.7,6.42,5.77
2585.1,31.3401769,121.2222259,4.8,6.45,5.86
2590.1,31.3402095,121.2222621,4.8,6.42,6.06
2595.1,31.3402439,121.2222960,4.7,6.41,6.02
2600.1,31.3402791,121.2223287,4.7,6.41,5.99
2605.1,31.3403147,121.2223610,4.7,6.40,5.96
2610.1,31.3403503,121.2223931,4.6,6.39,5.93
2615.1,31.3403856,121.2224256,4.6,6.38,5.90
2620.1,31.3404206,121.2224587,4.6,6.38,5.86
2625.1,31.3404554,121.2224921,4.5,6.37,5.83
2630.1,31.3404902,121.2225254,4.5,6.36,5.80
2635.1,31.3405252,121.2225584,4.4,6.35,5.77
2640.1,31.3405609,121.2225905,4.4,6.35,5.74
2645.1,31.3405976,121.2226208,4.4,6.32,5.79
2650.1,31.3406361,121.2226479,4.4,6.27,6.00
2655.1,31.3406769,121.2226700,4.4,6.23,6.06
2660.1,31.3407198,121.2226853,4.4,6.22,5.92
2665.1,31.3407641,121.2226930,4.4,6.03,6.05
2670.1,31.3408090,121.2226937,4.4,5.77,5.96
2675.1,31.3408536,121.2226880,4.4,5.76,5.88
2680.1,31.3408974,121.2226762,4.4,5.97,5.93
2685.1,31.3409398,121.2226588,4.4,6.24,5.90
2690.1,31.3409807,121.2226372,4.4,6.53,6.01
2695.1,31.3410204,121.2226125,4.4,6.64,6.08
2700.1,31.3410593,121.2225862,4.4,6.62,6.10
2705.1,31.3410979,121.2225591,4.4,6.60,6.11
2710.1,31.3411363,121.2225316,4.4,6.57,6.12
2715.1,31.3411745,121.2225040,4.4,6.55,6.14
2720.1,31.3412127,121.2224762,4.5,6.53,6.15
2725.1,31.3412509,121.2224484,4.5,6.50,6.17
2730.1,31.3412891,121.2224205,4.5,6.48,6.18
2735.1,31.3413273,121.2223927,4.5,6.45,6.20
2740.1,31.3413655,121.2223649,4.5,6.43,6.21
2745.1,31.3414037,121.2223371,4.4,6.41,6.22
2750.1,31.3414419,121.2223094,4.4,6.38,6.24
2755.1,31.3414801,121.2222817,4.3,6.36,6.25
2760.1,31.3415184,121.2222541,4.2,6.34,6.27
2765.1,31.3415568,121.2222266,4.1,6.31,6.28
2770.1,31.3415952,121.2221992,4.0,6.29,6.29
2775.1,31.3416336,121.2221719,3.8,6.27,6.31
2780.1,31.3416721,121.2221446,3.7,6.25,6.32
2785.1,31.3417106,121.2221174,3.6,6.24,6.31
2790.1,31.3417491,121.2220902,3.4,6.24,6.29
2795.1,31.3417876,121.2220631,3.3,6.24,6.28
2800.1,31.3418262,121.2220360,3.1,6.24,6.26
2805.1,31.3418648,121.2220090,3.0,6.24,6.24
2810.1,31.3419033,121.2219819,2.9,6.24,6.22
2815.1,31.3419419,121.2219548,2.7,6.24,6.21
2820.1,31.3419805,121.2219278,2.7,6.24,6.19
2825.1,31.3420190,121.2219007,2.6,6.24,6.17
2830.1,31.3420576,121.2218736,2.6,6.24,6.15
2835.1,31.3420961,121.2218464,2.5,6.24,6.14
2840.1,31.3421346,121.2218192,2.6,6.24,6.12
2845.1,31.3421731,121.2217919,2.6,6.23,6.10
2850.1,31.3422115,121.2217646,2.7,6.23,6.08
2855.1,31.3422499,121.2217372,2.7,6.23,6.07
2860.1,31.3422882,121.2217097,2.9,6.20,6.04
2865.1,31.3423266,121.2216822,3.0,6.13,6.00
2870.1,31.3423649,121.2216546,3.1,6.06,5.96
2875.1,31.3424032,121.2216270,3.3,5.99,5.91
2880.1,31.3424414,121.2215993,3.4,5.92,5.87
2885.1,31.3424797,121.2215716,3.6,5.85,5.83
2890.1,31.3425179,121.2215439,3.8,5.78,5.79
2895.1,31.3425561,121.2215161,3.9,5.71,5.75
2900.1,31.3425943,121.2214884,4.1,5.64,5.70
2905.1,31.3426325,121.2214606,4.2,5.80,5.84
2910.1,31.3426708,121.2214329,4.4,5.97,5.99
2915.1,31.3427090,121.2214051,4.5,5.99,6.04
2920.1,31.3427472,121.2213774,4.7,6.01,6.09
2925.1,31.3427854,121.2213497,4.8,6.04,6.13
2930.1,31.3428237,121.2213221,4.9,6.06,6.18
2935.1,31.3428620,121.2212944,5.0,6.08,6.23
2940.1,31.3429003,121.2212668,5.1,6.11,6.27
2945.1,31.3429386,121.2212393,5.2,6.13,6.32
2950.1,31.3429770,121.2212118,5.3,6.16,6.37
2955.1,31.3430153,121.2211843,5.4,6.18,6.41
2960.1,31.3430537,121.2211569,5.4,6.20,6.46
2965.1,31.3430921,121.2211296,5.4,6.23,6.51
2970.1,31.3431306,121.2211022,5.4,6.25,6.56
2975.1,31.3431690,121.2210749,5.4,6.27,6.60
2980.1,31.3432075,121.2210477,5.3,6.30,6.65
2985.1,31.3432460,121.2210205,5.2,6.32,6.70
2990.1,31.3432845,121.2209933,5.1,6.34,6.70
2995.1,31.3433231,121.2209662,5.0,6.34,6.65
3000.1,31.3433616,121.2209392,4.8,6.34,6.58
3005.1,31.3434002,121.2209121,4.7,6.35,6.50
3010.1,31.3434388,121.2208851,4.5,6.35,6.43
3015.1,31.3434775,121.2208582,4.2,6.35,6.35
3020.1,31.3435161,121.2208313,4.0,6.35,6.28
3025.1,31.3435548,121.2208044,3.8,6.35,6.20
3030.1,31.3435935,121.2207776,3.5,6.35,6.13
3035.1,31.3436322,121.2207508,3.2,6.35,6.06
3040.1,31.3436709,121.2207240,3.0,6.37,6.05
3045.1,31.3437096,121.2206972,2.7,6.40,6.11
3050.1,31.3437483,121.2206703,2.4,6.42,6.17
3055.1,31.3437870,121.2206435,2.2,6.45,6.24
3060.1,31.3438256,121.2206166,1.9,6.48,6.30
3065.1,31.3438643,121.2205896,1.7,6.51,6.36
3070.1,31.3439029,121.2205626,1.5,6.54,6.43
3075.1,31.3439414,121.2205356,1.4,6.57,6.49
3080.1,31.3439800,121.2205084,1.2,6.60,6.56
3085.1,31.3440184,121.2204812,1.1,6.63,6.62
3090.1,31.3440569,121.2204538,1.1,6.66,6.68
3095.1,31.3440952,121.2204264,1.1,6.69,6.75
3100.1,31.3441335,121.2203988,1.1,6.72,6.81
3105.1,31.3441718,121.2203711,1.2,6.75,6.88
3110.1,31.3442100,121.2203434,1.3,6.78,6.94
3115.1,31.3442484,121.2203160,1.5,6.80,7.00
3120.1,31.3442872,121.2202893,1.7,6.83,7.07
3125.1,31.3443262,121.2202632,1.9,6.86,7.13
3130.1,31.3443651,121.2202368,2.1,6.89,7.19
3135.1,31.3444021,121.2202070,2.4,7.23,7.12
3140.1,31.3444340,121.2201703,2.6,7.58,6.87
3145.1,31.3444544,121.2201245,2.9,7.25,6.85
3150.1,31.3444554,121.2200732,3.1,6.57,6.72
3155.1,31.3444403,121.2200242,3.4,6.50,6.38
3160.1,31.3444162,121.2199800,3.5,6.58,6.27
3165.1,31.3443860,121.2199412,3.7,6.50,6.23
3170.1,31.3443519,121.2199069,3.8,6.41,6.21
3175.1,31.3443158,121.2198756,3.9,6.37,6.32
3180.1,31.3442788,121.2198458,4.0,6.32,6.36
3185.1,31.3442417,121.2198159,4.0,6.22,6.25
3190.1,31.3442054,121.2197849,4.0,6.11,6.10
3195.1,31.3441707,121.2197515,4.0,5.89,6.07
3200.1,31.3441386,121.2197147,3.9,5.75,6.24
3205.1,31.3441105,121.2196737,3.9,5.86,6.39
3210.1,31.3440878,121.2196284,3.8,6.06,6.28
3215.1,31.3440715,121.2195795,3.7,6.15,6.25
3220.1,31.3440615,121.2195283,3.6,6.19,6.13
3225.1,31.3440574,121.2194760,3.5,6.44,5.89
3230.1,31.3440591,121.2194235,3.3,6.30,5.92
3235.1,31.3440667,121.2193717,3.2,5.80,6.19
3240.1,31.3440801,121.2193216,3.1,5.43,6.44
3245.1,31.3440989,121.2192738,3.0,5.43,6.44
3250.1,31.3441223,121.2192290,2.9,5.59,6.31
3255.1,31.3441498,121.2191874,2.9,5.81,6.09
3260.1,31.3441806,121.2191491,2.8,6.03,5.86
3265.1,31.3442139,121.2191138,2.8,6.13,5.81
3270.1,31.3442493,121.2190813,2.8,6.13,5.91
3275.1,31.3442861,121.2190512,2.8,6.04,6.09
3280.1,31.3443243,121.2190233,2.9,5.97,6.25
3285.2,31.3443636,121.2189979,3.0,5.97,6.32
3290.2,31.3444041,121.2189748,3.1,5.93,6.38
3295.2,31.3444455,121.2189544,3.1,5.85,6.46
3300.2,31.3444878,121.2189366,3.3,5.81,6.36
3305.2,31.3445309,121.2189215,3.4,5.79,6.17
3310.2,31.3445746,121.2189093,3.5,5.77,5.97
3315.2,31.3446188,121.2189000,3.7,5.76,5.93
3320.2,31.3446634,121.2188937,3.8,5.75,6.02
3325.2,31.3447083,121.2188903,3.9,5.74,6.13
3330.2,31.3447533,121.2188901,4.1,5.76,6.20
3335.2,31.3447981,121.2188929,4.2,5.79,6.21
3340.2,31.3448428,121.2188988,4.3,5.86,6.09
3345.2,31.3448871,121.2189080,4.4,6.01,5.94
3350.2,31.3449307,121.2189205,4.5,6.10,5.88
3355.2,31.3449736,121.2189363,4.6,6.05,5.94
3360.2,31.3450154,121.2189556,4.6,5.94,6.17
3365.2,31.3450560,121.2189782,4.7,5.80,6.48
3370.2,31.3450952,121.2190039,4.7,5.90,6.62
3375.2,31.3451330,121.2190324,4.7,6.28,6.54
3380.2,31.3451694,121.2190633,4.7,6.72,6.41
3385.2,31.3452044,121.2190964,4.7,6.74,6.60
3390.2,31.3452378,121.2191315,4.7,6.56,6.96
3395.2,31.3452696,121.2191688,4.7,6.46,7.10
3400.2,31.3452994,121.2192081,4.6,6.41,7.13
3405.2,31.3453272,121.2192495,4.6,6.36,7.14
3410.2,31.3453529,121.2192927,4.5,6.47,7.09
3415.2,31.3453764,121.2193375,4.5,6.67,7.00
3420.2,31.3453978,121.2193838,4.5,6.87,6.90
3425.2,31.3454170,121.2194314,4.4,6.90,6.94
3430.2,31.3454342,121.2194801,4.4,6.80,7.06
3435.2,31.3454492,121.2195297,4.4,6.68,7.20
3440.2,31.3454622,121.2195801,4.4,6.62,7.26
3445.2,31.3454731,121.2196311,4.4,6.64,7.22
3450.2,31.3454819,121.2196828,4.4,6.70,7.13
3455.2,31.3454886,121.2197348,4.4,6.76,7.05
3460.2,31.3454933,121.2197872,4.4,6.88,7.00
3465.2,31.3454959,121.2198397,4.4,6.90,7.02
3470.2,31.3454965,121.2198923,4.4,6.85,7.07
3475.2,31.3454952,121.2199450,4.4,6.75,7.13
3480.2,31.3454920,121.2199975,4.4,6.64,7.18
3485.2,31.3454869,121.2200498,4.4,6.56,7.22
3490.2,31.3454800,121.2201018,4.3,6.67,7.14
3495.2,31.3454712,121.2201534,4.2,6.85,7.02
3500.2,31.3454605,121.2202045,4.2,7.03,6.90
3505.2,31.3454478,121.2202550,4.1,6.98,6.97
3510.2,31.3454330,121.2203047,4.0,6.81,7.14
3515.2,31.3454160,121.2203534,3.8,6.63,7.33
3520.2,31.3453968,121.2204010,3.7,6.63,7.40
3525.2,31.3453752,121.2204472,3.6,6.76,7.39
3530.2,31.3453512,121.2204917,3.5,6.91,7.36
3535.2,31.3453251,121.2205345,3.5,7.01,7.33
3540.2,31.3452973,121.2205759,3.4,7.06,7.30
3545.2,31.3452686,121.2206165,3.3,7.10,7.27
3550.2,31.3452395,121.2206566,3.3,7.11,7.26
3555.2,31.3452102,121.2206966,3.3,7.07,7.30
3560.2,31.3451799,121.2207354,3.3,7.00,7.36
3565.2,31.3451473,121.2207716,3.4,6.99,7.39
3570.2,31.3451128,121.2208054,3.4,7.07,7.38
3575.2,31.3450774,121.2208378,3.5,7.19,7.36
3580.2,31.3450414,121.2208694,3.6,7.21,7.29
3585.2,31.3450049,121.2209002,3.7,7.17,7.20
3590.2,31.3449681,121.2209304,3.9,7.12,7.11
3595.2,31.3449309,121.2209601,4.0,7.09,7.06
3600.2,31.3448936,121.2209893,4.2,7.08,7.05
3605.2,31.3448560,121.2210183,4.4,7.07,7.05
3610.2,31.3448184,121.2210472,4.6,7.07,7.05
3615.2,31.3447808,121.2210760,4.8,7.06,7.05
3620.2,31.3447432,121.2211048,5.0,7.05,7.05
3625.2,31.3447055,121.2211337,5.2,7.05,7.05
3630.2,31.3446679,121.2211625,5.4,7.04,7.06
3635.2,31.3446304,121.2211915,5.6,7.03,7.06
3640.2,31.3445928,121.2212204,5.8,7.02,7.06
3645.2,31.3445553,121.2212494,5.9,7.02,7.06
3650.2,31.3445177,121.2212784,6.1,7.01,7.06
3655.2,31.3444802,121.2213074,6.2,7.00,7.06
3660.2,31.3444427,121.2213364,6.3,6.99,7.06
3665.2,31.3444052,121.2213655,6.4,6.99,7.06
3670.2,31.3443677,121.2213946,6.4,6.98,7.06
3675.2,31.3443302,121.2214237,6.4,6.97,7.06
3680.2,31.3442928,121.2214528,6.4,6.97,7.06
3685.2,31.3442553,121.2214819,6.4,6.96,7.06
3690.2,31.3442178,121.2215110,6.3,6.95,7.06
3695.2,31.3441804,121.2215401,6.2,6.94,7.06
3700.2,31.3441429,121.2215693,6.1,6.94,7.06
3705.2,31.3441055,121.2215984,5.9,6.93,7.06
3710.2,31.3440680,121.2216276,5.8,6.92,7.06
3715.2,31.3440306,121.2216567,5.6,6.91,7.06
3720.2,31.3439931,121.2216858,5.4,6.91,7.06
3725.2,31.3439556,121.2217150,5.2,6.90,7.06
3730.2,31.3439182,121.2217441,5.0,6.89,7.06
3735.2,31.3438807,121.2217732,4.8,6.89,7.06
3740.2,31.3438432,121.2218023,4.6,6.88,7.06
3745.2,31.3438058,121.2218314,4.4,6.87,7.06
3750.2,31.3437683,121.2218605,4.2,6.86,7.06
3755.2,31.3437308,121.2218895,4.0,6.86,7.07
3760.2,31.3436933,121.2219186,3.9,6.85,7.07
3765.2,31.3436558,121.2219476,3.7,6.84,7.07
3770.2,31.3436182,121.2219766,3.6,6.83,7.07
3775.2,31.3435807,121.2220056,3.5,6.83,7.07
3780.2,31.3435431,121.2220345,3.4,6.82,7.07
3785.2,31.3435056,121.2220635,3.4,6.81,7.07
3790.2,31.3434680,121.2220924,3.3,6.81,7.07
3795.2,31.3434304,121.2221212,3.3,6.80,7.07
3800.2,31.3433927,121.2221501,3.3,6.79,7.07
3805.2,31.3433551,121.2221789,3.3,6.78,7.07
3810.2,31.3433175,121.2222077,3.4,6.78,7.07
3815.2,31.3432798,121.2222365,3.4,6.77,7.07
3820.2,31.3432422,121.2222653,3.5,6.76,7.07
3825.2,31.3432045,121.2222940,3.6,6.75,7.07
3830.2,31.3431668,121.2223227,3.7,6.75,7.07
3835.2,31.3431291,121.2223515,3.8,6.75,7.06
3840.2,31.3430914,121.2223802,3.9,6.76,7.05
3845.2,31.3430537,121.2224089,4.0,6.77,7.03
3850.2,31.3430160,121.2224376,4.1,6.78,7.01
3855.2,31.3429783,121.2224662,4.2,6.79,6.99
3860.2,31.3429406,121.2224949,4.3,6.80,6.97
3865.2,31.3429029,121.2225236,4.4,6.81,6.95
3870.2,31.3428652,121.2225523,4.5,6.82,6.94
3875.2,31.3428275,121.2225810,4.6,6.84,6.92
3880.2,31.3427897,121.2226096,4.6,6.85,6.90
3885.2,31.3427520,121.2226383,4.7,6.86,6.88
3890.2,31.3427143,121.2226670,4.7,6.87,6.86
3895.2,31.3426766,121.2226957,4.7,6.88,6.84
3900.2,31.3426389,121.2227244,4.7,6.89,6.82
3905.2,31.3426012,121.2227531,4.7,6.90,6.81
3910.2,31.3425636,121.2227818,4.7,6.91,6.79
3915.2,31.3425259,121.2228106,4.6,6.93,6.77
3920.2,31.3424882,121.2228393,4.6,6.94,6.75
3925.2,31.3424505,121.2228681,4.5,6.95,6.73
3930.2,31.3424129,121.2228969,4.4,6.96,6.71
3935.2,31.3423753,121.2229257,4.3,6.97,6.70
3940.2,31.3423376,121.2229545,4.2,6.98,6.68
3945.2,31.3423000,121.2229834,4.1,6.99,6.66
3950.2,31.3422624,121.2230123,4.0,7.00,6.65
3955.2,31.3422248,121.2230412,3.9,6.98,6.65
3960.2,31.3421873,121.2230701,3.8,6.96,6.67
3965.2,31.3421497,121.2230991,3.7,6.94,6.68
3970.2,31.3421122,121.2231281,3.6,6.92,6.69
3975.2,31.3420747,121.2231571,3.5,6.90,6.70
3980.2,31.3420371,121.2231861,3.4,6.88,6.71
3985.2,31.3419996,121.2232152,3.3,6.85,6.73
3990.2,31.3419621,121.2232442,3.2,6.83,6.74
3995.2,31.3419246,121.2232733,3.1,6.81,6.75
4000.2,31.3418871,121.2233023,3.1,6.79,6.76
4005.2,31.3418497,121.2233314,3.0,6.77,6.78
4010.2,31.3418122,121.2233605,3.0,6.75,6.79
4015.2,31.3417747,121.2233896,3.0,6.73,6.80
4020.2,31.3417372,121.2234186,3.0,6.71,6.81
4025.2,31.3416997,121.2234477,3.0,6.69,6.83
4030.2,31.3416622,121.2234767,3.1,6.66,6.84
4035.2,31.3416247,121.2235058,3.1,6.64,6.85
4040.2,31.3415872,121.2235348,3.2,6.62,6.86
4045.2,31.3415496,121.2235638,3.3,6.61,6.86
4050.2,31.3415121,121.2235928,3.4,6.62,6.84
4055.2,31.3414745,121.2236218,3.6,6.63,6.81
4060.2,31.3414370,121.2236507,3.7,6.64,6.78
4065.2,31.3413994,121.2236796,3.9,6.66,6.76
4070.2,31.3413618,121.2237085,4.1,6.67,6.73
4075.2,31.3413242,121.2237373,4.3,6.68,6.70
4080.2,31.3412865,121.2237661,4.5,6.69,6.67
4085.2,31.3412489,121.2237949,4.7,6.73,6.68
4090.2,31.3412112,121.2238237,4.9,6.79,6.74
4095.2,31.3411735,121.2238524,5.0,6.87,6.81
4100.2,31.3411358,121.2238810,5.2,6.94,6.88
4105.2,31.3410980,121.2239096,5.3,7.02,6.96
4110.2,31.3410602,121.2239382,5.5,7.09,7.03
4115.2,31.3410224,121.2239667,5.6,7.17,7.11
4120.2,31.3409846,121.2239952,5.6,7.24,7.18
4125.2,31.3409468,121.2240236,5.7,7.32,7.26
4130.2,31.3409089,121.2240519,5.7,7.39,7.33
4135.2,31.3408710,121.2240803,5.8,7.47,7.41
4140.2,31.3408330,121.2241085,5.8,7.54,7.48
4145.2,31.3407951,121.2241368,5.8,7.62,7.56
4150.2,31.3407571,121.2241651,5.8,7.69,7.63
4155.2,31.3407192,121.2241933,5.8,7.77,7.71
4160.2,31.3406813,121.2242215,5.8,7.85,7.78
4165.2,31.3406433,121.2242498,5.8,7.92,7.86
4170.2,31.3406054,121.2242781,5.9,8.00,7.93
4175.2,31.3405675,121.2243065,5.9,8.07,8.00
4180.2,31.3405296,121.2243348,6.0,8.15,8.08
4185.2,31.3404918,121.2243633,6.0,8.22,8.15
4190.2,31.3404540,121.2243918,6.1,8.30,8.23
4195.2,31.3404162,121.2244204,6.2,8.37,8.30
4200.2,31.3403785,121.2244491,6.2,8.45,8.38
4205.2,31.3403409,121.2244779,6.3,8.52,8.45
4210.2,31.3403033,121.2245068,6.4,8.60,8.53
4215.2,31.3402658,121.2245359,6.4,8.67,8.60
4220.2,31.3402284,121.2245650,6.4,8.69,8.57
4225.2,31.3401910,121.2245943,6.4,8.66,8.45
4230.2,31.3401536,121.2246236,6.4,8.62,8.31
4235.2,31.3401164,121.2246531,6.4,8.57,8.17
4240.2,31.3400791,121.2246826,6.4,8.49,8.09
4245.2,31.3400419,121.2247122,6.3,8.39,8.04
4250.2,31.3400048,121.2247419,6.3,8.29,7.98
4255.2,31.3399677,121.2247716,6.2,8.19,7.93
4260.2,31.3399306,121.2248013,6.1,8.09,7.88
4265.2,31.3398935,121.2248311,6.0,7.99,7.82
4270.2,31.3398564,121.2248609,5.9,7.88,7.77
4275.2,31.3398193,121.2248907,5.8,7.78,7.71
4280.2,31.3397823,121.2249205,5.7,7.68,7.66
4285.2,31.3397452,121.2249503,5.6,7.58,7.60
4290.2,31.3397081,121.2249801,5.5,7.48,7.55
4295.2,31.3396710,121.2250099,5.4,7.38,7.50
4300.2,31.3396339,121.2250396,5.2,7.28,7.44
4305.2,31.3395968,121.2250693,5.1,7.17,7.39
4310.2,31.3395597,121.2250990,4.9,7.07,7.33
4315.2,31.3395225,121.2251286,4.8,6.97,7.28
4320.2,31.3394853,121.2251582,4.6,6.87,7.23
4325.2,31.3394481,121.2251878,4.5,6.77,7.17
4330.2,31.3394108,121.2252173,4.3,6.67,7.12
4335.2,31.3393736,121.2252468,4.2,6.57,7.06
4340.2,31.3393363,121.2252762,4.1,6.46,7.01
4345.2,31.3392990,121.2253056,4.0,6.42,6.98
4350.2,31.3392616,121.2253349,3.9,6.42,6.96
4355.2,31.3392243,121.2253642,3.8,6.44,6.95
4360.2,31.3391869,121.2253934,3.8,6.45,6.94
4365.2,31.3391494,121.2254226,3.7,6.47,6.92
4370.2,31.3391120,121.2254518,3.7,6.48,6.91
4375.2,31.3390745,121.2254808,3.7,6.50,6.90
4380.2,31.3390370,121.2255099,3.8,6.51,6.89
4385.2,31.3389995,121.2255389,3.8,6.53,6.88
4390.2,31.3389619,121.2255678,3.9,6.54,6.86
4395.2,31.3389243,121.2255967,3.9,6.56,6.85
4400.2,31.3388867,121.2256255,4.0,6.57,6.84
4405.2,31.3388490,121.2256543,4.1,6.59,6.83
4410.2,31.3388114,121.2256831,4.1,6.60,6.81
4415.2,31.3387737,121.2257119,4.2,6.62,6.80
4420.2,31.3387361,121.2257406,4.3,6.63,6.79
4425.2,31.3386984,121.2257694,4.3,6.65,6.78
4430.2,31.3386607,121.2257981,4.4,6.66,6.77
4435.2,31.3386230,121.2258268,4.4,6.67,6.75
4440.2,31.3385853,121.2258555,4.4,6.69,6.74
4445.2,31.3385476,121.2258843,4.4,6.70,6.73
4450.2,31.3385100,121.2259130,4.4,6.72,6.72
4455.2,31.3384723,121.2259418,4.4,6.73,6.70
4460.2,31.3384346,121.2259706,4.4,6.75,6.69
4465.2,31.3383970,121.2259994,4.4,6.76,6.68
4470.2,31.3383594,121.2260283,4.5,6.78,6.67
4475.2,31.3383218,121.2260572,4.5,6.78,6.67
4480.2,31.3382842,121.2260861,4.5,6.77,6.67
4485.2,31.3382467,121.2261150,4.5,6.77,6.67
4490.2,31.3382091,121.2261440,4.6,6.77,6.67
4495.2,31.3381716,121.2261730,4.6,6.77,6.67
4500.2,31.3381341,121.2262021,4.6,6.76,6.67
4505.2,31.3380966,121.2262311,4.6,6.76,6.67
4510.2,31.3380591,121.2262602,4.7,6.76,6.67
4515.2,31.3380216,121.2262893,4.7,6.76,6.67
4520.2,31.3379842,121.2263184,4.7,6.75,6.67
4525.2,31.3379467,121.2263476,4.6,6.75,6.67
4530.2,31.3379093,121.2263767,4.6,6.75,6.68
4535.2,31.3378718,121.2264059,4.5,6.75,6.68
4540.2,31.3378344,121.2264351,4.5,6.74,6.68
4545.2,31.3377970,121.2264643,4.4,6.74,6.68
4550.2,31.3377596,121.2264935,4.3,6.74,6.68
4555.2,31.3377222,121.2265227,4.3,6.74,6.68
4560.2,31.3376848,121.2265519,4.2,6.73,6.68
4565.2,31.3376474,121.2265811,4.1,6.73,6.68
4570.2,31.3376100,121.2266103,4.1,6.73,6.68
4575.2,31.3375725,121.2266396,4.1,6.73,6.68
4580.2,31.3375351,121.2266688,4.1,6.72,6.68
4585.2,31.3374977,121.2266980,4.1,6.72,6.68
4590.2,31.3374603,121.2267272,4.1,6.72,6.68
4595.2,31.3374229,121.2267565,4.2,6.72,6.69
4600.2,31.3373855,121.2267857,4.3,6.71,6.69
4605.2,31.3373481,121.2268149,4.4,6.71,6.69
4610.2,31.3373107,121.2268441,4.5,6.71,6.69
4615.2,31.3372733,121.2268733,4.6,6.71,6.69
4620.2,31.3372358,121.2269024,4.8,6.70,6.69
4625.2,31.3371984,121.2269316,4.9,6.70,6.69
4630.2,31.3371609,121.2269607,5.0,6.70,6.69
4635.2,31.3371235,121.2269899,5.1,6.70,6.69
4640.2,31.3370860,121.2270190,5.2,6.69,6.69
4645.2,31.3370485,121.2270481,5.3,6.69,6.69
4650.2,31.3370110,121.2270771,5.3,6.69,6.69
4655.2,31.3369735,121.2271062,5.4,6.69,6.70
4660.2,31.3369360,121.2271352,5.4,6.68,6.70
4665.2,31.3368985,121.2271643,5.4,6.68,6.70
4670.2,31.3368610,121.2271933,5.3,6.68,6.70
4675.2,31.3368235,121.2272224,5.3,6.67,6.70
4680.2,31.3367860,121.2272514,5.2,6.67,6.70
4685.2,31.3367485,121.2272805,5.1,6.67,6.70
4690.2,31.3367110,121.2273096,5.0,6.67,6.70
4695.2,31.3366735,121.2273387,4.9,6.66,6.70
4700.2,31.3366361,121.2273678,4.8,6.66,6.70
4705.2,31.3365986,121.2273969,4.7,6.66,6.70
4710.2,31.3365612,121.2274260,4.6,6.66,6.70
4715.2,31.3365237,121.2274552,4.5,6.65,6.70
4720.2,31.3364863,121.2274844,4.4,6.65,6.71
4725.2,31.3364489,121.2275137,4.3,6.65,6.71
4730.2,31.3364115,121.2275429,4.2,6.65,6.71
4735.2,31.3363742,121.2275722,4.2,6.64,6.71
4740.2,31.3363368,121.2276014,4.1,6.64,6.71
4745.2,31.3362994,121.2276307,4.1,6.64,6.71
4750.2,31.3362619,121.2276598,4.1,6.64,6.71
4755.2,31.3362245,121.2276890,4.1,6.63,6.71
4760.2,31.3361869,121.2277180,4.2,6.63,6.71
4765.2,31.3361493,121.2277469,4.2,6.63,6.71
4770.2,31.3361116,121.2277756,4.2,6.58,6.69
4775.2,31.3360737,121.2278038,4.2,6.45,6.64
4780.2,31.3360353,121.2278312,4.2,6.31,6.58
4785.2,31.3359963,121.2278575,4.2,6.28,6.71
4790.2,31.3359566,121.2278821,4.2,6.40,7.10
4795.2,31.3359154,121.2279030,4.2,6.56,7.55
4800.2,31.3358714,121.2279034,4.1,6.49,7.63
4805.2,31.3358394,121.2278698,4.0,6.31,7.53
4810.2,31.3358333,121.2278192,3.9,6.19,7.51
4815.2,31.3358495,121.2277705,3.8,6.66,7.47
4820.2,31.3358724,121.2277252,3.7,7.17,7.44
4825.2,31.3358963,121.2276806,3.5,7.66,7.61
4830.2,31.3359204,121.2276362,3.4,8.12,8.03
4835.2,31.3359443,121.2275915,3.2,8.59,8.47
4840.2,31.3359676,121.2275466,3.1,8.94,8.82
4845.2,31.3359905,121.2275012,2.9,8.76,8.63
4850.2,31.3360125,121.2274553,2.8,8.52,8.41
4855.2,31.3360339,121.2274090,2.7,8.28,8.18
4860.2,31.3360549,121.2273624,2.7,8.05,7.95
4865.2,31.3360759,121.2273159,2.6,7.82,7.73
4870.2,31.3360973,121.2272696,2.6,7.58,7.51
4875.2,31.3361195,121.2272238,2.7,7.35,7.28
4880.2,31.3361430,121.2271789,2.7,6.99,7.15
4885.2,31.3361681,121.2271352,2.8,6.49,7.13
4890.2,31.3361952,121.2270932,2.9,6.43,7.05
4895.2,31.3362246,121.2270534,3.0,6.47,6.97
4900.2,31.3362561,121.2270158,3.2,6.43,6.86
4905.2,31.3362893,121.2269803,3.3,6.37,6.75
4910.2,31.3363238,121.2269466,3.5,6.35,6.71
4915.2,31.3363593,121.2269143,3.7,6.33,6.69
4920.2,31.3363956,121.2268832,3.8,6.32,6.67
4925.2,31.3364323,121.2268528,4.0,6.31,6.65
4930.2,31.3364692,121.2268227,4.2,6.30,6.63
4935.2,31.3365062,121.2267927,4.3,6.29,6.62
4940.2,31.3365430,121.2267624,4.4,6.28,6.60
4945.2,31.3365797,121.2267320,4.5,6.27,6.58
4950.2,31.3366162,121.2267014,4.6,6.26,6.56
4955.2,31.3366527,121.2266706,4.7,6.25,6.54
4960.2,31.3366892,121.2266398,4.8,6.24,6.52
4965.2,31.3367255,121.2266088,4.8,6.23,6.50
4970.2,31.3367619,121.2265778,4.9,6.22,6.48
4975.2,31.3367983,121.2265468,4.9,6.21,6.47
4980.2,31.3368346,121.2265159,5.0,6.20,6.45
4985.2,31.3368710,121.2264849,5.0,6.19,6.43
4990.2,31.3369074,121.2264540,5.0,6.18,6.41
4995.2,31.3369438,121.2264231,5.0,6.17,6.39
5000.2,31.3369802,121.2263922,5.0,6.16,6.37
5005.2,31.3370166,121.2263613,5.1,6.15,6.35
5010.2,31.3370531,121.2263305,5.1,6.14,6.33
5015.2,31.3370895,121.2262996,5.1,6.13,6.32
5020.2,31.3371260,121.2262688,5.2,6.12,6.30
5025.2,31.3371624,121.2262380,5.2,6.11,6.28
5030.2,31.3371989,121.2262072,5.3,6.10,6.26
5035.2,31.3372354,121.2261764,5.4,6.09,6.24
5040.2,31.3372719,121.2261456,5.5,6.08,6.22
5045.2,31.3373083,121.2261148,5.6,6.07,6.20
5050.2,31.3373448,121.2260841,5.6,6.06,6.18
5055.2,31.3373813,121.2260533,5.7,6.05,6.17
5060.2,31.3374178,121.2260225,5.8,6.04,6.15
5065.2,31.3374543,121.2259918,5.8,6.03,6.13
5070.2,31.3374908,121.2259610,5.9,6.02,6.11
5075.2,31.3375273,121.2259302,5.9,6.01,6.09
5080.2,31.3375638,121.2258995,5.9,6.00,6.07
5085.2,31.3376003,121.2258687,5.9,5.99,6.05
5090.2,31.3376367,121.2258379,5.8,5.98,6.03
5095.2,31.3376732,121.2258071,5.7,5.97,6.02
5100.2,31.3377097,121.2257763,5.6,5.96,6.00
5105.2,31.3377462,121.2257455,5.5,5.95,5.98
5110.2,31.3377826,121.2257147,5.4,5.94,5.96
5115.2,31.3378191,121.2256838,5.2,5.93,5.94
5120.2,31.3378555,121.2256530,5.1,5.92,5.92
5125.2,31.3378919,121.2256221,5.0,5.91,5.90
5130.2,31.3379283,121.2255912,4.8,5.90,5.88
5135.2,31.3379647,121.2255603,4.7,5.85,5.83
5140.2,31.3380011,121.2255294,4.6,5.77,5.76
5145.2,31.3380375,121.2254984,4.4,5.69,5.69
5150.2,31.3380738,121.2254674,4.3,5.62,5.61
5155.2,31.3381102,121.2254364,4.3,5.54,5.54
5160.2,31.3381465,121.2254054,4.2,5.46,5.47
5165.2,31.3381828,121.2253743,4.1,5.39,5.40
5170.2,31.3382190,121.2253430,4.1,5.10,5.01
5175.2,31.3382516,121.2253069,4.0,5.73,4.82
5180.2,31.3382679,121.2252585,4.0,5.51,5.26
5185.2,31.3382613,121.2252064,4.0,5.33,5.58
5190.2,31.3382486,121.2251559,4.0,5.62,5.60
5195.2,31.3382379,121.2251048,4.0,5.69,5.65
5200.2,31.3382284,121.2250533,4.1,5.76,5.70
5205.2,31.3382176,121.2250022,4.1,5.82,5.76
5210.2,31.3382059,121.2249514,4.2,5.89,5.81
5215.2,31.3381948,121.2249004,4.3,5.95,5.86
5220.2,31.3381844,121.2248491,4.4,6.02,5.91
5225.2,31.3381745,121.2247978,4.5,6.08,5.96
5230.2,31.3381647,121.2247464,4.7,6.15,6.01
5235.2,31.3381547,121.2246951,4.8,6.21,6.06
5240.2,31.3381446,121.2246438,4.9,6.27,6.11
5245.2,31.3381342,121.2245926,5.0,6.34,6.16
5250.2,31.3381236,121.2245414,5.2,6.40,6.21
5255.2,31.3381128,121.2244903,5.3,6.47,6.27
5260.2,31.3381019,121.2244392,5.4,6.53,6.32
5265.2,31.3380909,121.2243882,5.4,6.60,6.37
5270.2,31.3380797,121.2243372,5.5,6.66,6.42
5275.2,31.3380685,121.2242862,5.5,6.72,6.47
5280.2,31.3380572,121.2242352,5.5,6.73,6.51
5285.2,31.3380458,121.2241843,5.5,6.72,6.54
5290.2,31.3380344,121.2241333,5.5,6.70,6.58
5295.2,31.3380230,121.2240824,5.5,6.68,6.61
5300.2,31.3380116,121.2240315,5.5,6.66,6.65
5305.2,31.3380003,121.2239805,5.4,6.64,6.68
5310.2,31.3379890,121.2239296,5.4,6.62,6.72
5315.2,31.3379778,121.2238786,5.4,6.60,6.75
5320.2,31.3379666,121.2238276,5.3,6.58,6.79
5325.2,31.3379556,121.2237766,5.3,6.56,6.82
5330.2,31.3379446,121.2237255,5.3,6.54,6.85
5335.2,31.3379337,121.2236744,5.3,6.52,6.89
5340.2,31.3379229,121.2236233,5.3,6.50,6.92
5345.2,31.3379122,121.2235722,5.4,6.48,6.96
5350.2,31.3379016,121.2235210,5.4,6.46,6.99
5355.2,31.3378910,121.2234698,5.5,6.49,7.00
5360.2,31.3378805,121.2234186,5.5,6.52,7.00
5365.2,31.3378700,121.2233674,5.6,6.55,6.99
5370.2,31.3378596,121.2233162,5.6,6.58,6.99
5375.2,31.3378493,121.2232650,5.7,6.61,6.99
5380.2,31.3378390,121.2232137,5.8,6.64,6.99
5385.2,31.3378288,121.2231624,5.8,6.67,6.99
5390.2,31.3378186,121.2231112,5.8,6.70,6.99
5395.2,31.3378085,121.2230599,5.9,6.73,6.99
5400.2,31.3377984,121.2230086,5.9,6.76,6.99
5405.2,31.3377883,121.2229573,5.9,6.79,6.99
5410.2,31.3377783,121.2229059,6.0,6.82,6.99
5415.2,31.3377683,121.2228546,6.0,6.85,6.99
5420.2,31.3377583,121.2228033,6.0,6.88,6.99
5425.2,31.3377484,121.2227519,6.1,6.91,6.99
5430.2,31.3377384,121.2227006,6.1,6.94,6.99
5435.2,31.3377285,121.2226492,6.1,6.94,6.91
5440.2,31.3377186,121.2225979,6.2,6.93,6.84
