# silverstone: centreline in race direction, 5 m spacing. Source: TUMFTM racetrack-database (LGPL-3.0) geo-referenced onto OpenStreetMap (ODbL); elevation eudem25m via OpenTopoData
# widths are metres from the centreline to the track edge (TUMFTM only, blank for OSM)
s_m,lat,lon,elev_m,w_right_m,w_left_m
0.0,52.0683722,-1.0233834,140.3,6.56,6.54
5.0,52.0684080,-1.0233390,140.4,6.56,6.54
10.0,52.0684437,-1.0232946,140.4,6.56,6.54
15.0,52.0684795,-1.0232502,140.4,6.56,6.54
20.0,52.0685152,-1.0232058,140.5,6.56,6.54
25.0,52.0685510,-1.0231614,140.5,6.57,6.54
30.0,52.0685868,-1.0231171,140.6,6.57,6.54
35.0,52.0686225,-1.0230727,140.7,6.57,6.54
40.0,52.0686583,-1.0230283,140.7,6.57,6.55
45.0,52.0686941,-1.0229839,140.8,6.58,6.55
50.0,52.0687298,-1.0229395,140.9,6.58,6.55
55.0,52.0687656,-1.0228952,140.9,6.58,6.55
60.0,52.0688014,-1.0228508,141.0,6.58,6.55
65.0,52.0688371,-1.0228064,141.1,6.58,6.55
70.0,52.0688729,-1.0227620,141.2,6.59,6.55
75.0,52.0689086,-1.0227177,141.2,6.59,6.55
80.0,52.0689444,-1.0226733,141.3,6.59,6.55
85.0,52.0689802,-1.0226289,141.4,6.59,6.56
90.0,52.0690160,-1.0225846,141.5,6.59,6.56
95.0,52.0690517,-1.0225402,141.6,6.60,6.56
100.0,52.0690875,-1.0224958,141.7,6.60,6.56
105.0,52.0691233,-1.0224514,141.9,6.60,6.56
110.0,52.0691590,-1.0224071,142.0,6.60,6.56
115.0,52.0691948,-1.0223627,142.1,6.60,6.56
120.0,52.0692306,-1.0223183,142.3,6.61,6.56
125.0,52.0692663,-1.0222740,142.5,6.61,6.56
130.0,52.0693021,-1.0222296,142.6,6.61,6.56
135.0,52.0693379,-1.0221852,142.8,6.61,6.57
140.0,52.0693736,-1.0221409,143.0,6.61,6.57
145.0,52.0694094,-1.0220965,143.2,6.62,6.57
150.0,52.0694452,-1.0220521,143.4,6.62,6.57
155.0,52.0694809,-1.0220078,143.6,6.62,6.57
160.0,52.0695167,-1.0219634,143.8,6.62,6.57
165.1,52.0695525,-1.0219190,144.0,6.63,6.57
170.1,52.0695882,-1.0218746,144.2,6.63,6.57
175.1,52.0696240,-1.0218303,144.4,6.63,6.57
180.1,52.0696598,-1.0217859,144.6,6.63,6.58
185.1,52.0696955,-1.0217415,144.8,6.63,6.58
190.1,52.0697313,-1.0216971,145.0,6.64,6.58
195.1,52.0697671,-1.0216528,145.2,6.64,6.58
200.1,52.0698028,-1.0216084,145.4,6.64,6.58
205.1,52.0698386,-1.0215640,145.6,6.64,6.58
210.1,52.0698744,-1.0215196,145.7,6.64,6.58
215.1,52.0699101,-1.0214753,145.9,6.65,6.58
220.1,52.0699459,-1.0214309,146.0,6.65,6.58
225.1,52.0699816,-1.0213865,146.2,6.65,6.59
230.1,52.0700174,-1.0213421,146.3,6.65,6.59
235.1,52.0700532,-1.0212977,146.4,6.65,6.59
240.1,52.0700889,-1.0212533,146.5,6.66,6.59
245.1,52.0701247,-1.0212089,146.6,6.66,6.59
250.1,52.0701604,-1.0211645,146.7,6.66,6.59
255.1,52.0701962,-1.0211202,146.7,6.66,6.59
260.1,52.0702320,-1.0210758,146.8,6.66,6.59
265.1,52.0702677,-1.0210314,146.8,6.67,6.59
270.1,52.0703035,-1.0209870,146.9,6.67,6.60
275.1,52.0703393,-1.0209427,146.9,6.67,6.60
280.1,52.0703750,-1.0208983,146.9,6.67,6.60
285.1,52.0704108,-1.0208540,146.9,6.68,6.60
290.1,52.0704466,-1.0208097,146.9,6.68,6.60
295.1,52.0704825,-1.0207654,146.9,6.68,6.60
300.1,52.0705183,-1.0207212,146.9,6.68,6.60
305.1,52.0705541,-1.0206770,146.9,6.68,6.60
310.1,52.0705900,-1.0206328,146.9,6.69,6.62
315.1,52.0706259,-1.0205887,146.9,6.70,6.63
320.1,52.0706618,-1.0205447,146.9,6.70,6.65
325.1,52.0706977,-1.0205006,146.9,6.71,6.66
330.1,52.0707337,-1.0204567,147.0,6.72,6.68
335.1,52.0707697,-1.0204128,147.0,6.73,6.69
340.1,52.0708057,-1.0203689,147.1,6.73,6.71
345.1,52.0708417,-1.0203251,147.1,6.74,6.72
350.1,52.0708777,-1.0202813,147.2,6.75,6.74
355.1,52.0709137,-1.0202374,147.2,6.75,6.76
360.1,52.0709496,-1.0201933,147.3,6.76,6.77
365.1,52.0709853,-1.0201488,147.4,6.67,6.77
370.1,52.0710210,-1.0201042,147.5,6.57,6.78
375.1,52.0710568,-1.0200600,147.6,6.48,6.78
380.1,52.0710932,-1.0200169,147.7,6.39,6.78
385.1,52.0711288,-1.0199722,147.8,6.31,6.79
390.1,52.0711611,-1.0199214,147.9,6.48,6.85
395.1,52.0711886,-1.0198634,148.0,6.93,6.88
400.1,52.0712103,-1.0197994,148.1,6.81,7.26
405.1,52.0712267,-1.0197313,148.2,7.19,6.91
410.1,52.0712398,-1.0196613,148.3,7.02,6.71
415.1,52.0712520,-1.0195908,148.3,6.97,6.97
420.1,52.0712633,-1.0195200,148.4,6.97,6.86
425.1,52.0712735,-1.0194488,148.5,6.91,6.89
430.1,52.0712820,-1.0193769,148.6,6.74,7.15
435.1,52.0712883,-1.0193045,148.7,6.70,7.30
440.1,52.0712924,-1.0192316,148.7,6.80,7.22
445.1,52.0712944,-1.0191585,148.8,6.97,7.12
450.1,52.0712948,-1.0190853,148.9,7.28,6.88
455.1,52.0712938,-1.0190122,148.9,7.28,6.96
460.1,52.0712918,-1.0189391,149.0,7.21,7.06
465.1,52.0712891,-1.0188660,149.1,7.24,6.92
470.1,52.0712861,-1.0187930,149.1,7.18,6.89
475.1,52.0712830,-1.0187200,149.2,6.96,7.07
480.1,52.0712802,-1.0186470,149.3,6.89,7.13
485.1,52.0712777,-1.0185739,149.4,6.90,7.12
490.2,52.0712756,-1.0185008,149.4,6.94,7.09
495.2,52.0712737,-1.0184277,149.5,7.03,7.02
500.2,52.0712718,-1.0183546,149.6,7.10,6.96
505.2,52.0712698,-1.0182815,149.7,7.04,6.98
510.2,52.0712677,-1.0182084,149.8,6.87,7.06
515.2,52.0712652,-1.0181353,149.9,6.71,7.14
520.2,52.0712622,-1.0180623,150.0,6.61,7.19
525.2,52.0712586,-1.0179894,150.1,6.65,7.15
530.2,52.0712543,-1.0179165,150.2,6.69,7.12
535.2,52.0712495,-1.0178438,150.3,6.73,7.09
540.2,52.0712443,-1.0177711,150.4,6.77,7.05
545.2,52.0712388,-1.0176985,150.5,6.81,7.02
550.2,52.0712331,-1.0176259,150.6,6.85,6.99
555.2,52.0712274,-1.0175533,150.7,6.89,6.95
560.2,52.0712219,-1.0174807,150.8,6.93,6.92
565.2,52.0712167,-1.0174080,150.9,6.89,6.86
570.2,52.0712119,-1.0173352,150.9,6.83,6.95
575.2,52.0712076,-1.0172624,151.0,6.77,7.17
580.2,52.0712042,-1.0171894,151.1,6.64,7.21
585.2,52.0712020,-1.0171163,151.2,6.78,6.95
590.2,52.0712012,-1.0170432,151.3,6.97,6.79
595.2,52.0712021,-1.0169700,151.4,7.23,6.61
600.2,52.0712049,-1.0168970,151.4,7.12,6.72
605.2,52.0712093,-1.0168242,151.5,6.91,6.96
610.2,52.0712148,-1.0167515,151.6,6.89,7.06
615.2,52.0712211,-1.0166791,151.6,7.00,6.98
620.2,52.0712279,-1.0166068,151.7,6.89,6.93
625.2,52.0712354,-1.0165346,151.8,6.78,6.94
630.2,52.0712440,-1.0164628,151.8,6.80,6.88
635.2,52.0712543,-1.0163916,151.8,7.05,6.70
640.2,52.0712667,-1.0163212,151.9,7.15,6.74
645.2,52.0712814,-1.0162521,151.9,7.05,6.80
650.2,52.0712985,-1.0161844,151.9,6.92,6.97
655.2,52.0713174,-1.0161180,152.0,6.78,7.21
660.2,52.0713379,-1.0160529,152.0,6.98,6.98
665.2,52.0713596,-1.0159888,152.0,7.10,6.87
670.2,52.0713824,-1.0159257,152.0,7.05,6.99
675.2,52.0714062,-1.0158636,152.0,7.05,7.02
680.2,52.0714307,-1.0158023,152.1,7.07,6.99
685.2,52.0714560,-1.0157418,152.1,7.06,7.00
690.2,52.0714820,-1.0156820,152.1,6.97,7.08
695.2,52.0715084,-1.0156228,152.1,6.91,7.13
700.2,52.0715353,-1.0155642,152.2,7.12,6.90
705.2,52.0715626,-1.0155060,152.2,7.33,6.67
710.2,52.0715901,-1.0154481,152.2,7.36,6.68
715.2,52.0716178,-1.0153904,152.3,7.38,6.71
720.2,52.0716456,-1.0153330,152.4,7.40,6.74
725.2,52.0716737,-1.0152757,152.4,7.41,6.77
730.2,52.0717018,-1.0152186,152.5,7.43,6.81
735.2,52.0717301,-1.0151617,152.6,7.44,6.84
740.2,52.0717585,-1.0151049,152.7,7.46,6.87
745.2,52.0717869,-1.0150483,152.7,7.48,6.90
750.2,52.0718154,-1.0149917,152.8,7.49,6.93
755.2,52.0718440,-1.0149352,152.9,7.51,6.96
760.2,52.0718727,-1.0148788,153.1,7.53,7.00
765.2,52.0719013,-1.0148224,153.2,7.54,7.03
770.2,52.0719300,-1.0147660,153.3,7.56,7.06
775.2,52.0719586,-1.0147095,153.4,7.58,7.09
780.2,52.0719872,-1.0146531,153.5,7.59,7.12
785.2,52.0720158,-1.0145966,153.6,7.61,7.16
790.2,52.0720444,-1.0145400,153.7,7.62,7.19
795.2,52.0720728,-1.0144834,153.8,7.64,7.22
800.2,52.0721012,-1.0144266,153.9,7.66,7.25
805.2,52.0721295,-1.0143697,154.0,7.67,7.28
810.2,52.0721577,-1.0143127,154.1,7.69,7.32
815.2,52.0721858,-1.0142556,154.2,7.71,7.35
820.3,52.0722140,-1.0141986,154.3,7.72,7.38
825.3,52.0722423,-1.0141417,154.4,7.74,7.41
830.3,52.0722707,-1.0140849,154.5,7.75,7.44
835.3,52.0722991,-1.0140283,154.6,7.77,7.47
840.3,52.0723278,-1.0139719,154.7,7.79,7.51
845.3,52.0723567,-1.0139158,154.7,7.80,7.54
850.3,52.0723858,-1.0138599,154.8,7.82,7.57
855.3,52.0724146,-1.0138038,154.9,7.84,7.60
860.3,52.0724428,-1.0137467,154.9,7.81,7.65
865.3,52.0724695,-1.0136879,155.0,7.54,7.83
870.3,52.0724942,-1.0136268,155.0,7.73,7.77
875.3,52.0725161,-1.0135629,155.1,7.67,7.83
880.3,52.0725337,-1.0134956,155.1,7.74,7.70
885.3,52.0725449,-1.0134249,155.2,7.60,7.86
890.3,52.0725468,-1.0133520,155.2,7.46,7.92
895.3,52.0725379,-1.0132805,155.2,7.72,7.72
900.3,52.0725198,-1.0132137,155.2,7.71,7.61
905.3,52.0724950,-1.0131528,155.2,7.66,7.67
910.3,52.0724644,-1.0130993,155.2,7.51,7.79
915.3,52.0724286,-1.0130553,155.1,7.60,7.80
920.3,52.0723886,-1.0130219,155.1,7.72,7.83
925.3,52.0723464,-1.0129964,155.1,7.82,7.69
930.3,52.0723036,-1.0129742,155.0,7.75,7.67
935.3,52.0722607,-1.0129523,155.0,7.61,7.72
940.3,52.0722177,-1.0129305,154.9,7.58,7.72
945.3,52.0721748,-1.0129088,154.8,7.59,7.70
950.3,52.0721318,-1.0128872,154.7,7.59,7.68
955.3,52.0720888,-1.0128656,154.6,7.59,7.66
960.3,52.0720458,-1.0128442,154.5,7.60,7.64
965.3,52.0720028,-1.0128228,154.4,7.60,7.62
970.3,52.0719598,-1.0128014,154.3,7.60,7.61
975.3,52.0719167,-1.0127802,154.2,7.60,7.59
980.3,52.0718737,-1.0127590,154.1,7.61,7.57
985.3,52.0718306,-1.0127379,153.9,7.61,7.55
990.3,52.0717875,-1.0127168,153.8,7.61,7.53
995.3,52.0717445,-1.0126956,153.7,7.61,7.51
1000.3,52.0717015,-1.0126742,153.6,7.62,7.49
1005.3,52.0716586,-1.0126523,153.5,7.62,7.47
1010.3,52.0716158,-1.0126298,153.4,7.63,7.45
1015.3,52.0715733,-1.0126055,153.3,7.64,7.37
1020.3,52.0715319,-1.0125770,153.3,7.34,7.11
1025.3,52.0714925,-1.0125419,153.2,6.89,7.12
1030.3,52.0714564,-1.0124986,153.2,6.92,6.70
1035.3,52.0714251,-1.0124464,153.2,6.87,6.86
1040.3,52.0714026,-1.0123836,153.2,7.33,6.83
1045.3,52.0713964,-1.0123119,153.2,7.19,6.91
1050.3,52.0714067,-1.0122412,153.3,7.24,6.68
1055.3,52.0714271,-1.0121761,153.4,6.96,7.20
1060.3,52.0714534,-1.0121168,153.5,7.00,7.43
1065.3,52.0714830,-1.0120619,153.6,7.27,7.19
1070.3,52.0715146,-1.0120098,153.7,7.44,6.92
1075.3,52.0715484,-1.0119616,153.9,7.18,6.95
1080.3,52.0715851,-1.0119195,154.0,7.07,6.95
1085.3,52.0716242,-1.0118833,154.2,7.01,7.07
1090.3,52.0716648,-1.0118517,154.3,7.03,7.20
1095.3,52.0717062,-1.0118232,154.4,7.09,7.14
1100.3,52.0717480,-1.0117962,154.6,7.14,7.00
1105.3,52.0717899,-1.0117696,154.7,7.08,7.03
1110.3,52.0718319,-1.0117433,154.8,7.05,7.05
1115.3,52.0718740,-1.0117176,154.9,7.04,7.03
1120.3,52.0719163,-1.0116926,155.0,7.03,6.87
1125.3,52.0719588,-1.0116686,155.1,7.01,6.74
1130.3,52.0720015,-1.0116456,155.2,6.95,6.76
1135.3,52.0720444,-1.0116237,155.3,6.88,6.82
1140.3,52.0720875,-1.0116029,155.3,6.84,6.88
1145.4,52.0721308,-1.0115832,155.4,6.81,6.94
1150.4,52.0721743,-1.0115645,155.4,6.82,6.96
1155.4,52.0722180,-1.0115470,155.5,6.89,6.91
1160.4,52.0722618,-1.0115305,155.5,6.94,6.86
1165.4,52.0723058,-1.0115152,155.5,6.92,6.81
1170.4,52.0723499,-1.0115011,155.5,6.90,6.77
1175.4,52.0723942,-1.0114881,155.5,6.97,6.74
1180.4,52.0724386,-1.0114763,155.5,7.07,6.73
1185.4,52.0724831,-1.0114656,155.5,7.08,6.73
1190.4,52.0725277,-1.0114560,155.5,7.01,6.74
1195.4,52.0725723,-1.0114476,155.4,6.95,6.76
1200.4,52.0726171,-1.0114402,155.4,6.89,6.77
1205.4,52.0726619,-1.0114340,155.4,6.84,6.77
1210.4,52.0727068,-1.0114288,155.4,6.85,6.72
1215.4,52.0727517,-1.0114247,155.4,6.88,6.70
1220.4,52.0727966,-1.0114220,155.4,6.87,6.76
1225.4,52.0728416,-1.0114214,155.4,6.79,6.77
1230.4,52.0728865,-1.0114239,155.4,6.71,6.70
1235.4,52.0729313,-1.0114300,155.5,6.72,6.57
1240.4,52.0729758,-1.0114409,155.5,6.63,6.67
1245.4,52.0730194,-1.0114586,155.5,6.68,6.68
1250.4,52.0730607,-1.0114870,155.6,6.81,6.55
1255.4,52.0730983,-1.0115268,155.6,7.01,6.48
1260.4,52.0731331,-1.0115732,155.7,6.87,6.81
1265.4,52.0731666,-1.0116220,155.7,6.75,7.04
1270.4,52.0731994,-1.0116721,155.8,6.67,6.94
1275.4,52.0732314,-1.0117234,155.9,6.83,6.67
1280.4,52.0732629,-1.0117757,155.9,6.99,6.50
1285.4,52.0732939,-1.0118288,156.0,7.01,6.53
1290.4,52.0733245,-1.0118824,156.1,7.04,6.57
1295.4,52.0733547,-1.0119365,156.1,7.06,6.60
1300.4,52.0733849,-1.0119909,156.2,7.09,6.63
1305.4,52.0734149,-1.0120453,156.2,7.11,6.67
1310.4,52.0734450,-1.0120998,156.3,7.14,6.70
1315.4,52.0734750,-1.0121542,156.4,7.16,6.73
1320.4,52.0735052,-1.0122085,156.4,7.18,6.76
1325.4,52.0735353,-1.0122628,156.5,7.21,6.80
1330.4,52.0735655,-1.0123171,156.5,7.23,6.83
1335.4,52.0735957,-1.0123713,156.5,7.26,6.86
1340.4,52.0736259,-1.0124255,156.6,7.28,6.90
1345.4,52.0736561,-1.0124797,156.6,7.31,6.93
1350.4,52.0736863,-1.0125339,156.6,7.33,6.96
1355.4,52.0737166,-1.0125881,156.6,7.36,6.99
1360.4,52.0737468,-1.0126424,156.6,7.38,7.03
1365.4,52.0737770,-1.0126966,156.6,7.41,7.06
1370.4,52.0738072,-1.0127508,156.6,7.43,7.09
1375.4,52.0738374,-1.0128050,156.6,7.46,7.13
1380.4,52.0738675,-1.0128593,156.5,7.48,7.16
1385.4,52.0738977,-1.0129135,156.5,7.50,7.19
1390.4,52.0739279,-1.0129678,156.5,7.53,7.22
1395.4,52.0739581,-1.0130221,156.4,7.55,7.26
1400.4,52.0739883,-1.0130763,156.4,7.58,7.29
1405.4,52.0740184,-1.0131306,156.4,7.60,7.32
1410.4,52.0740486,-1.0131849,156.3,7.63,7.36
1415.4,52.0740788,-1.0132392,156.3,7.65,7.39
1420.4,52.0741089,-1.0132934,156.2,7.68,7.42
1425.4,52.0741391,-1.0133477,156.2,7.70,7.45
1430.4,52.0741693,-1.0134020,156.1,7.73,7.49
1435.4,52.0741994,-1.0134563,156.1,7.75,7.52
1440.4,52.0742296,-1.0135106,156.1,7.78,7.55
1445.4,52.0742597,-1.0135649,156.0,7.80,7.59
1450.4,52.0742899,-1.0136192,156.0,7.82,7.62
1455.4,52.0743200,-1.0136735,156.0,7.85,7.65
1460.4,52.0743502,-1.0137278,156.0,7.87,7.68
1465.4,52.0743804,-1.0137821,156.0,7.90,7.72
1470.5,52.0744105,-1.0138364,156.0,7.92,7.75
1475.5,52.0744407,-1.0138907,156.0,7.95,7.78
1480.5,52.0744708,-1.0139449,156.0,7.97,7.82
1485.5,52.0745010,-1.0139992,156.0,8.00,7.85
1490.5,52.0745311,-1.0140535,156.1,8.02,7.88
1495.5,52.0745613,-1.0141078,156.1,8.05,7.91
1500.5,52.0745915,-1.0141621,156.1,8.07,7.95
1505.5,52.0746216,-1.0142164,156.2,8.10,7.98
1510.5,52.0746518,-1.0142707,156.2,8.12,8.01
1515.5,52.0746820,-1.0143249,156.3,8.14,8.05
1520.5,52.0747121,-1.0143792,156.3,8.17,8.08
1525.5,52.0747423,-1.0144335,156.4,8.19,8.11
1530.5,52.0747725,-1.0144877,156.4,8.22,8.14
1535.5,52.0748027,-1.0145420,156.5,8.24,8.18
1540.5,52.0748329,-1.0145962,156.5,8.27,8.21
1545.5,52.0748631,-1.0146504,156.6,8.29,8.24
1550.5,52.0748933,-1.0147047,156.6,8.32,8.28
1555.5,52.0749235,-1.0147589,156.7,8.34,8.31
1560.5,52.0749537,-1.0148131,156.7,8.37,8.34
1565.5,52.0749839,-1.0148674,156.8,8.39,8.37
1570.5,52.0750141,-1.0149216,156.8,8.41,8.41
1575.5,52.0750443,-1.0149758,156.8,8.44,8.44
1580.5,52.0750745,-1.0150300,156.9,8.46,8.47
1585.5,52.0751047,-1.0150842,156.9,8.49,8.51
1590.5,52.0751349,-1.0151384,156.9,8.51,8.54
1595.5,52.0751651,-1.0151927,156.9,8.54,8.57
1600.5,52.0751953,-1.0152469,157.0,8.56,8.60
1605.5,52.0752255,-1.0153011,157.0,8.59,8.64
1610.5,52.0752558,-1.0153553,157.0,8.61,8.67
1615.5,52.0752860,-1.0154095,157.0,8.64,8.70
1620.5,52.0753162,-1.0154637,157.0,8.66,8.74
1625.5,52.0753464,-1.0155180,157.0,8.69,8.77
1630.5,52.0753766,-1.0155722,157.0,8.71,8.80
1635.5,52.0754068,-1.0156264,157.0,8.73,8.83
1640.5,52.0754370,-1.0156806,157.0,8.76,8.87
1645.5,52.0754672,-1.0157349,157.0,8.78,8.90
1650.5,52.0754974,-1.0157891,157.0,8.81,8.93
1655.5,52.0755276,-1.0158434,157.0,8.83,8.97
1660.5,52.0755577,-1.0158976,157.0,8.83,8.96
1665.5,52.0755879,-1.0159519,157.0,8.72,8.83
1670.5,52.0756181,-1.0160061,157.1,8.55,8.62
1675.5,52.0756483,-1.0160604,157.1,8.38,8.41
1680.5,52.0756784,-1.0161147,157.1,8.21,8.20
1685.5,52.0757086,-1.0161690,157.1,8.04,7.99
1690.5,52.0757387,-1.0162233,157.2,7.87,7.78
1695.5,52.0757689,-1.0162776,157.2,7.70,7.57
1700.5,52.0757990,-1.0163319,157.2,7.53,7.36
1705.5,52.0758292,-1.0163862,157.3,7.36,7.15
1710.5,52.0758593,-1.0164406,157.3,7.19,6.95
1715.5,52.0758894,-1.0164949,157.4,7.06,6.80
1720.5,52.0759195,-1.0165493,157.4,7.01,6.79
1725.5,52.0759496,-1.0166037,157.4,6.97,6.79
1730.5,52.0759797,-1.0166581,157.5,6.97,6.78
1735.5,52.0760098,-1.0167125,157.5,6.97,6.78
1740.5,52.0760399,-1.0167669,157.6,6.98,6.78
1745.5,52.0760699,-1.0168213,157.6,6.98,6.78
1750.5,52.0761000,-1.0168758,157.6,6.98,6.77
1755.5,52.0761300,-1.0169302,157.7,6.98,6.77
1760.5,52.0761600,-1.0169847,157.7,6.98,6.77
1765.5,52.0761900,-1.0170392,157.8,6.99,6.77
1770.5,52.0762200,-1.0170937,157.8,6.99,6.77
1775.5,52.0762500,-1.0171483,157.8,6.99,6.76
1780.5,52.0762800,-1.0172028,157.8,6.99,6.76
1785.5,52.0763100,-1.0172574,157.9,7.00,6.76
1790.5,52.0763399,-1.0173120,157.9,7.00,6.76
1795.6,52.0763699,-1.0173666,157.9,7.00,6.75
1800.6,52.0763998,-1.0174213,157.9,7.00,6.75
1805.6,52.0764297,-1.0174759,157.9,7.00,6.75
1810.6,52.0764596,-1.0175306,158.0,7.01,6.75
1815.6,52.0764894,-1.0175853,158.0,7.01,6.74
1820.6,52.0765193,-1.0176401,158.0,7.01,6.74
1825.6,52.0765491,-1.0176948,158.0,7.01,6.74
1830.6,52.0765790,-1.0177495,158.0,7.01,6.74
1835.6,52.0766089,-1.0178042,157.9,7.02,6.74
1840.6,52.0766388,-1.0178588,157.9,7.02,6.73
1845.6,52.0766688,-1.0179134,157.9,7.02,6.73
1850.6,52.0766987,-1.0179680,157.9,7.02,6.73
1855.6,52.0767288,-1.0180224,157.8,7.02,6.73
1860.6,52.0767589,-1.0180768,157.8,7.03,6.72
1865.6,52.0767890,-1.0181311,157.7,7.03,6.72
1870.6,52.0768192,-1.0181854,157.7,7.03,6.72
1875.6,52.0768493,-1.0182398,157.7,7.03,6.72
1880.6,52.0768792,-1.0182944,157.6,7.03,6.71
1885.6,52.0769091,-1.0183492,157.6,7.04,6.71
1890.6,52.0769387,-1.0184042,157.5,7.04,6.71
1895.6,52.0769681,-1.0184597,157.5,7.04,6.71
1900.6,52.0769971,-1.0185155,157.5,7.03,6.70
1905.6,52.0770257,-1.0185719,157.4,6.88,6.77
1910.6,52.0770531,-1.0186300,157.4,6.73,6.89
1915.6,52.0770774,-1.0186915,157.4,6.99,6.66
1920.6,52.0770974,-1.0187569,157.4,6.84,6.85
1925.6,52.0771139,-1.0188250,157.4,6.87,6.84
1930.6,52.0771282,-1.0188943,157.5,6.78,6.83
1935.6,52.0771410,-1.0189644,157.5,6.73,6.71
1940.6,52.0771518,-1.0190355,157.6,6.68,6.57
1945.6,52.0771601,-1.0191074,157.7,6.76,6.66
1950.6,52.0771662,-1.0191798,157.8,6.91,6.88
1955.6,52.0771700,-1.0192527,158.0,6.90,6.91
1960.6,52.0771713,-1.0193259,158.2,6.79,6.84
1965.6,52.0771699,-1.0193990,158.3,6.78,6.73
1970.6,52.0771657,-1.0194718,158.5,6.83,6.58
1975.6,52.0771584,-1.0195439,158.8,6.83,6.55
1980.6,52.0771477,-1.0196150,159.0,6.67,6.69
1985.6,52.0771332,-1.0196842,159.3,6.49,6.77
1990.6,52.0771145,-1.0197506,159.6,6.44,6.60
1995.6,52.0770912,-1.0198130,159.9,6.67,6.24
2000.6,52.0770632,-1.0198702,160.2,6.62,6.31
2005.6,52.0770311,-1.0199212,160.5,6.53,6.60
2010.6,52.0769954,-1.0199657,160.8,6.51,6.65
2015.6,52.0769568,-1.0200029,161.1,6.49,6.69
2020.6,52.0769157,-1.0200323,161.5,6.65,6.53
2025.6,52.0768728,-1.0200539,161.8,6.88,6.49
2030.6,52.0768288,-1.0200692,162.1,6.92,6.58
2035.6,52.0767843,-1.0200800,162.4,6.90,6.65
2040.6,52.0767396,-1.0200881,162.7,6.90,6.67
2045.6,52.0766948,-1.0200950,163.0,6.89,6.68
2050.6,52.0766500,-1.0201014,163.3,6.89,6.69
2055.6,52.0766052,-1.0201075,163.5,6.88,6.71
2060.6,52.0765604,-1.0201136,163.8,6.87,6.72
2065.6,52.0765156,-1.0201196,164.0,6.87,6.73
2070.6,52.0764707,-1.0201259,164.2,6.86,6.74
2075.6,52.0764260,-1.0201326,164.4,6.86,6.76
2080.6,52.0763812,-1.0201399,164.6,6.85,6.77
2085.6,52.0763365,-1.0201480,164.7,6.86,6.80
2090.6,52.0762919,-1.0201570,164.8,6.88,6.87
2095.6,52.0762473,-1.0201675,164.9,6.80,6.92
2100.6,52.0762031,-1.0201802,165.0,6.64,6.94
2105.6,52.0761591,-1.0201960,165.1,6.52,6.93
2110.6,52.0761158,-1.0202156,165.1,6.50,6.86
2115.6,52.0760734,-1.0202398,165.2,6.56,6.83
2120.7,52.0760323,-1.0202694,165.2,6.58,6.79
2125.7,52.0759931,-1.0203051,165.2,6.76,6.55
2130.7,52.0759564,-1.0203471,165.2,6.82,6.61
2135.7,52.0759225,-1.0203952,165.2,6.98,6.52
2140.7,52.0758916,-1.0204482,165.1,6.77,6.71
2145.7,52.0758631,-1.0205048,165.1,6.53,7.02
2150.7,52.0758370,-1.0205644,165.0,6.69,6.99
2155.7,52.0758142,-1.0206274,165.0,6.71,6.96
2160.7,52.0757954,-1.0206937,164.9,6.85,6.75
2165.7,52.0757809,-1.0207629,164.8,6.82,6.75
2170.7,52.0757706,-1.0208340,164.7,6.79,6.80
2175.7,52.0757649,-1.0209065,164.6,6.94,6.79
2180.7,52.0757642,-1.0209796,164.5,6.92,7.01
2185.7,52.0757690,-1.0210522,164.4,6.62,7.18
2190.7,52.0757790,-1.0211234,164.3,6.66,6.92
2195.7,52.0757936,-1.0211925,164.2,7.04,6.68
2200.7,52.0758120,-1.0212592,164.1,7.28,6.68
2205.7,52.0758338,-1.0213232,164.0,6.98,6.86
2210.7,52.0758586,-1.0213842,163.9,6.71,6.98
2215.7,52.0758866,-1.0214414,163.8,6.54,7.22
2220.7,52.0759175,-1.0214944,163.6,6.77,6.96
2225.7,52.0759513,-1.0215426,163.5,6.92,6.75
2230.7,52.0759876,-1.0215858,163.4,6.75,6.80
2235.7,52.0760259,-1.0216238,163.2,6.70,6.74
2240.7,52.0760661,-1.0216565,163.1,6.62,6.75
2245.7,52.0761079,-1.0216837,163.0,6.79,6.52
2250.7,52.0761508,-1.0217053,162.8,6.82,6.48
2255.7,52.0761947,-1.0217208,162.7,6.75,6.56
2260.7,52.0762393,-1.0217300,162.6,6.78,6.54
2265.7,52.0762842,-1.0217323,162.4,6.69,6.60
2270.7,52.0763290,-1.0217275,162.3,6.63,6.71
2275.7,52.0763734,-1.0217155,162.2,6.61,6.98
2280.7,52.0764169,-1.0216972,162.0,6.54,7.08
2285.7,52.0764595,-1.0216740,161.9,6.59,7.01
2290.7,52.0765013,-1.0216471,161.8,6.67,6.94
2295.7,52.0765425,-1.0216177,161.7,6.89,6.80
2300.7,52.0765832,-1.0215866,161.6,7.05,6.73
2305.7,52.0766236,-1.0215545,161.4,7.05,6.65
2310.7,52.0766638,-1.0215216,161.3,6.96,6.65
2315.7,52.0767039,-1.0214885,161.2,6.87,6.65
2320.7,52.0767441,-1.0214555,161.0,6.83,6.63
2325.7,52.0767843,-1.0214227,160.9,6.81,6.61
2330.7,52.0768245,-1.0213900,160.7,6.78,6.58
2335.7,52.0768648,-1.0213576,160.6,6.76,6.55
2340.7,52.0769052,-1.0213253,160.4,6.73,6.53
2345.7,52.0769456,-1.0212931,160.2,6.71,6.50
2350.7,52.0769860,-1.0212611,160.0,6.68,6.47
2355.7,52.0770265,-1.0212291,159.8,6.66,6.45
2360.7,52.0770670,-1.0211972,159.6,6.63,6.42
2365.7,52.0771075,-1.0211653,159.4,6.61,6.39
2370.7,52.0771480,-1.0211335,159.2,6.59,6.37
2375.7,52.0771885,-1.0211017,158.9,6.56,6.34
2380.7,52.0772290,-1.0210698,158.7,6.54,6.31
2385.7,52.0772695,-1.0210379,158.4,6.51,6.29
2390.7,52.0773099,-1.0210060,158.2,6.49,6.26
2395.7,52.0773504,-1.0209739,157.9,6.46,6.23
2400.7,52.0773907,-1.0209417,157.6,6.44,6.21
2405.7,52.0774311,-1.0209093,157.3,6.36,6.21
2410.7,52.0774714,-1.0208768,157.1,6.21,6.28
2415.7,52.0775116,-1.0208439,156.8,6.04,6.36
2420.7,52.0775516,-1.0208105,156.5,5.97,6.44
2425.7,52.0775913,-1.0207762,156.2,6.10,6.50
2430.7,52.0776307,-1.0207408,155.9,6.31,6.56
2435.7,52.0776696,-1.0207040,155.6,6.43,6.68
2440.7,52.0777078,-1.0206657,155.3,6.45,6.86
2445.7,52.0777454,-1.0206254,155.0,6.52,6.92
2450.8,52.0777821,-1.0205831,154.8,6.87,6.65
2455.8,52.0778178,-1.0205386,154.5,7.15,6.41
2460.8,52.0778524,-1.0204919,154.2,7.00,6.49
2465.8,52.0778862,-1.0204436,154.0,6.76,6.53
2470.8,52.0779193,-1.0203941,153.8,6.58,6.65
2475.8,52.0779520,-1.0203439,153.5,6.56,6.91
2480.8,52.0779846,-1.0202934,153.3,6.64,7.08
2485.8,52.0780171,-1.0202428,153.1,6.79,7.10
2490.8,52.0780493,-1.0201917,153.0,6.94,7.12
2495.8,52.0780811,-1.0201399,152.8,7.04,7.12
2500.8,52.0781122,-1.0200871,152.7,7.09,7.10
2505.8,52.0781426,-1.0200331,152.5,7.13,7.07
2510.8,52.0781725,-1.0199785,152.4,7.14,7.06
2515.8,52.0782022,-1.0199236,152.4,7.10,7.06
2520.8,52.0782322,-1.0198691,152.3,7.05,7.07
2525.8,52.0782628,-1.0198154,152.2,6.99,7.08
2530.8,52.0782937,-1.0197623,152.2,7.04,6.97
2535.8,52.0783243,-1.0197086,152.2,7.18,6.77
2540.8,52.0783535,-1.0196529,152.2,7.01,6.89
2545.8,52.0783800,-1.0195939,152.2,6.64,7.23
2550.8,52.0784031,-1.0195312,152.3,6.77,7.17
2555.8,52.0784233,-1.0194659,152.3,7.09,6.98
2560.8,52.0784422,-1.0193995,152.4,7.11,7.02
2565.8,52.0784604,-1.0193326,152.4,7.10,7.01
2570.8,52.0784779,-1.0192652,152.5,7.05,7.02
2575.8,52.0784946,-1.0191972,152.6,6.92,7.13
2580.8,52.0785103,-1.0191286,152.7,7.00,7.10
2585.8,52.0785248,-1.0190594,152.8,7.15,7.02
2590.8,52.0785382,-1.0189895,152.9,6.94,7.23
2595.8,52.0785502,-1.0189190,153.0,6.83,7.36
2600.8,52.0785609,-1.0188480,153.2,7.05,7.23
2605.8,52.0785705,-1.0187765,153.3,7.16,7.17
2610.8,52.0785791,-1.0187047,153.4,7.14,7.18
2615.8,52.0785867,-1.0186326,153.5,7.12,7.20
2620.8,52.0785937,-1.0185603,153.6,7.10,7.22
2625.8,52.0786001,-1.0184878,153.8,7.10,7.24
2630.8,52.0786060,-1.0184153,153.9,7.11,7.25
2635.8,52.0786117,-1.0183427,154.0,7.11,7.27
2640.8,52.0786172,-1.0182701,154.1,7.09,7.25
2645.8,52.0786226,-1.0181974,154.2,7.03,7.20
2650.8,52.0786280,-1.0181248,154.3,6.96,7.14
2655.8,52.0786333,-1.0180521,154.4,6.90,7.09
2660.8,52.0786386,-1.0179795,154.5,6.84,7.04
2665.8,52.0786438,-1.0179068,154.6,6.78,6.99
2670.8,52.0786490,-1.0178341,154.7,6.72,6.94
2675.8,52.0786541,-1.0177614,154.8,6.66,6.89
2680.8,52.0786591,-1.0176887,154.9,6.59,6.83
2685.8,52.0786641,-1.0176159,155.0,6.53,6.78
2690.8,52.0786691,-1.0175432,155.1,6.47,6.73
2695.8,52.0786740,-1.0174705,155.1,6.41,6.68
2700.8,52.0786789,-1.0173977,155.2,6.35,6.63
2705.8,52.0786838,-1.0173250,155.3,6.28,6.58
2710.8,52.0786885,-1.0172522,155.3,6.22,6.53
2715.8,52.0786933,-1.0171795,155.4,6.18,6.49
2720.8,52.0786980,-1.0171067,155.4,6.16,6.47
2725.8,52.0787027,-1.0170339,155.5,6.13,6.45
2730.8,52.0787073,-1.0169611,155.5,6.11,6.43
2735.8,52.0787120,-1.0168883,155.5,6.08,6.41
2740.8,52.0787165,-1.0168155,155.6,6.06,6.39
2745.8,52.0787211,-1.0167427,155.6,6.03,6.37
2750.8,52.0787256,-1.0166699,155.6,6.01,6.35
2755.8,52.0787301,-1.0165971,155.6,5.98,6.33
2760.8,52.0787345,-1.0165243,155.6,5.96,6.30
2765.8,52.0787390,-1.0164515,155.6,5.93,6.28
2770.8,52.0787434,-1.0163787,155.7,5.91,6.26
2775.9,52.0787478,-1.0163058,155.7,5.88,6.24
2780.9,52.0787521,-1.0162330,155.7,5.85,6.22
2785.9,52.0787565,-1.0161602,155.7,5.83,6.20
2790.9,52.0787608,-1.0160873,155.7,5.80,6.18
2795.9,52.0787651,-1.0160145,155.7,5.78,6.16
2800.9,52.0787694,-1.0159417,155.7,5.75,6.14
2805.9,52.0787737,-1.0158688,155.7,5.73,6.12
2810.9,52.0787780,-1.0157960,155.8,5.70,6.09
2815.9,52.0787822,-1.0157231,155.8,5.68,6.07
2820.9,52.0787865,-1.0156503,155.8,5.65,6.05
2825.9,52.0787907,-1.0155774,155.8,5.63,6.03
2830.9,52.0787950,-1.0155046,155.8,5.60,6.01
2835.9,52.0787992,-1.0154317,155.8,5.58,5.99
2840.9,52.0788034,-1.0153589,155.9,5.55,5.97
2845.9,52.0788075,-1.0152860,155.9,5.52,5.95
2850.9,52.0788117,-1.0152132,155.9,5.50,5.93
2855.9,52.0788158,-1.0151403,155.9,5.47,5.90
2860.9,52.0788199,-1.0150674,156.0,5.45,5.88
2865.9,52.0788240,-1.0149945,156.0,5.43,5.86
2870.9,52.0788280,-1.0149217,156.0,5.42,5.85
2875.9,52.0788320,-1.0148488,156.0,5.44,5.85
2880.9,52.0788359,-1.0147759,156.0,5.46,5.84
2885.9,52.0788398,-1.0147030,156.0,5.48,5.84
2890.9,52.0788436,-1.0146301,156.1,5.50,5.84
2895.9,52.0788474,-1.0145571,156.1,5.52,5.83
2900.9,52.0788511,-1.0144842,156.1,5.54,5.83
2905.9,52.0788548,-1.0144113,156.1,5.56,5.83
2910.9,52.0788583,-1.0143383,156.1,5.58,5.82
2915.9,52.0788618,-1.0142654,156.1,5.60,5.82
2920.9,52.0788653,-1.0141924,156.1,5.62,5.82
2925.9,52.0788686,-1.0141195,156.1,5.64,5.81
2930.9,52.0788719,-1.0140465,156.1,5.66,5.81
2935.9,52.0788752,-1.0139735,156.1,5.68,5.80
2940.9,52.0788784,-1.0139005,156.1,5.70,5.80
2945.9,52.0788817,-1.0138275,156.1,5.72,5.80
2950.9,52.0788849,-1.0137545,156.0,5.74,5.79
2955.9,52.0788881,-1.0136815,156.0,5.75,5.79
2960.9,52.0788913,-1.0136086,156.0,5.77,5.79
2965.9,52.0788946,-1.0135356,156.0,5.79,5.78
2970.9,52.0788979,-1.0134626,156.0,5.81,5.78
2975.9,52.0789013,-1.0133896,155.9,5.83,5.78
2980.9,52.0789047,-1.0133167,155.9,5.85,5.77
2985.9,52.0789082,-1.0132437,155.9,5.87,5.77
2990.9,52.0789118,-1.0131708,155.9,5.89,5.77
2995.9,52.0789155,-1.0130978,155.8,5.91,5.76
3000.9,52.0789193,-1.0130249,155.8,5.93,5.76
3005.9,52.0789232,-1.0129520,155.8,5.95,5.75
3010.9,52.0789272,-1.0128791,155.8,5.95,5.83
3015.9,52.0789309,-1.0128062,155.7,5.92,6.02
3020.9,52.0789336,-1.0127332,155.7,5.88,6.27
3025.9,52.0789346,-1.0126600,155.7,5.84,6.51
3030.9,52.0789330,-1.0125870,155.7,5.88,6.69
3035.9,52.0789284,-1.0125142,155.7,6.06,6.75
3040.9,52.0789209,-1.0124421,155.7,6.28,6.76
3045.9,52.0789111,-1.0123707,155.7,6.57,6.75
3050.9,52.0788997,-1.0122999,155.7,6.97,6.69
3055.9,52.0788873,-1.0122295,155.7,7.13,6.86
3060.9,52.0788743,-1.0121595,155.7,7.01,7.14
3065.9,52.0788604,-1.0120899,155.7,6.88,7.27
3070.9,52.0788456,-1.0120208,155.7,6.81,7.33
3075.9,52.0788296,-1.0119524,155.7,6.97,7.22
3080.9,52.0788125,-1.0118848,155.7,7.26,7.01
3085.9,52.0787939,-1.0118181,155.7,7.27,7.02
3090.9,52.0787740,-1.0117526,155.8,7.03,7.24
3095.9,52.0787526,-1.0116882,155.8,6.85,7.41
3101.0,52.0787297,-1.0116252,155.8,6.88,7.35
3106.0,52.0787053,-1.0115638,155.8,7.08,7.14
3111.0,52.0786793,-1.0115041,155.9,7.14,7.09
3116.0,52.0786518,-1.0114463,155.9,7.07,7.20
3121.0,52.0786227,-1.0113904,155.9,6.97,7.24
3126.0,52.0785921,-1.0113369,155.9,6.93,7.12
3131.0,52.0785594,-1.0112866,155.9,6.99,6.87
3136.0,52.0785239,-1.0112419,156.0,6.76,6.72
3141.0,52.0784855,-1.0112041,156.0,6.55,7.00
3146.0,52.0784452,-1.0111717,156.0,6.60,7.22
3151.0,52.0784041,-1.0111419,156.0,6.67,7.17
3156.0,52.0783626,-1.0111137,156.0,6.75,7.11
3161.0,52.0783208,-1.0110868,156.0,6.82,7.06
3166.0,52.0782787,-1.0110611,156.1,6.87,7.01
3171.0,52.0782363,-1.0110365,156.1,6.89,6.99
3176.0,52.0781938,-1.0110128,156.1,6.89,6.97
3181.0,52.0781510,-1.0109898,156.0,6.92,6.96
3186.0,52.0781082,-1.0109675,156.0,6.98,6.94
3191.0,52.0780653,-1.0109456,156.0,7.02,6.94
3196.0,52.0780223,-1.0109240,156.0,7.04,6.96
3201.0,52.0779793,-1.0109026,156.0,7.05,6.99
3206.0,52.0779362,-1.0108816,156.0,7.02,7.02
3211.0,52.0778931,-1.0108608,156.0,6.96,7.03
3216.0,52.0778499,-1.0108403,155.9,6.90,7.05
3221.0,52.0778067,-1.0108200,155.9,6.84,7.07
3226.0,52.0777634,-1.0108001,155.9,6.80,7.09
3231.0,52.0777201,-1.0107805,155.8,6.83,7.12
3236.0,52.0776767,-1.0107612,155.8,6.91,7.15
3241.0,52.0776332,-1.0107422,155.8,6.98,7.18
3246.0,52.0775898,-1.0107236,155.8,7.06,7.21
3251.0,52.0775462,-1.0107053,155.8,7.12,7.23
3256.0,52.0775026,-1.0106874,155.7,7.11,7.19
3261.0,52.0774589,-1.0106698,155.7,7.07,7.11
3266.0,52.0774152,-1.0106525,155.7,7.02,7.03
3271.0,52.0773714,-1.0106357,155.7,6.97,6.95
3276.0,52.0773276,-1.0106192,155.7,6.92,6.87
3281.0,52.0772837,-1.0106032,155.7,6.88,6.79
3286.0,52.0772398,-1.0105875,155.7,6.84,6.78
3291.0,52.0771958,-1.0105722,155.7,6.82,6.83
3296.0,52.0771518,-1.0105574,155.7,6.79,6.87
3301.0,52.0771077,-1.0105429,155.7,6.76,6.92
3306.0,52.0770635,-1.0105289,155.8,6.73,6.99
3311.0,52.0770193,-1.0105153,155.8,6.70,7.06
3316.0,52.0769751,-1.0105020,155.8,6.67,7.13
3321.0,52.0769308,-1.0104892,155.8,6.63,7.20
3326.0,52.0768865,-1.0104769,155.9,6.65,7.19
3331.0,52.0768421,-1.0104649,155.9,6.71,7.09
3336.0,52.0767977,-1.0104533,155.9,6.78,6.99
3341.0,52.0767532,-1.0104422,156.0,6.85,6.88
3346.0,52.0767087,-1.0104315,156.0,6.92,6.78
3351.0,52.0766642,-1.0104212,156.0,6.95,6.74
3356.0,52.0766196,-1.0104113,156.0,6.96,6.74
3361.0,52.0765750,-1.0104019,156.0,6.96,6.75
3366.0,52.0765304,-1.0103928,156.0,6.96,6.76
3371.0,52.0764857,-1.0103843,156.0,6.97,6.77
3376.0,52.0764410,-1.0103761,156.0,6.96,6.78
3381.0,52.0763963,-1.0103684,156.0,6.94,6.82
3386.0,52.0763515,-1.0103611,156.0,6.91,6.87
3391.0,52.0763068,-1.0103542,156.0,6.88,6.92
3396.0,52.0762620,-1.0103477,156.0,6.86,6.98
3401.0,52.0762172,-1.0103415,155.9,6.83,7.04
3406.0,52.0761723,-1.0103357,155.9,6.80,7.10
3411.0,52.0761275,-1.0103302,155.9,6.78,7.15
3416.0,52.0760826,-1.0103249,155.8,6.79,7.18
3421.0,52.0760377,-1.0103200,155.8,6.82,7.19
3426.1,52.0759928,-1.0103153,155.7,6.85,7.20
3431.1,52.0759479,-1.0103108,155.7,6.89,7.20
3436.1,52.0759030,-1.0103065,155.7,6.92,7.21
3441.1,52.0758581,-1.0103025,155.6,6.94,7.19
3446.1,52.0758132,-1.0102985,155.6,6.92,7.12
3451.1,52.0757683,-1.0102948,155.6,6.89,7.02
3456.1,52.0757234,-1.0102912,155.6,6.87,6.92
3461.1,52.0756784,-1.0102876,155.6,6.84,6.83
3466.1,52.0756335,-1.0102842,155.5,6.81,6.73
3471.1,52.0755886,-1.0102808,155.5,6.79,6.67
3476.1,52.0755436,-1.0102775,155.5,6.78,6.65
3481.1,52.0754987,-1.0102742,155.5,6.78,6.67
3486.1,52.0754538,-1.0102710,155.6,6.77,6.68
3491.1,52.0754088,-1.0102678,155.6,6.77,6.69
3496.1,52.0753639,-1.0102646,155.6,6.76,6.71
3501.1,52.0753190,-1.0102615,155.6,6.76,6.72
3506.1,52.0752740,-1.0102584,155.6,6.76,6.73
3511.1,52.0752291,-1.0102554,155.7,6.75,6.75
3516.1,52.0751841,-1.0102524,155.7,6.75,6.76
3521.1,52.0751392,-1.0102493,155.8,6.75,6.77
3526.1,52.0750943,-1.0102463,155.8,6.74,6.78
3531.1,52.0750493,-1.0102434,155.8,6.74,6.80
3536.1,52.0750044,-1.0102404,155.9,6.74,6.81
3541.1,52.0749594,-1.0102374,155.9,6.73,6.82
3546.1,52.0749145,-1.0102344,156.0,6.73,6.84
3551.1,52.0748695,-1.0102315,156.0,6.72,6.85
3556.1,52.0748246,-1.0102285,156.0,6.72,6.86
3561.1,52.0747797,-1.0102255,156.1,6.72,6.88
3566.1,52.0747347,-1.0102224,156.1,6.72,6.89
3571.1,52.0746898,-1.0102189,156.1,6.74,6.90
3576.1,52.0746449,-1.0102148,156.1,6.75,6.91
3581.1,52.0746000,-1.0102099,156.1,6.76,6.88
3586.1,52.0745552,-1.0102037,156.1,6.75,6.83
3591.1,52.0745104,-1.0101961,156.1,6.79,6.72
3596.1,52.0744658,-1.0101869,156.1,6.90,6.53
3601.1,52.0744214,-1.0101756,156.1,7.04,6.34
3606.1,52.0743772,-1.0101620,156.1,7.03,6.38
3611.1,52.0743333,-1.0101461,156.1,6.95,6.57
3616.1,52.0742898,-1.0101278,156.1,6.82,6.73
3621.1,52.0742466,-1.0101073,156.0,6.67,6.87
3626.1,52.0742038,-1.0100847,156.0,6.66,6.90
3631.1,52.0741615,-1.0100601,155.9,6.83,6.78
3636.1,52.0741195,-1.0100337,155.9,6.93,6.74
3641.1,52.0740780,-1.0100056,155.8,6.89,6.83
3646.1,52.0740369,-1.0099759,155.8,6.98,6.80
3651.1,52.0739962,-1.0099446,155.7,6.96,6.79
3656.1,52.0739560,-1.0099120,155.7,6.73,6.91
3661.1,52.0739162,-1.0098778,155.6,6.73,6.95
3666.1,52.0738769,-1.0098421,155.5,6.88,6.86
3671.1,52.0738382,-1.0098048,155.5,6.97,6.78
3676.1,52.0738002,-1.0097658,155.4,7.02,6.80
3681.1,52.0737626,-1.0097255,155.4,7.04,6.92
3686.1,52.0737251,-1.0096851,155.3,7.01,7.12
3691.1,52.0736871,-1.0096461,155.3,6.93,7.24
3696.1,52.0736479,-1.0096103,155.2,6.82,7.19
3701.1,52.0736072,-1.0095791,155.2,6.94,6.97
3706.1,52.0735652,-1.0095534,155.1,7.07,6.89
3711.1,52.0735219,-1.0095335,155.1,7.00,6.96
3716.1,52.0734778,-1.0095198,155.1,6.87,7.00
3721.1,52.0734331,-1.0095126,155.0,6.85,7.04
3726.1,52.0733881,-1.0095122,155.0,6.84,7.03
3731.1,52.0733433,-1.0095180,154.9,6.81,7.04
3736.1,52.0732989,-1.0095293,154.9,6.87,6.83
3741.1,52.0732550,-1.0095452,154.9,6.82,6.83
3746.1,52.0732117,-1.0095650,154.8,6.83,6.98
3751.1,52.0731690,-1.0095877,154.8,6.98,6.98
3756.2,52.0731266,-1.0096123,154.7,7.12,6.93
3761.2,52.0730845,-1.0096378,154.7,7.16,6.92
3766.2,52.0730423,-1.0096633,154.6,7.14,6.93
3771.2,52.0729999,-1.0096879,154.6,7.13,6.93
3776.2,52.0729574,-1.0097115,154.5,7.12,6.94
3781.2,52.0729147,-1.0097348,154.5,7.10,6.95
3786.2,52.0728721,-1.0097583,154.4,7.09,6.96
3791.2,52.0728297,-1.0097825,154.4,7.08,6.97
3796.2,52.0727874,-1.0098076,154.3,7.03,7.02
3801.2,52.0727453,-1.0098333,154.3,6.93,7.11
3806.2,52.0727032,-1.0098590,154.2,6.84,7.20
3811.2,52.0726610,-1.0098843,154.2,7.01,7.09
3816.2,52.0726186,-1.0099087,154.2,7.14,6.98
3821.2,52.0725759,-1.0099317,154.1,7.16,6.96
3826.2,52.0725329,-1.0099534,154.1,7.15,6.94
3831.2,52.0724897,-1.0099736,154.1,7.15,6.95
3836.2,52.0724462,-1.0099923,154.0,7.22,7.02
3841.2,52.0724025,-1.0100094,154.0,7.31,7.12
3846.2,52.0723585,-1.0100245,154.0,7.30,7.16
3851.2,52.0723142,-1.0100376,153.9,7.21,7.15
3856.2,52.0722698,-1.0100483,153.9,7.15,7.12
3861.2,52.0722251,-1.0100563,153.8,7.10,7.06
3866.2,52.0721802,-1.0100613,153.8,7.08,7.00
3871.2,52.0721352,-1.0100629,153.8,7.14,7.01
3876.2,52.0720903,-1.0100610,153.7,7.23,7.04
3881.2,52.0720455,-1.0100550,153.7,7.35,7.01
3886.2,52.0720009,-1.0100448,153.6,7.47,6.93
3891.2,52.0719569,-1.0100305,153.5,7.56,6.87
3896.2,52.0719133,-1.0100121,153.5,7.51,6.90
3901.2,52.0718705,-1.0099899,153.4,7.39,6.99
3906.2,52.0718284,-1.0099641,153.3,7.32,7.08
3911.2,52.0717873,-1.0099346,153.3,7.28,7.19
3916.2,52.0717471,-1.0099018,153.2,7.25,7.30
3921.2,52.0717079,-1.0098658,153.1,7.20,7.28
3926.2,52.0716700,-1.0098265,153.0,7.14,7.18
3931.2,52.0716332,-1.0097844,153.0,7.14,7.07
3936.2,52.0715976,-1.0097398,152.9,7.27,6.95
3941.2,52.0715627,-1.0096937,152.8,7.43,6.84
3946.2,52.0715282,-1.0096467,152.8,7.31,6.90
3951.2,52.0714938,-1.0095995,152.7,7.03,7.05
3956.2,52.0714591,-1.0095529,152.7,6.87,7.10
3961.2,52.0714238,-1.0095077,152.6,6.90,6.97
3966.2,52.0713874,-1.0094646,152.6,6.95,6.85
3971.2,52.0713498,-1.0094245,152.6,7.07,6.60
3976.2,52.0713107,-1.0093883,152.6,6.74,6.85
3981.2,52.0712703,-1.0093564,152.6,6.53,7.08
3986.2,52.0712286,-1.0093290,152.6,6.52,7.08
3991.2,52.0711859,-1.0093062,152.6,6.59,7.00
3996.2,52.0711424,-1.0092880,152.6,6.78,6.86
4001.2,52.0710982,-1.0092746,152.6,6.93,6.69
4006.2,52.0710535,-1.0092661,152.7,6.90,6.77
4011.2,52.0710086,-1.0092628,152.8,6.93,6.91
4016.2,52.0709637,-1.0092647,152.8,6.92,6.69
4021.2,52.0709189,-1.0092721,152.9,6.85,6.68
4026.2,52.0708747,-1.0092850,153.0,6.81,6.80
4031.2,52.0708311,-1.0093031,153.0,6.73,6.91
4036.2,52.0707885,-1.0093263,153.1,6.56,7.18
4041.2,52.0707469,-1.0093541,153.2,6.59,7.26
4046.2,52.0707066,-1.0093864,153.3,6.75,7.18
4051.2,52.0706676,-1.0094229,153.4,6.83,7.08
4056.2,52.0706302,-1.0094634,153.4,6.92,6.93
4061.2,52.0705944,-1.0095076,153.5,7.01,6.81
4066.2,52.0705603,-1.0095554,153.5,6.87,7.00
4071.2,52.0705281,-1.0096063,153.5,6.88,6.95
4076.2,52.0704975,-1.0096600,153.5,7.05,6.71
4081.3,52.0704684,-1.0097158,153.5,7.21,6.55
4086.3,52.0704406,-1.0097732,153.5,7.02,6.96
4091.3,52.0704137,-1.0098320,153.4,6.82,7.32
4096.3,52.0703877,-1.0098916,153.4,7.01,7.25
4101.3,52.0703624,-1.0099521,153.3,6.96,7.38
4106.3,52.0703377,-1.0100133,153.2,6.88,7.46
4111.3,52.0703136,-1.0100751,153.1,7.05,7.26
4116.3,52.0702900,-1.0101374,153.0,7.30,6.98
4121.3,52.0702668,-1.0102001,152.8,7.42,6.84
4126.3,52.0702441,-1.0102633,152.6,7.32,6.96
4131.3,52.0702219,-1.0103268,152.5,7.13,7.18
4136.3,52.0702000,-1.0103908,152.3,6.96,7.36
4141.3,52.0701785,-1.0104551,152.1,6.89,7.37
4146.3,52.0701570,-1.0105193,151.9,6.86,7.30
4151.3,52.0701351,-1.0105833,151.7,7.04,7.11
4156.3,52.0701125,-1.0106466,151.5,7.42,6.78
4161.3,52.0700889,-1.0107088,151.3,7.24,6.87
4166.3,52.0700637,-1.0107694,151.1,7.20,6.91
4171.3,52.0700367,-1.0108280,151.0,7.09,7.08
4176.3,52.0700091,-1.0108857,150.8,6.79,7.35
4181.3,52.0699813,-1.0109432,150.6,6.87,7.30
4186.3,52.0699518,-1.0109984,150.5,7.27,7.03
4191.3,52.0699202,-1.0110505,150.3,7.55,6.82
4196.3,52.0698867,-1.0110993,150.2,7.48,6.89
4201.3,52.0698515,-1.0111448,150.0,7.26,7.09
4206.3,52.0698148,-1.0111871,149.9,7.13,7.14
4211.3,52.0697770,-1.0112266,149.8,7.07,7.09
4216.3,52.0697383,-1.0112639,149.7,7.00,7.02
4221.3,52.0696991,-1.0112997,149.6,6.82,6.88
4226.3,52.0696596,-1.0113347,149.5,6.66,6.73
4231.3,52.0696200,-1.0113694,149.5,6.64,6.59
4236.3,52.0695804,-1.0114041,149.4,6.65,6.53
4241.3,52.0695408,-1.0114388,149.3,6.65,6.53
4246.3,52.0695012,-1.0114735,149.3,6.66,6.53
4251.3,52.0694616,-1.0115083,149.2,6.66,6.53
4256.3,52.0694220,-1.0115431,149.2,6.66,6.54
4261.3,52.0693825,-1.0115780,149.1,6.66,6.54
4266.3,52.0693430,-1.0116129,149.0,6.66,6.54
4271.3,52.0693034,-1.0116478,149.0,6.66,6.54
4276.3,52.0692639,-1.0116827,148.9,6.66,6.55
4281.3,52.0692244,-1.0117176,148.9,6.67,6.55
4286.3,52.0691848,-1.0117525,148.8,6.67,6.55
4291.3,52.0691453,-1.0117874,148.7,6.67,6.56
4296.3,52.0691057,-1.0118223,148.7,6.67,6.56
4301.3,52.0690662,-1.0118571,148.6,6.67,6.56
4306.3,52.0690266,-1.0118919,148.5,6.67,6.57
4311.3,52.0689870,-1.0119267,148.4,6.67,6.57
4316.3,52.0689475,-1.0119614,148.3,6.67,6.57
4321.3,52.0689079,-1.0119962,148.1,6.68,6.57
4326.3,52.0688683,-1.0120309,148.0,6.68,6.58
4331.3,52.0688287,-1.0120655,147.8,6.68,6.58
4336.3,52.0687890,-1.0121002,147.6,6.68,6.58
4341.3,52.0687494,-1.0121348,147.4,6.68,6.59
4346.3,52.0687098,-1.0121695,147.2,6.68,6.59
4351.3,52.0686702,-1.0122041,147.0,6.68,6.59
4356.3,52.0686305,-1.0122386,146.8,6.69,6.59
4361.3,52.0685909,-1.0122732,146.5,6.69,6.60
4366.3,52.0685512,-1.0123078,146.2,6.69,6.60
4371.3,52.0685116,-1.0123423,145.9,6.69,6.60
4376.3,52.0684719,-1.0123769,145.6,6.69,6.61
4381.3,52.0684323,-1.0124114,145.3,6.69,6.61
4386.3,52.0683926,-1.0124459,144.9,6.68,6.61
4391.3,52.0683530,-1.0124805,144.6,6.67,6.61
4396.3,52.0683133,-1.0125150,144.2,6.66,6.61
4401.3,52.0682736,-1.0125495,143.9,6.65,6.61
4406.4,52.0682340,-1.0125840,143.5,6.64,6.61
4411.4,52.0681943,-1.0126185,143.1,6.64,6.61
4416.4,52.0681547,-1.0126531,142.7,6.63,6.61
4421.4,52.0681150,-1.0126876,142.4,6.62,6.61
4426.4,52.0680753,-1.0127221,142.0,6.61,6.61
4431.4,52.0680357,-1.0127567,141.6,6.60,6.61
4436.4,52.0679960,-1.0127912,141.3,6.59,6.61
4441.4,52.0679564,-1.0128258,141.0,6.58,6.61
4446.4,52.0679168,-1.0128603,140.6,6.58,6.61
4451.4,52.0678771,-1.0128949,140.3,6.57,6.61
4456.4,52.0678375,-1.0129295,140.0,6.56,6.61
4461.4,52.0677978,-1.0129641,139.8,6.55,6.61
4466.4,52.0677582,-1.0129988,139.5,6.54,6.61
4471.4,52.0677186,-1.0130334,139.3,6.53,6.61
4476.4,52.0676790,-1.0130681,139.0,6.52,6.61
4481.4,52.0676394,-1.0131028,138.8,6.52,6.61
4486.4,52.0675998,-1.0131375,138.6,6.51,6.61
4491.4,52.0675602,-1.0131722,138.5,6.50,6.61
4496.4,52.0675206,-1.0132070,138.3,6.49,6.61
4501.4,52.0674811,-1.0132418,138.2,6.49,6.61
4506.4,52.0674415,-1.0132766,138.0,6.49,6.60
4511.4,52.0674019,-1.0133114,137.9,6.49,6.59
4516.4,52.0673624,-1.0133462,137.8,6.49,6.58
4521.4,52.0673228,-1.0133810,137.7,6.50,6.58
4526.4,52.0672832,-1.0134158,137.7,6.50,6.57
4531.4,52.0672437,-1.0134507,137.6,6.51,6.56
4536.4,52.0672041,-1.0134856,137.5,6.51,6.55
4541.4,52.0671646,-1.0135204,137.5,6.51,6.54
4546.4,52.0671251,-1.0135553,137.4,6.52,6.53
4551.4,52.0670855,-1.0135902,137.4,6.52,6.53
4556.4,52.0670460,-1.0136251,137.3,6.53,6.52
4561.4,52.0670064,-1.0136599,137.3,6.53,6.51
4566.4,52.0669669,-1.0136948,137.2,6.54,6.50
4571.4,52.0669273,-1.0137297,137.2,6.54,6.49
4576.4,52.0668878,-1.0137646,137.1,6.54,6.48
4581.4,52.0668483,-1.0137994,137.1,6.55,6.48
4586.4,52.0668087,-1.0138343,137.0,6.55,6.47
4591.4,52.0667692,-1.0138692,137.0,6.56,6.46
4596.4,52.0667296,-1.0139040,136.9,6.56,6.45
4601.4,52.0666901,-1.0139388,136.9,6.56,6.44
4606.4,52.0666505,-1.0139737,136.8,6.57,6.44
4611.4,52.0666109,-1.0140085,136.7,6.57,6.43
4616.4,52.0665714,-1.0140433,136.6,6.58,6.42
4621.4,52.0665318,-1.0140781,136.5,6.58,6.41
4626.4,52.0664922,-1.0141128,136.4,6.58,6.40
4631.4,52.0664526,-1.0141476,136.3,6.59,6.39
4636.4,52.0664130,-1.0141823,136.2,6.59,6.39
4641.4,52.0663734,-1.0142170,136.1,6.60,6.38
4646.4,52.0663338,-1.0142517,136.0,6.60,6.37
4651.4,52.0662942,-1.0142863,135.9,6.60,6.36
4656.4,52.0662546,-1.0143210,135.8,6.61,6.35
4661.4,52.0662150,-1.0143556,135.6,6.61,6.34
4666.4,52.0661753,-1.0143902,135.5,6.63,6.35
4671.4,52.0661357,-1.0144247,135.4,6.66,6.40
4676.4,52.0660960,-1.0144592,135.2,6.71,6.46
4681.4,52.0660563,-1.0144937,135.1,6.75,6.51
4686.4,52.0660166,-1.0145281,135.0,6.80,6.57
4691.4,52.0659769,-1.0145625,134.8,6.84,6.63
4696.4,52.0659372,-1.0145968,134.7,6.88,6.69
4701.4,52.0658974,-1.0146310,134.6,6.93,6.75
4706.4,52.0658577,-1.0146652,134.5,6.97,6.81
4711.4,52.0658179,-1.0146993,134.4,7.02,6.87
4716.4,52.0657781,-1.0147334,134.3,7.06,6.93
4721.4,52.0657382,-1.0147674,134.2,7.11,6.98
4726.4,52.0656984,-1.0148012,134.1,7.15,7.04
4731.5,52.0656585,-1.0148350,134.0,7.20,7.10
4736.5,52.0656185,-1.0148687,133.9,7.24,7.16
4741.5,52.0655786,-1.0149023,133.9,7.28,7.22
4746.5,52.0655386,-1.0149358,133.8,7.26,7.25
4751.5,52.0654986,-1.0149692,133.8,7.24,7.28
4756.5,52.0654585,-1.0150025,133.8,7.22,7.31
4761.5,52.0654184,-1.0150358,133.8,7.19,7.34
4766.5,52.0653784,-1.0150692,133.8,7.17,7.37
4771.5,52.0653386,-1.0151032,133.8,7.15,7.40
4776.5,52.0652990,-1.0151378,133.8,7.12,7.43
4781.5,52.0652596,-1.0151733,133.9,7.10,7.38
4786.5,52.0652206,-1.0152097,133.9,7.08,7.31
4791.5,52.0651818,-1.0152468,134.0,7.06,7.23
4796.5,52.0651432,-1.0152843,134.0,7.04,7.16
4801.5,52.0651047,-1.0153220,134.1,7.02,7.08
4806.5,52.0650661,-1.0153596,134.2,7.00,7.01
4811.5,52.0650275,-1.0153973,134.3,6.98,6.93
4816.5,52.0649890,-1.0154350,134.3,6.94,6.93
4821.5,52.0649505,-1.0154728,134.4,6.89,6.97
4826.5,52.0649120,-1.0155108,134.5,6.84,7.01
4831.5,52.0648736,-1.0155489,134.6,6.79,7.05
4836.5,52.0648354,-1.0155874,134.7,6.74,7.10
4841.5,52.0647972,-1.0156261,134.7,6.69,7.14
4846.5,52.0647592,-1.0156653,134.8,6.71,7.12
4851.5,52.0647214,-1.0157048,134.9,6.75,7.08
4856.5,52.0646837,-1.0157447,135.0,6.79,7.03
4861.5,52.0646461,-1.0157850,135.1,6.84,6.99
4866.5,52.0646087,-1.0158255,135.1,6.88,6.95
4871.5,52.0645713,-1.0158664,135.2,6.93,6.90
4876.5,52.0645341,-1.0159074,135.3,6.97,6.86
4881.5,52.0644970,-1.0159487,135.3,6.96,6.86
4886.5,52.0644599,-1.0159901,135.4,6.94,6.86
4891.5,52.0644228,-1.0160315,135.4,6.92,6.87
4896.5,52.0643858,-1.0160731,135.5,6.91,6.87
4901.5,52.0643488,-1.0161147,135.5,6.89,6.88
4906.5,52.0643118,-1.0161563,135.6,6.87,6.89
4911.5,52.0642747,-1.0161978,135.6,6.85,6.89
4916.5,52.0642376,-1.0162392,135.7,6.85,6.89
4921.5,52.0642005,-1.0162805,135.7,6.86,6.89
4926.5,52.0641633,-1.0163216,135.8,6.87,6.89
4931.5,52.0641260,-1.0163625,135.8,6.88,6.89
4936.5,52.0640886,-1.0164032,135.9,6.88,6.89
4941.5,52.0640511,-1.0164436,135.9,6.89,6.89
4946.5,52.0640136,-1.0164839,136.0,6.90,6.89
4951.5,52.0639761,-1.0165243,136.0,6.91,6.89
4956.5,52.0639388,-1.0165653,136.0,6.91,6.89
4961.5,52.0639019,-1.0166072,136.1,6.91,6.89
4966.5,52.0638656,-1.0166503,136.1,6.83,6.89
4971.5,52.0638300,-1.0166950,136.1,6.67,6.99
4976.5,52.0637952,-1.0167414,136.1,6.69,6.97
4981.5,52.0637616,-1.0167900,136.1,6.91,6.75
4986.5,52.0637293,-1.0168409,136.0,6.79,6.74
4991.5,52.0636985,-1.0168943,136.0,6.89,6.80
4996.5,52.0636696,-1.0169503,136.0,6.71,6.69
5001.5,52.0636428,-1.0170090,135.9,6.56,6.95
5006.5,52.0636184,-1.0170705,135.8,6.61,7.12
5011.5,52.0635969,-1.0171347,135.7,6.89,6.90
5016.5,52.0635782,-1.0172012,135.6,7.06,6.60
5021.5,52.0635621,-1.0172695,135.5,6.93,6.62
5026.5,52.0635483,-1.0173391,135.4,6.78,6.80
5031.5,52.0635365,-1.0174097,135.2,6.76,6.91
5036.5,52.0635266,-1.0174811,135.1,6.75,7.01
5041.5,52.0635184,-1.0175531,134.9,6.81,6.98
5046.5,52.0635123,-1.0176255,134.8,6.76,7.10
5051.5,52.0635080,-1.0176984,134.6,6.84,6.98
5056.6,52.0635059,-1.0177714,134.5,7.02,6.73
5061.6,52.0635059,-1.0178446,134.3,7.14,6.64
5066.6,52.0635083,-1.0179177,134.2,6.80,6.88
5071.6,52.0635135,-1.0179903,134.1,6.54,7.08
5076.6,52.0635216,-1.0180623,133.9,6.71,6.95
5081.6,52.0635329,-1.0181331,133.8,6.84,6.83
5086.6,52.0635473,-1.0182024,133.7,6.73,6.93
5091.6,52.0635646,-1.0182699,133.7,6.76,6.91
5096.6,52.0635845,-1.0183355,133.6,6.90,6.81
5101.6,52.0636068,-1.0183990,133.6,6.88,6.88
5106.6,52.0636314,-1.0184602,133.5,6.98,6.75
5111.6,52.0636580,-1.0185192,133.5,6.86,6.85
5116.6,52.0636864,-1.0185759,133.5,6.79,6.95
5121.6,52.0637166,-1.0186302,133.6,6.87,6.94
5126.6,52.0637484,-1.0186820,133.6,7.02,6.87
5131.6,52.0637817,-1.0187311,133.6,6.70,7.19
5136.6,52.0638166,-1.0187772,133.7,6.67,7.03
5141.6,52.0638531,-1.0188199,133.8,6.82,6.77
5146.6,52.0638912,-1.0188588,133.9,6.74,6.85
5151.6,52.0639306,-1.0188939,134.0,6.90,6.79
5156.6,52.0639711,-1.0189260,134.1,7.06,6.72
5161.6,52.0640121,-1.0189561,134.2,6.99,6.79
5166.6,52.0640533,-1.0189853,134.3,6.61,7.06
5171.6,52.0640945,-1.0190147,134.4,6.77,6.91
5176.6,52.0641355,-1.0190448,134.5,6.88,6.87
5181.6,52.0641763,-1.0190755,134.6,6.87,6.96
5186.6,52.0642169,-1.0191069,134.7,6.95,6.91
5191.6,52.0642574,-1.0191389,134.8,7.03,6.85
5196.6,52.0642977,-1.0191715,134.9,6.92,6.96
5201.6,52.0643378,-1.0192047,135.0,6.87,6.99
5206.6,52.0643777,-1.0192384,135.1,7.01,6.79
5211.6,52.0644175,-1.0192725,135.2,7.12,6.62
5216.6,52.0644571,-1.0193071,135.3,6.99,6.71
5221.6,52.0644966,-1.0193423,135.4,6.80,6.89
5226.6,52.0645358,-1.0193779,135.5,6.60,7.11
5231.6,52.0645749,-1.0194142,135.5,6.60,7.14
5236.6,52.0646137,-1.0194512,135.6,6.76,7.01
5241.6,52.0646522,-1.0194889,135.7,6.94,6.86
5246.6,52.0646905,-1.0195275,135.8,7.10,6.68
5251.6,52.0647284,-1.0195669,135.8,7.26,6.51
5256.6,52.0647660,-1.0196070,135.9,7.11,6.56
5261.6,52.0648033,-1.0196478,136.0,6.91,6.65
5266.6,52.0648404,-1.0196893,136.1,6.77,6.74
5271.6,52.0648772,-1.0197314,136.2,6.75,6.82
5276.6,52.0649136,-1.0197742,136.3,6.70,6.96
5281.6,52.0649498,-1.0198177,136.4,6.61,7.15
5286.6,52.0649858,-1.0198617,136.5,6.72,7.10
5291.6,52.0650214,-1.0199063,136.7,6.90,6.97
5296.6,52.0650568,-1.0199515,136.8,7.09,6.83
5301.6,52.0650919,-1.0199973,137.0,7.11,6.80
5306.6,52.0651267,-1.0200436,137.1,7.04,6.83
5311.6,52.0651613,-1.0200904,137.3,6.98,6.86
5316.6,52.0651956,-1.0201377,137.5,7.00,6.88
5321.6,52.0652297,-1.0201854,137.8,7.02,6.91
5326.6,52.0652636,-1.0202336,138.0,7.07,6.95
5331.6,52.0652972,-1.0202821,138.3,7.15,7.03
5336.6,52.0653307,-1.0203309,138.6,7.24,7.12
5341.6,52.0653641,-1.0203800,138.9,7.32,7.22
5346.6,52.0653973,-1.0204294,139.2,7.38,7.35
5351.6,52.0654304,-1.0204790,139.6,7.44,7.48
5356.6,52.0654634,-1.0205287,139.9,7.50,7.62
5361.6,52.0654963,-1.0205786,140.3,7.53,7.71
5366.6,52.0655291,-1.0206286,140.7,7.49,7.70
5371.6,52.0655619,-1.0206786,141.1,7.45,7.68
5376.6,52.0655947,-1.0207287,141.5,7.40,7.66
5381.6,52.0656275,-1.0207788,141.9,7.35,7.64
5386.7,52.0656604,-1.0208288,142.3,7.31,7.62
5391.7,52.0656932,-1.0208788,142.8,7.26,7.59
5396.7,52.0657262,-1.0209286,143.2,7.21,7.57
5401.7,52.0657592,-1.0209783,143.6,7.17,7.55
5406.7,52.0657923,-1.0210278,144.1,7.12,7.53
5411.7,52.0658256,-1.0210771,144.5,7.08,7.50
5416.7,52.0658589,-1.0211262,144.9,7.03,7.48
5421.7,52.0658924,-1.0211751,145.3,6.98,7.46
5426.7,52.0659259,-1.0212238,145.7,6.94,7.44
5431.7,52.0659597,-1.0212722,146.1,6.93,7.38
5436.7,52.0659935,-1.0213203,146.4,6.95,7.31
5441.7,52.0660275,-1.0213682,146.8,6.97,7.23
5446.7,52.0660617,-1.0214158,147.1,7.00,7.16
5451.7,52.0660960,-1.0214632,147.4,7.02,7.08
5456.7,52.0661304,-1.0215103,147.7,7.04,7.00
5461.7,52.0661650,-1.0215571,147.9,7.07,6.93
5466.7,52.0661996,-1.0216038,148.2,7.09,6.85
5471.7,52.0662344,-1.0216503,148.4,7.11,6.77
5476.7,52.0662691,-1.0216967,148.6,7.13,6.70
5481.7,52.0663040,-1.0217430,148.8,7.16,6.62
5486.7,52.0663388,-1.0217893,148.9,7.18,6.54
5491.7,52.0663737,-1.0218355,149.1,7.20,6.47
5496.7,52.0664083,-1.0218822,149.2,7.23,6.39
5501.7,52.0664421,-1.0219306,149.3,7.25,6.32
5506.7,52.0664734,-1.0219830,149.4,7.27,6.24
5511.7,52.0664966,-1.0220454,149.5,7.26,6.43
5516.7,52.0665068,-1.0221164,149.6,6.77,7.06
5521.7,52.0665061,-1.0221895,149.6,6.73,7.52
5526.7,52.0664984,-1.0222615,149.7,7.36,7.40
5531.7,52.0664850,-1.0223313,149.7,7.97,7.15
5536.7,52.0664653,-1.0223970,149.7,7.92,7.29
5541.7,52.0664395,-1.0224569,149.7,7.58,7.76
5546.7,52.0664098,-1.0225119,149.7,7.43,7.67
5551.7,52.0663785,-1.0225643,149.6,7.31,7.51
5556.7,52.0663472,-1.0226169,149.6,7.19,7.36
5561.7,52.0663176,-1.0226720,149.5,7.07,7.19
5566.7,52.0662909,-1.0227309,149.4,6.99,6.80
5571.7,52.0662675,-1.0227934,149.3,6.74,6.87
5576.7,52.0662475,-1.0228589,149.2,6.78,6.80
5581.7,52.0662310,-1.0229270,149.1,6.82,6.94
5586.7,52.0662185,-1.0229972,149.0,6.75,7.35
5591.7,52.0662120,-1.0230696,148.9,7.08,7.14
5596.7,52.0662144,-1.0231426,148.7,7.18,7.02
5601.7,52.0662257,-1.0232133,148.6,6.84,7.23
5606.7,52.0662440,-1.0232802,148.4,6.85,7.15
5611.7,52.0662676,-1.0233424,148.3,6.93,7.16
5616.7,52.0662955,-1.0233999,148.1,6.98,7.18
5621.7,52.0663262,-1.0234533,148.0,6.98,7.16
5626.7,52.0663588,-1.0235037,147.8,6.98,7.11
5631.7,52.0663924,-1.0235524,147.7,6.98,7.04
5636.7,52.0664264,-1.0236001,147.5,6.97,6.96
5641.7,52.0664610,-1.0236469,147.4,6.95,6.91
5646.7,52.0664961,-1.0236927,147.2,6.89,6.92
5651.7,52.0665318,-1.0237373,147.1,6.82,6.93
5656.7,52.0665680,-1.0237808,146.9,6.74,7.03
5661.7,52.0666047,-1.0238230,146.7,6.67,7.14
5666.7,52.0666420,-1.0238639,146.5,6.67,7.17
5671.7,52.0666799,-1.0239034,146.4,6.81,7.08
5676.7,52.0667183,-1.0239414,146.2,6.93,7.00
5681.7,52.0667573,-1.0239779,146.0,6.90,6.96
5686.7,52.0667968,-1.0240128,145.8,6.88,6.93
5691.7,52.0668369,-1.0240461,145.5,6.85,6.90
5696.7,52.0668774,-1.0240779,145.3,6.81,6.89
5701.7,52.0669184,-1.0241080,145.1,6.73,6.95
5706.7,52.0669598,-1.0241365,144.8,6.64,7.00
5711.8,52.0670017,-1.0241633,144.6,6.67,6.95
5716.8,52.0670439,-1.0241884,144.4,6.79,6.81
5721.8,52.0670865,-1.0242118,144.1,6.87,6.73
5726.8,52.0671295,-1.0242335,143.9,6.75,6.92
5731.8,52.0671728,-1.0242535,143.6,6.61,7.13
5736.8,52.0672163,-1.0242720,143.4,6.74,7.02
5741.8,52.0672600,-1.0242891,143.1,6.88,6.89
5746.8,52.0673039,-1.0243049,142.9,6.92,6.81
5751.8,52.0673480,-1.0243193,142.7,6.84,6.79
5756.8,52.0673924,-1.0243309,142.4,6.74,6.79
5761.8,52.0674372,-1.0243385,142.2,6.64,6.81
5766.8,52.0674821,-1.0243406,142.0,6.58,6.82
5771.8,52.0675270,-1.0243357,141.8,6.50,6.76
5776.8,52.0675712,-1.0243219,141.7,6.45,6.64
5781.8,52.0676135,-1.0242971,141.5,6.56,6.59
5786.8,52.0676530,-1.0242621,141.4,6.59,6.69
5791.8,52.0676905,-1.0242218,141.2,6.49,6.76
5796.8,52.0677273,-1.0241797,141.1,6.37,6.65
5801.8,52.0677637,-1.0241367,141.0,6.22,6.19
5806.8,52.0677998,-1.0240930,140.9,6.74,6.20
5811.8,52.0678357,-1.0240489,140.8,6.57,6.52
5816.8,52.0678715,-1.0240047,140.7,6.49,6.61
5821.8,52.0679074,-1.0239605,140.6,6.50,6.61
5826.8,52.0679432,-1.0239162,140.5,6.50,6.60
5831.8,52.0679789,-1.0238718,140.5,6.51,6.59
5836.8,52.0680147,-1.0238275,140.4,6.51,6.59
5841.8,52.0680505,-1.0237831,140.4,6.52,6.58
5846.8,52.0680862,-1.0237387,140.3,6.52,6.58
5851.8,52.0681220,-1.0236943,140.3,6.53,6.57
5856.8,52.0681577,-1.0236498,140.3,6.53,6.57
5861.8,52.0681935,-1.0236054,140.3,6.53,6.56
5866.8,52.0682292,-1.0235610,140.3,6.54,6.55
5871.8,52.0682650,-1.0235166,140.3,6.54,6.55
5876.8,52.0683007,-1.0234722,140.3,6.55,6.54
5881.8,52.0683365,-1.0234278,140.3,6.55,6.54
