# spa: centreline in race direction, 5 m spacing. Source: TUMFTM racetrack-database (LGPL-3.0) geo-referenced onto OpenStreetMap (ODbL); elevation eudem25m via OpenTopoData
# widths are metres from the centreline to the track edge (TUMFTM only, blank for OSM)
s_m,lat,lon,elev_m,w_right_m,w_left_m
0.0,50.4431067,5.9660148,417.5,6.69,6.85
5.0,50.4431457,5.9659796,417.7,6.69,6.85
10.0,50.4431847,5.9659445,417.8,6.70,6.84
15.0,50.4432237,5.9659094,417.9,6.70,6.84
20.0,50.4432627,5.9658743,418.1,6.71,6.83
25.0,50.4433017,5.9658392,418.2,6.72,6.83
30.0,50.4433408,5.9658042,418.2,6.72,6.82
35.0,50.4433798,5.9657691,418.3,6.73,6.82
40.0,50.4434188,5.9657341,418.4,6.73,6.81
45.0,50.4434579,5.9656991,418.4,6.74,6.81
50.0,50.4434969,5.9656641,418.5,6.74,6.81
55.0,50.4435360,5.9656291,418.5,6.75,6.80
60.0,50.4435750,5.9655941,418.5,6.75,6.80
65.0,50.4436141,5.9655591,418.5,6.76,6.79
70.0,50.4436532,5.9655241,418.5,6.76,6.79
75.0,50.4436922,5.9654892,418.5,6.77,6.78
80.0,50.4437313,5.9654542,418.5,6.77,6.78
85.0,50.4437704,5.9654193,418.5,6.78,6.77
90.0,50.4438094,5.9653843,418.5,6.79,6.77
95.0,50.4438485,5.9653494,418.4,6.79,6.76
100.0,50.4438876,5.9653145,418.4,6.80,6.76
105.0,50.4439267,5.9652795,418.3,6.80,6.75
110.0,50.4439657,5.9652446,418.3,6.81,6.75
115.0,50.4440048,5.9652096,418.2,6.81,6.74
120.0,50.4440439,5.9651747,418.2,6.82,6.74
125.0,50.4440830,5.9651398,418.1,6.82,6.74
130.0,50.4441220,5.9651048,418.1,6.83,6.75
135.0,50.4441611,5.9650699,418.0,6.83,6.75
140.0,50.4442002,5.9650349,418.0,6.83,6.76
145.0,50.4442392,5.9650000,418.0,6.84,6.77
150.0,50.4442783,5.9649650,418.0,6.84,6.77
155.0,50.4443174,5.9649300,418.0,6.84,6.78
160.0,50.4443564,5.9648950,418.1,6.85,6.78
165.0,50.4443955,5.9648600,418.1,6.85,6.79
170.0,50.4444345,5.9648250,418.2,6.85,6.80
175.0,50.4444736,5.9647900,418.3,6.86,6.80
180.0,50.4445126,5.9647550,418.4,6.86,6.81
185.0,50.4445516,5.9647199,418.6,6.86,6.81
190.0,50.4445907,5.9646849,418.8,6.87,6.82
195.0,50.4446297,5.9646498,419.0,6.87,6.82
200.0,50.4446687,5.9646147,419.2,6.87,6.83
205.0,50.4447077,5.9645796,419.5,6.88,6.84
210.0,50.4447467,5.9645445,419.7,6.88,6.84
215.0,50.4447857,5.9645094,420.0,6.88,6.85
220.0,50.4448248,5.9644742,420.3,6.88,6.85
225.0,50.4448638,5.9644391,420.7,6.89,6.86
230.0,50.4449028,5.9644040,421.1,6.89,6.86
235.0,50.4449418,5.9643688,421.5,6.89,6.87
240.0,50.4449808,5.9643337,421.9,6.90,6.88
245.0,50.4450198,5.9642985,422.3,6.90,6.88
250.0,50.4450588,5.9642634,422.8,6.90,6.89
255.0,50.4450978,5.9642283,423.2,6.91,6.89
260.0,50.4451368,5.9641931,423.7,6.91,6.90
265.0,50.4451758,5.9641580,424.2,6.91,6.91
270.0,50.4452148,5.9641229,424.6,6.92,6.91
275.0,50.4452538,5.9640878,425.1,6.92,6.92
280.0,50.4452928,5.9640527,425.6,6.92,6.92
285.0,50.4453318,5.9640176,426.1,6.93,6.93
290.0,50.4453708,5.9639825,426.5,6.93,6.93
295.0,50.4454099,5.9639475,427.0,6.93,6.94
300.0,50.4454489,5.9639124,427.4,6.94,6.95
305.0,50.4454880,5.9638774,427.9,6.94,6.95
310.0,50.4455270,5.9638425,428.3,6.94,6.96
315.0,50.4455661,5.9638076,428.7,6.95,6.96
320.0,50.4456053,5.9637729,429.0,6.94,6.96
325.0,50.4456445,5.9637383,429.4,6.94,6.96
330.0,50.4456838,5.9637040,429.7,6.93,6.96
335.0,50.4457231,5.9636698,430.0,6.92,6.96
340.0,50.4457625,5.9636356,430.3,6.91,6.95
345.0,50.4458017,5.9636011,430.5,6.91,6.95
350.0,50.4458407,5.9635661,430.7,6.90,6.95
355.0,50.4458796,5.9635305,430.9,6.89,6.95
360.0,50.4459182,5.9634942,431.0,6.88,6.94
365.0,50.4459572,5.9634593,431.0,6.88,6.94
370.0,50.4459978,5.9634288,431.0,6.85,7.03
375.0,50.4460404,5.9634061,430.9,6.71,7.60
380.0,50.4460848,5.9633961,430.9,6.65,7.19
385.0,50.4461293,5.9634045,430.7,6.66,6.35
390.0,50.4461708,5.9634316,430.5,6.66,6.60
395.0,50.4462082,5.9634708,430.2,6.49,6.65
400.0,50.4462417,5.9635178,430.0,6.41,7.58
405.0,50.4462642,5.9635782,429.6,6.85,8.28
410.0,50.4462608,5.9636484,429.3,7.39,8.56
415.0,50.4462469,5.9637155,429.0,7.91,8.48
420.0,50.4462302,5.9637810,428.6,7.96,8.46
425.0,50.4462115,5.9638453,428.3,7.97,8.44
430.0,50.4461916,5.9639085,427.9,7.97,8.42
435.0,50.4461710,5.9639713,427.6,7.98,8.40
440.0,50.4461505,5.9640341,427.2,7.98,8.38
445.0,50.4461302,5.9640971,426.9,7.99,8.36
450.0,50.4461102,5.9641603,426.6,7.99,8.34
455.0,50.4460903,5.9642237,426.3,7.99,8.32
460.0,50.4460707,5.9642872,425.9,8.00,8.29
465.0,50.4460511,5.9643508,425.6,8.00,8.27
470.0,50.4460317,5.9644144,425.3,8.01,8.25
475.0,50.4460122,5.9644781,425.0,8.01,8.23
480.0,50.4459928,5.9645418,424.7,8.02,8.21
485.0,50.4459734,5.9646054,424.4,8.02,8.19
490.0,50.4459539,5.9646691,424.1,8.02,8.17
495.0,50.4459343,5.9647326,423.8,8.03,8.15
500.0,50.4459147,5.9647961,423.5,8.03,8.13
505.0,50.4458949,5.9648595,423.2,8.04,8.11
510.0,50.4458750,5.9649228,422.9,8.04,8.09
515.0,50.4458548,5.9649860,422.7,8.03,8.06
520.0,50.4458345,5.9650489,422.4,7.87,7.94
525.0,50.4458139,5.9651117,422.1,7.60,7.74
530.0,50.4457931,5.9651743,421.9,7.33,7.54
535.0,50.4457721,5.9652367,421.6,7.06,7.35
540.0,50.4457508,5.9652989,421.4,6.78,7.15
545.0,50.4457293,5.9653608,421.1,6.51,6.95
550.0,50.4457075,5.9654226,420.9,6.26,6.76
555.0,50.4456854,5.9654841,420.7,6.11,6.57
560.0,50.4456631,5.9655454,420.5,6.01,6.38
565.0,50.4456405,5.9656065,420.3,5.90,6.20
570.0,50.4456177,5.9656673,420.0,5.80,6.02
575.0,50.4455946,5.9657278,419.8,5.73,5.87
580.0,50.4455712,5.9657881,419.6,5.73,5.80
585.0,50.4455475,5.9658481,419.4,5.73,5.73
590.0,50.4455235,5.9659079,419.3,5.73,5.66
595.0,50.4454993,5.9659673,419.1,5.73,5.59
600.0,50.4454747,5.9660265,418.9,5.69,5.56
605.0,50.4454499,5.9660854,418.7,5.61,5.57
610.0,50.4454248,5.9661439,418.6,5.53,5.58
615.0,50.4453994,5.9662021,418.4,5.45,5.59
620.0,50.4453737,5.9662601,418.3,5.37,5.59
625.0,50.4453476,5.9663176,418.2,5.29,5.56
630.0,50.4453213,5.9663749,418.0,5.20,5.51
635.0,50.4452947,5.9664318,417.9,5.10,5.46
640.0,50.4452678,5.9664883,417.7,5.01,5.41
645.0,50.4452406,5.9665446,417.5,4.92,5.35
650.0,50.4452132,5.9666005,417.4,4.83,5.30
655.0,50.4451856,5.9666562,417.1,4.76,5.20
660.0,50.4451577,5.9667117,416.9,4.75,4.97
665.0,50.4451297,5.9667669,416.6,4.73,4.74
670.0,50.4451015,5.9668219,416.3,4.72,4.54
675.0,50.4450731,5.9668766,415.9,4.75,4.48
680.0,50.4450446,5.9669312,415.6,4.84,4.63
685.0,50.4450160,5.9669857,415.1,4.92,4.79
690.0,50.4449873,5.9670400,414.7,4.97,4.93
695.0,50.4449585,5.9670943,414.1,4.95,5.08
700.0,50.4449298,5.9671486,413.6,4.93,5.21
705.0,50.4449009,5.9672027,413.1,4.89,5.27
710.0,50.4448715,5.9672561,412.5,4.80,5.17
715.0,50.4448414,5.9673085,412.0,4.71,5.08
720.0,50.4448105,5.9673599,411.4,4.62,4.98
725.0,50.4447790,5.9674102,410.9,4.53,4.90
730.0,50.4447469,5.9674597,410.3,4.51,4.86
735.0,50.4447145,5.9675086,409.8,4.54,4.87
740.0,50.4446816,5.9675568,409.3,4.56,4.88
745.0,50.4446485,5.9676046,408.9,4.59,4.89
750.0,50.4446152,5.9676520,408.5,4.61,4.89
755.0,50.4445816,5.9676989,408.1,4.63,4.90
760.0,50.4445478,5.9677455,407.7,4.66,4.90
765.0,50.4445139,5.9677918,407.4,4.66,4.90
770.0,50.4444798,5.9678379,407.1,4.67,4.90
775.0,50.4444456,5.9678838,406.8,4.67,4.89
780.0,50.4444114,5.9679295,406.5,4.68,4.89
785.0,50.4443770,5.9679751,406.2,4.69,4.89
790.0,50.4443427,5.9680206,405.9,4.69,4.88
795.0,50.4443083,5.9680662,405.6,4.70,4.88
800.0,50.4442740,5.9681118,405.3,4.71,4.87
805.0,50.4442397,5.9681574,404.9,4.71,4.87
810.0,50.4442054,5.9682030,404.6,4.72,4.87
815.0,50.4441710,5.9682486,404.2,4.72,4.86
820.0,50.4441367,5.9682943,403.8,4.73,4.86
825.0,50.4441024,5.9683399,403.3,4.74,4.85
830.0,50.4440681,5.9683856,402.9,4.74,4.85
835.0,50.4440338,5.9684312,402.5,4.75,4.85
840.0,50.4439995,5.9684768,402.1,4.75,4.84
845.0,50.4439652,5.9685224,401.7,4.76,4.84
850.0,50.4439308,5.9685680,401.3,4.77,4.84
855.0,50.4438965,5.9686136,401.0,4.77,4.83
860.0,50.4438621,5.9686591,400.6,4.78,4.83
865.0,50.4438278,5.9687046,400.3,4.79,4.83
870.0,50.4437934,5.9687501,399.9,4.79,4.82
875.0,50.4437590,5.9687956,399.6,4.80,4.82
880.0,50.4437246,5.9688411,399.3,4.80,4.82
885.0,50.4436902,5.9688865,399.0,4.81,4.82
890.0,50.4436557,5.9689319,398.7,4.81,4.82
895.0,50.4436213,5.9689773,398.3,4.82,4.81
900.0,50.4435869,5.9690227,398.0,4.82,4.81
905.0,50.4435524,5.9690681,397.7,4.83,4.81
910.0,50.4435180,5.9691135,397.4,4.83,4.81
915.0,50.4434836,5.9691589,397.1,4.84,4.81
920.0,50.4434491,5.9692043,396.8,4.84,4.81
925.0,50.4434147,5.9692497,396.5,4.85,4.80
930.0,50.4433802,5.9692950,396.2,4.85,4.80
935.0,50.4433458,5.9693404,395.9,4.86,4.80
940.0,50.4433113,5.9693858,395.6,4.86,4.80
945.0,50.4432769,5.9694312,395.3,4.87,4.80
950.0,50.4432424,5.9694766,395.0,4.88,4.79
955.0,50.4432080,5.9695220,394.7,4.88,4.79
960.0,50.4431735,5.9695674,394.5,4.89,4.79
965.0,50.4431391,5.9696128,394.2,4.89,4.79
970.0,50.4431047,5.9696582,394.0,4.90,4.79
975.0,50.4430703,5.9697036,393.8,4.90,4.79
980.0,50.4430359,5.9697491,393.6,4.91,4.78
985.0,50.4430015,5.9697946,393.5,4.91,4.78
990.0,50.4429671,5.9698401,393.3,4.92,4.78
995.0,50.4429327,5.9698856,393.1,4.92,4.78
1000.0,50.4428984,5.9699312,393.0,4.93,4.78
1005.0,50.4428641,5.9699768,392.9,4.93,4.78
1010.0,50.4428298,5.9700224,392.8,4.93,4.78
1015.0,50.4427955,5.9700681,392.7,4.91,4.79
1020.0,50.4427613,5.9701139,392.6,4.87,4.81
1025.0,50.4427272,5.9701600,392.5,4.83,4.82
1030.0,50.4426934,5.9702065,392.4,4.79,4.84
1035.0,50.4426598,5.9702535,392.4,4.76,4.84
1040.0,50.4426266,5.9703012,392.4,4.79,4.72
1045.0,50.4425940,5.9703497,392.4,4.90,4.38
1050.0,50.4425622,5.9703996,392.4,4.91,4.12
1055.0,50.4425317,5.9704514,392.4,4.52,4.15
1060.0,50.4425028,5.9705056,392.5,4.23,4.18
1065.0,50.4424762,5.9705624,392.5,4.36,4.20
1070.0,50.4424520,5.9706219,392.6,4.53,4.21
1075.0,50.4424297,5.9706832,392.8,4.68,4.24
1080.0,50.4424085,5.9707455,392.9,4.69,4.34
1085.0,50.4423876,5.9708080,393.1,4.56,4.51
1090.0,50.4423661,5.9708700,393.2,4.44,4.69
1095.0,50.4423432,5.9709307,393.5,4.35,4.82
1100.0,50.4423188,5.9709900,393.7,4.39,4.72
1105.0,50.4422938,5.9710488,393.9,4.47,4.58
1110.0,50.4422692,5.9711078,394.2,4.55,4.43
1115.0,50.4422447,5.9711670,394.5,4.61,4.32
1120.0,50.4422194,5.9712254,394.8,4.56,4.37
1125.0,50.4421924,5.9712818,395.1,4.46,4.49
1130.0,50.4421633,5.9713356,395.5,4.29,4.68
1135.0,50.4421324,5.9713869,395.8,4.14,4.85
1140.0,50.4420999,5.9714356,396.2,4.35,4.66
1145.0,50.4420658,5.9714817,396.5,4.50,4.52
1150.0,50.4420305,5.9715253,396.9,4.45,4.59
1155.0,50.4419940,5.9715666,397.2,4.44,4.64
1160.0,50.4419565,5.9716056,397.6,4.54,4.63
1165.0,50.4419182,5.9716425,397.9,4.63,4.64
1170.0,50.4418791,5.9716772,398.3,4.62,4.66
1175.0,50.4418393,5.9717101,398.6,4.53,4.69
1180.0,50.4417988,5.9717410,399.0,4.44,4.73
1185.0,50.4417579,5.9717700,399.3,4.36,4.76
1190.0,50.4417164,5.9717972,399.7,4.30,4.78
1195.0,50.4416744,5.9718225,400.0,4.24,4.80
1200.0,50.4416320,5.9718459,400.4,4.19,4.81
1205.0,50.4415891,5.9718675,400.8,4.16,4.77
1210.0,50.4415460,5.9718872,401.2,4.16,4.64
1215.0,50.4415025,5.9719050,401.6,4.17,4.52
1220.0,50.4414587,5.9719211,402.0,4.17,4.40
1225.0,50.4414146,5.9719354,402.5,4.18,4.31
1230.0,50.4413704,5.9719479,402.9,4.21,4.30
1235.0,50.4413260,5.9719588,403.4,4.23,4.28
1240.0,50.4412814,5.9719684,404.0,4.25,4.27
1245.0,50.4412368,5.9719772,404.5,4.26,4.28
1250.0,50.4411922,5.9719857,405.1,4.28,4.38
1255.0,50.4411475,5.9719945,405.7,4.29,4.55
1260.0,50.4411030,5.9720040,406.3,4.29,4.63
1265.0,50.4410586,5.9720148,407.0,4.27,4.50
1270.0,50.4410143,5.9720275,407.6,4.25,4.36
1275.0,50.4409704,5.9720424,408.3,4.24,4.21
1280.0,50.4409269,5.9720603,409.0,4.24,4.05
1285.0,50.4408840,5.9720815,409.7,4.25,3.94
1290.0,50.4408419,5.9721062,410.4,4.32,3.89
1295.0,50.4408006,5.9721342,411.1,4.54,3.92
1300.0,50.4407601,5.9721648,411.8,4.61,4.00
1305.0,50.4407203,5.9721976,412.5,4.48,4.13
1310.0,50.4406811,5.9722321,413.1,4.36,4.25
1315.0,50.4406423,5.9722679,413.8,4.27,4.31
1320.0,50.4406039,5.9723046,414.5,4.19,4.35
1325.0,50.4405658,5.9723420,415.2,4.12,4.38
1330.0,50.4405278,5.9723799,415.8,4.11,4.37
1335.0,50.4404901,5.9724182,416.5,4.13,4.34
1340.0,50.4404523,5.9724566,417.1,4.15,4.31
1345.0,50.4404146,5.9724950,417.7,4.17,4.28
1350.0,50.4403768,5.9725333,418.3,4.19,4.25
1355.0,50.4403390,5.9725715,418.9,4.21,4.22
1360.0,50.4403011,5.9726096,419.5,4.23,4.19
1365.0,50.4402632,5.9726476,420.0,4.25,4.16
1370.0,50.4402253,5.9726856,420.6,4.27,4.13
1375.0,50.4401874,5.9727236,421.1,4.28,4.13
1380.0,50.4401495,5.9727615,421.6,4.29,4.14
1385.0,50.4401116,5.9727994,422.1,4.29,4.15
1390.0,50.4400736,5.9728373,422.5,4.30,4.16
1395.0,50.4400357,5.9728752,422.9,4.30,4.17
1400.0,50.4399978,5.9729131,423.3,4.31,4.18
1405.0,50.4399598,5.9729511,423.7,4.31,4.19
1410.0,50.4399219,5.9729890,424.1,4.32,4.20
1415.0,50.4398840,5.9730270,424.4,4.33,4.21
1420.0,50.4398461,5.9730650,424.8,4.33,4.22
1425.0,50.4398082,5.9731029,425.1,4.34,4.24
1430.0,50.4397703,5.9731409,425.4,4.34,4.25
1435.0,50.4397324,5.9731789,425.7,4.35,4.26
1440.0,50.4396945,5.9732170,426.1,4.35,4.27
1445.0,50.4396566,5.9732550,426.4,4.36,4.28
1450.0,50.4396188,5.9732930,426.8,4.37,4.29
1455.0,50.4395809,5.9733311,427.1,4.37,4.30
1460.0,50.4395430,5.9733692,427.5,4.38,4.31
1465.0,50.4395051,5.9734072,427.9,4.38,4.32
1470.0,50.4394673,5.9734453,428.3,4.39,4.33
1475.0,50.4394294,5.9734834,428.7,4.39,4.34
1480.0,50.4393916,5.9735215,429.1,4.40,4.35
1485.0,50.4393537,5.9735596,429.6,4.41,4.37
1490.0,50.4393158,5.9735977,430.0,4.41,4.38
1495.0,50.4392780,5.9736358,430.4,4.42,4.39
1500.0,50.4392401,5.9736739,430.8,4.42,4.40
1505.0,50.4392023,5.9737121,431.3,4.43,4.41
1510.0,50.4391645,5.9737502,431.7,4.42,4.42
1515.0,50.4391266,5.9737883,432.1,4.40,4.42
1520.0,50.4390887,5.9738263,432.6,4.38,4.42
1525.0,50.4390508,5.9738643,433.0,4.36,4.42
1530.0,50.4390129,5.9739022,433.4,4.34,4.42
1535.0,50.4389749,5.9739399,433.8,4.32,4.42
1540.0,50.4389368,5.9739775,434.2,4.30,4.42
1545.0,50.4388987,5.9740150,434.6,4.28,4.42
1550.0,50.4388605,5.9740523,435.0,4.26,4.43
1555.0,50.4388223,5.9740894,435.4,4.24,4.43
1560.0,50.4387839,5.9741262,435.8,4.21,4.46
1565.0,50.4387454,5.9741627,436.2,4.17,4.59
1570.0,50.4387068,5.9741988,436.5,4.13,4.74
1575.0,50.4386679,5.9742343,436.8,4.15,4.77
1580.0,50.4386288,5.9742691,437.2,4.22,4.67
1585.0,50.4385893,5.9743028,437.5,4.29,4.57
1590.0,50.4385494,5.9743356,437.7,4.36,4.48
1595.0,50.4385092,5.9743671,438.0,4.42,4.43
1600.0,50.4384686,5.9743975,438.2,4.48,4.42
1605.0,50.4384277,5.9744268,438.4,4.55,4.42
1610.0,50.4383865,5.9744549,438.6,4.61,4.41
1615.0,50.4383449,5.9744819,438.8,4.63,4.42
1620.0,50.4383031,5.9745077,438.9,4.50,4.53
1625.0,50.4382610,5.9745325,439.0,4.37,4.64
1630.0,50.4382186,5.9745564,439.1,4.24,4.75
1635.0,50.4381761,5.9745794,439.2,4.13,4.84
1640.0,50.4381335,5.9746017,439.3,4.11,4.85
1645.0,50.4380907,5.9746233,439.3,4.20,4.75
1650.0,50.4380477,5.9746443,439.4,4.30,4.66
1655.0,50.4380047,5.9746649,439.4,4.38,4.57
1660.0,50.4379616,5.9746851,439.5,4.44,4.53
1665.0,50.4379185,5.9747051,439.5,4.46,4.54
1670.0,50.4378753,5.9747249,439.5,4.48,4.55
1675.0,50.4378322,5.9747446,439.5,4.50,4.57
1680.0,50.4377890,5.9747642,439.6,4.52,4.58
1685.0,50.4377458,5.9747837,439.6,4.54,4.60
1690.0,50.4377025,5.9748032,439.6,4.56,4.61
1695.0,50.4376593,5.9748226,439.6,4.58,4.62
1700.0,50.4376161,5.9748420,439.7,4.60,4.64
1705.0,50.4375728,5.9748614,439.7,4.62,4.65
1710.0,50.4375296,5.9748807,439.7,4.63,4.66
1715.0,50.4374863,5.9749001,439.8,4.65,4.68
1720.0,50.4374431,5.9749194,439.8,4.67,4.69
1725.0,50.4373998,5.9749387,439.8,4.69,4.71
1730.0,50.4373566,5.9749581,439.9,4.71,4.72
1735.0,50.4373133,5.9749774,439.9,4.73,4.73
1740.0,50.4372701,5.9749968,440.0,4.74,4.74
1745.0,50.4372269,5.9750161,440.0,4.74,4.74
1750.0,50.4371836,5.9750355,440.1,4.74,4.75
1755.0,50.4371404,5.9750549,440.1,4.75,4.75
1760.0,50.4370971,5.9750743,440.2,4.75,4.75
1765.0,50.4370539,5.9750936,440.2,4.75,4.75
1770.0,50.4370107,5.9751131,440.3,4.76,4.76
1775.0,50.4369674,5.9751325,440.3,4.76,4.76
1780.0,50.4369242,5.9751519,440.4,4.76,4.76
1785.0,50.4368810,5.9751713,440.5,4.77,4.77
1790.0,50.4368377,5.9751907,440.5,4.77,4.77
1795.0,50.4367945,5.9752102,440.6,4.77,4.77
1800.0,50.4367513,5.9752296,440.7,4.77,4.78
1805.0,50.4367081,5.9752490,440.7,4.78,4.78
1810.0,50.4366648,5.9752685,440.8,4.78,4.78
1815.0,50.4366216,5.9752879,440.9,4.78,4.78
1820.0,50.4365784,5.9753074,440.9,4.79,4.79
1825.0,50.4365352,5.9753268,441.0,4.79,4.79
1830.0,50.4364919,5.9753463,441.1,4.79,4.79
1835.0,50.4364487,5.9753657,441.2,4.80,4.80
1840.0,50.4364055,5.9753852,441.3,4.80,4.80
1845.0,50.4363623,5.9754047,441.4,4.80,4.80
1850.0,50.4363190,5.9754241,441.5,4.81,4.81
1855.0,50.4362758,5.9754436,441.6,4.81,4.81
1860.0,50.4362326,5.9754631,441.7,4.81,4.81
1865.0,50.4361894,5.9754825,441.9,4.82,4.81
1870.0,50.4361461,5.9755020,442.0,4.82,4.82
1875.0,50.4361029,5.9755215,442.2,4.82,4.82
1880.0,50.4360597,5.9755409,442.4,4.82,4.82
1885.0,50.4360165,5.9755604,442.6,4.83,4.83
1890.0,50.4359732,5.9755799,442.8,4.83,4.83
1895.0,50.4359300,5.9755993,443.1,4.83,4.83
1900.0,50.4358868,5.9756188,443.3,4.84,4.84
1905.0,50.4358436,5.9756383,443.6,4.84,4.84
1910.0,50.4358003,5.9756577,443.9,4.84,4.84
1915.0,50.4357571,5.9756772,444.1,4.85,4.84
1920.0,50.4357139,5.9756966,444.4,4.85,4.85
1925.0,50.4356707,5.9757161,444.7,4.85,4.85
1930.0,50.4356274,5.9757355,445.0,4.86,4.85
1935.0,50.4355842,5.9757549,445.3,4.86,4.86
1940.0,50.4355410,5.9757744,445.5,4.86,4.86
1945.0,50.4354978,5.9757938,445.8,4.86,4.86
1950.0,50.4354545,5.9758132,446.1,4.87,4.87
1955.0,50.4354113,5.9758326,446.4,4.87,4.87
1960.0,50.4353681,5.9758521,446.7,4.87,4.87
1965.0,50.4353248,5.9758715,447.0,4.88,4.87
1970.0,50.4352816,5.9758909,447.3,4.88,4.88
1975.0,50.4352384,5.9759103,447.6,4.88,4.88
1980.0,50.4351951,5.9759297,448.0,4.89,4.88
1985.0,50.4351519,5.9759490,448.3,4.89,4.89
1990.0,50.4351086,5.9759684,448.6,4.89,4.89
1995.0,50.4350654,5.9759878,449.0,4.90,4.89
2000.0,50.4350222,5.9760072,449.4,4.90,4.90
2005.0,50.4349789,5.9760266,449.7,4.90,4.90
2010.0,50.4349357,5.9760460,450.1,4.90,4.89
2015.0,50.4348924,5.9760653,450.5,4.90,4.89
2020.0,50.4348492,5.9760847,450.9,4.90,4.89
2025.0,50.4348060,5.9761041,451.3,4.91,4.89
2030.0,50.4347627,5.9761234,451.7,4.91,4.89
2035.0,50.4347195,5.9761428,452.1,4.91,4.89
2040.0,50.4346762,5.9761621,452.5,4.91,4.89
2045.0,50.4346330,5.9761815,452.8,4.91,4.89
2050.0,50.4345897,5.9762008,453.2,4.91,4.89
2055.0,50.4345465,5.9762202,453.5,4.91,4.89
2060.0,50.4345033,5.9762395,453.8,4.91,4.89
2065.0,50.4344600,5.9762589,454.1,4.92,4.88
2070.0,50.4344168,5.9762782,454.4,4.92,4.88
2075.0,50.4343735,5.9762976,454.7,4.92,4.88
2080.0,50.4343303,5.9763169,454.9,4.92,4.88
2085.0,50.4342870,5.9763363,455.1,4.92,4.88
2090.0,50.4342438,5.9763556,455.3,4.92,4.88
2095.0,50.4342005,5.9763749,455.5,4.92,4.88
2100.0,50.4341573,5.9763943,455.6,4.92,4.88
2105.0,50.4341140,5.9764136,455.8,4.93,4.88
2110.0,50.4340708,5.9764330,455.9,4.93,4.88
2115.0,50.4340276,5.9764523,456.0,4.93,4.88
2120.0,50.4339843,5.9764716,456.1,4.93,4.88
2125.0,50.4339411,5.9764910,456.2,4.93,4.87
2130.0,50.4338978,5.9765103,456.3,4.93,4.87
2135.0,50.4338546,5.9765296,456.4,4.93,4.87
2140.0,50.4338113,5.9765490,456.5,4.93,4.87
2145.0,50.4337681,5.9765683,456.5,4.94,4.87
2150.0,50.4337248,5.9765877,456.5,4.94,4.87
2155.0,50.4336816,5.9766070,456.6,4.94,4.87
2160.0,50.4336383,5.9766263,456.6,4.94,4.87
2165.0,50.4335951,5.9766457,456.6,4.94,4.87
2170.0,50.4335518,5.9766650,456.6,4.94,4.87
2175.0,50.4335086,5.9766844,456.6,4.94,4.87
2180.0,50.4334654,5.9767037,456.5,4.94,4.86
2185.0,50.4334221,5.9767231,456.5,4.95,4.86
2190.0,50.4333789,5.9767424,456.5,4.95,4.86
2195.0,50.4333356,5.9767618,456.5,4.95,4.86
2200.0,50.4332924,5.9767811,456.5,4.95,4.86
2205.0,50.4332491,5.9768005,456.5,4.95,4.86
2210.0,50.4332059,5.9768199,456.5,4.95,4.86
2215.0,50.4331626,5.9768392,456.6,4.95,4.86
2220.0,50.4331194,5.9768586,456.6,4.95,4.86
2225.0,50.4330762,5.9768779,456.7,4.96,4.86
2230.0,50.4330329,5.9768973,456.8,4.96,4.86
2235.0,50.4329897,5.9769167,456.9,4.96,4.85
2240.0,50.4329464,5.9769361,457.1,4.96,4.85
2245.0,50.4329032,5.9769555,457.2,4.96,4.85
2250.0,50.4328600,5.9769748,457.4,4.96,4.85
2255.0,50.4328167,5.9769942,457.6,4.96,4.85
2260.0,50.4327735,5.9770136,457.8,4.96,4.85
2265.0,50.4327303,5.9770330,458.0,4.97,4.85
2270.0,50.4326870,5.9770524,458.2,4.97,4.85
2275.0,50.4326438,5.9770718,458.4,4.97,4.85
2280.0,50.4326006,5.9770912,458.6,4.97,4.85
2285.0,50.4325573,5.9771107,458.9,4.97,4.85
2290.0,50.4325141,5.9771301,459.1,4.97,4.84
2295.0,50.4324709,5.9771495,459.3,4.97,4.84
2300.0,50.4324276,5.9771689,459.6,4.97,4.84
2305.0,50.4323844,5.9771884,459.8,4.97,4.84
2310.0,50.4323412,5.9772078,460.0,4.98,4.84
2315.0,50.4322979,5.9772272,460.2,4.98,4.84
2320.0,50.4322547,5.9772467,460.4,4.98,4.84
2325.0,50.4322115,5.9772662,460.6,4.98,4.84
2330.0,50.4321683,5.9772856,460.8,4.98,4.84
2335.0,50.4321251,5.9773051,461.0,4.98,4.84
2340.0,50.4320818,5.9773246,461.2,4.98,4.83
2345.0,50.4320386,5.9773440,461.4,4.98,4.81
2350.0,50.4319954,5.9773635,461.5,4.98,4.78
2355.0,50.4319522,5.9773830,461.7,4.97,4.75
2360.0,50.4319090,5.9774025,461.8,4.97,4.73
2365.0,50.4318657,5.9774220,462.0,4.97,4.75
2370.0,50.4318225,5.9774416,462.1,4.98,4.80
2375.0,50.4317793,5.9774611,462.2,4.98,4.84
2380.0,50.4317361,5.9774806,462.3,4.95,4.87
2385.0,50.4316928,5.9774997,462.4,4.81,4.86
2390.0,50.4316493,5.9775177,462.4,4.67,4.85
2395.0,50.4316055,5.9775337,462.5,4.59,4.90
2400.0,50.4315614,5.9775467,462.5,4.64,5.09
2405.0,50.4315168,5.9775557,462.5,4.68,5.22
2410.0,50.4314719,5.9775600,462.4,4.72,5.32
2415.0,50.4314270,5.9775585,462.3,4.80,5.32
2420.0,50.4313824,5.9775504,462.2,4.91,5.22
2425.0,50.4313386,5.9775347,462.1,5.02,5.19
2430.0,50.4312965,5.9775103,461.9,5.08,5.09
2435.0,50.4312570,5.9774769,461.8,5.06,4.98
2440.0,50.4312208,5.9774352,461.6,4.94,4.91
2445.0,50.4311877,5.9773876,461.3,4.73,4.91
2450.0,50.4311571,5.9773360,461.1,4.53,4.75
2455.0,50.4311288,5.9772811,460.8,4.35,4.62
2460.0,50.4311033,5.9772230,460.6,4.34,4.61
2465.0,50.4310809,5.9771618,460.4,4.47,4.37
2470.0,50.4310602,5.9770992,460.1,4.55,4.28
2475.0,50.4310383,5.9770376,459.9,4.55,4.27
2480.0,50.4310127,5.9769797,459.8,4.40,4.36
2485.0,50.4309829,5.9769269,459.6,4.38,4.37
2490.0,50.4309497,5.9768793,459.5,4.61,4.25
2495.0,50.4309138,5.9768369,459.5,4.57,4.28
2500.0,50.4308757,5.9767997,459.4,4.43,4.35
2505.0,50.4308357,5.9767675,459.5,4.39,4.34
2510.0,50.4307941,5.9767407,459.6,4.43,4.31
2515.0,50.4307512,5.9767198,459.7,4.43,4.29
2520.0,50.4307073,5.9767053,459.9,4.35,4.30
2525.0,50.4306626,5.9766981,460.2,4.34,4.29
2530.0,50.4306177,5.9766990,460.5,4.39,4.26
2535.0,50.4305731,5.9767079,460.9,4.26,4.28
2540.0,50.4305292,5.9767226,461.3,4.29,4.25
2545.0,50.4304856,5.9767398,461.7,4.33,4.21
2550.0,50.4304420,5.9767572,462.2,4.35,4.21
2555.0,50.4303984,5.9767743,462.7,4.37,4.23
2560.0,50.4303547,5.9767912,463.2,4.40,4.24
2565.0,50.4303110,5.9768080,463.7,4.42,4.25
2570.0,50.4302673,5.9768246,464.2,4.44,4.26
2575.0,50.4302236,5.9768413,464.8,4.46,4.27
2580.0,50.4301800,5.9768581,465.3,4.48,4.29
2585.0,50.4301363,5.9768751,465.8,4.50,4.30
2590.0,50.4300927,5.9768924,466.3,4.52,4.31
2595.0,50.4300492,5.9769101,466.8,4.54,4.32
2600.0,50.4300057,5.9769281,467.3,4.56,4.33
2605.0,50.4299623,5.9769464,467.7,4.58,4.35
2610.0,50.4299188,5.9769645,468.1,4.60,4.36
2615.0,50.4298752,5.9769816,468.5,4.61,4.38
2620.0,50.4298314,5.9769973,468.8,4.55,4.47
2625.0,50.4297872,5.9770109,469.1,4.38,4.65
2630.0,50.4297428,5.9770218,469.4,4.24,4.81
2635.0,50.4296981,5.9770294,469.7,4.22,4.85
2640.0,50.4296532,5.9770330,469.9,4.30,4.75
2645.0,50.4296083,5.9770319,470.1,4.34,4.59
2650.0,50.4295636,5.9770256,470.3,4.39,4.45
2655.0,50.4295193,5.9770135,470.4,4.46,4.43
2660.0,50.4294759,5.9769954,470.6,4.41,4.43
2665.0,50.4294337,5.9769712,470.7,4.39,4.29
2670.0,50.4293931,5.9769409,470.8,4.42,4.18
2675.0,50.4293547,5.9769045,471.0,4.34,4.21
2680.0,50.4293190,5.9768617,471.1,4.12,4.35
2685.0,50.4292867,5.9768127,471.1,4.06,4.61
2690.0,50.4292576,5.9767589,471.2,4.27,4.71
2695.0,50.4292308,5.9767023,471.3,4.43,4.68
2700.0,50.4292051,5.9766443,471.3,4.55,4.63
2705.0,50.4291798,5.9765860,471.3,4.64,4.59
2710.0,50.4291546,5.9765274,471.3,4.68,4.55
2715.0,50.4291294,5.9764690,471.3,4.69,4.51
2720.0,50.4291042,5.9764106,471.3,4.70,4.48
2725.0,50.4290788,5.9763523,471.2,4.70,4.47
2730.0,50.4290534,5.9762940,471.1,4.69,4.47
2735.0,50.4290280,5.9762358,471.0,4.68,4.48
2740.0,50.4290024,5.9761777,470.9,4.67,4.49
2745.0,50.4289769,5.9761196,470.7,4.65,4.49
2750.0,50.4289513,5.9760616,470.5,4.64,4.50
2755.0,50.4289256,5.9760036,470.3,4.63,4.51
2760.0,50.4288999,5.9759456,470.1,4.62,4.51
2765.0,50.4288742,5.9758877,469.9,4.61,4.52
2770.0,50.4288485,5.9758298,469.7,4.60,4.53
2775.0,50.4288227,5.9757719,469.4,4.59,4.54
2780.0,50.4287970,5.9757141,469.2,4.57,4.54
2785.0,50.4287712,5.9756563,468.9,4.56,4.55
2790.0,50.4287454,5.9755984,468.7,4.55,4.56
2795.0,50.4287196,5.9755406,468.4,4.54,4.56
2800.0,50.4286938,5.9754828,468.2,4.53,4.57
2805.0,50.4286680,5.9754249,467.9,4.52,4.58
2810.0,50.4286422,5.9753671,467.6,4.50,4.59
2815.0,50.4286165,5.9753092,467.4,4.49,4.59
2820.0,50.4285907,5.9752513,467.1,4.48,4.60
2825.0,50.4285650,5.9751934,466.9,4.47,4.61
2830.0,50.4285393,5.9751355,466.6,4.46,4.61
2835.0,50.4285136,5.9750776,466.3,4.45,4.62
2840.0,50.4284879,5.9750196,466.1,4.44,4.63
2845.0,50.4284622,5.9749617,465.8,4.42,4.63
2850.0,50.4284366,5.9749037,465.6,4.41,4.64
2855.0,50.4284109,5.9748457,465.4,4.40,4.65
2860.0,50.4283853,5.9747877,465.1,4.39,4.66
2865.0,50.4283596,5.9747297,464.9,4.38,4.66
2870.0,50.4283340,5.9746718,464.7,4.37,4.67
2875.0,50.4283083,5.9746138,464.6,4.36,4.68
2880.0,50.4282826,5.9745558,464.4,4.34,4.68
2885.0,50.4282570,5.9744978,464.2,4.33,4.69
2890.0,50.4282313,5.9744399,464.1,4.32,4.70
2895.0,50.4282056,5.9743819,463.9,4.31,4.71
2900.0,50.4281799,5.9743240,463.8,4.30,4.71
2905.0,50.4281542,5.9742661,463.6,4.29,4.72
2910.0,50.4281285,5.9742082,463.5,4.27,4.73
2915.0,50.4281027,5.9741503,463.4,4.26,4.73
2920.0,50.4280769,5.9740925,463.2,4.25,4.74
2925.0,50.4280511,5.9740347,463.1,4.24,4.75
2930.0,50.4280253,5.9739769,462.9,4.23,4.76
2935.0,50.4279994,5.9739191,462.8,4.22,4.76
2940.0,50.4279736,5.9738613,462.6,4.21,4.77
2945.0,50.4279478,5.9738035,462.4,4.19,4.78
2950.0,50.4279220,5.9737457,462.2,4.18,4.78
2955.0,50.4278963,5.9736878,461.9,4.17,4.79
2960.0,50.4278706,5.9736298,461.7,4.16,4.80
2965.0,50.4278450,5.9735718,461.4,4.15,4.80
2970.0,50.4278195,5.9735136,461.1,4.14,4.81
2975.0,50.4277942,5.9734553,460.8,4.12,4.82
2980.0,50.4277689,5.9733969,460.5,4.11,4.83
2985.0,50.4277440,5.9733382,460.1,4.10,4.83
2990.0,50.4277198,5.9732786,459.8,4.18,4.77
2995.0,50.4276977,5.9732172,459.4,4.46,4.56
3000.0,50.4276791,5.9731530,459.0,4.62,4.46
3005.0,50.4276656,5.9730859,458.6,4.38,4.73
3010.0,50.4276590,5.9730163,458.1,4.25,4.84
3015.0,50.4276593,5.9729458,457.7,4.29,4.71
3020.0,50.4276648,5.9728758,457.2,4.31,4.66
3025.0,50.4276732,5.9728065,456.7,4.37,4.60
3030.0,50.4276837,5.9727379,456.2,4.59,4.38
3035.0,50.4276970,5.9726705,455.7,4.67,4.32
3040.0,50.4277140,5.9726052,455.2,4.31,4.70
3045.0,50.4277347,5.9725426,454.6,4.09,4.89
3050.0,50.4277591,5.9724834,454.0,4.20,4.67
3055.0,50.4277870,5.9724282,453.5,4.36,4.46
3060.0,50.4278183,5.9723775,452.9,4.47,4.35
3065.0,50.4278527,5.9723322,452.4,4.39,4.42
3070.0,50.4278899,5.9722929,451.8,4.22,4.55
3075.0,50.4279296,5.9722599,451.3,4.16,4.59
3080.0,50.4279713,5.9722336,450.8,4.22,4.52
3085.0,50.4280145,5.9722143,450.3,4.27,4.48
3090.0,50.4280587,5.9722023,449.9,4.30,4.49
3095.0,50.4281036,5.9721979,449.6,4.28,4.53
3100.0,50.4281484,5.9722011,449.2,4.21,4.58
3105.0,50.4281928,5.9722115,449.0,4.18,4.55
3110.0,50.4282363,5.9722291,448.7,4.29,4.43
3115.0,50.4282784,5.9722535,448.6,4.39,4.33
3120.0,50.4283187,5.9722847,448.5,4.31,4.40
3125.0,50.4283567,5.9723223,448.4,4.26,4.46
3130.0,50.4283923,5.9723654,448.4,4.27,4.49
3135.0,50.4284254,5.9724131,448.5,4.29,4.50
3140.0,50.4284561,5.9724646,448.6,4.23,4.62
3145.0,50.4284846,5.9725192,448.8,4.14,4.77
3150.0,50.4285110,5.9725762,448.9,4.33,4.58
3155.0,50.4285357,5.9726352,449.2,4.60,4.25
3160.0,50.4285590,5.9726956,449.4,4.61,4.21
3165.0,50.4285813,5.9727570,449.7,4.56,4.27
3170.0,50.4286029,5.9728188,449.9,4.57,4.28
3175.0,50.4286245,5.9728808,450.2,4.59,4.28
3180.0,50.4286461,5.9729427,450.5,4.60,4.29
3185.0,50.4286679,5.9730044,450.7,4.61,4.29
3190.0,50.4286899,5.9730660,451.0,4.63,4.30
3195.0,50.4287122,5.9731273,451.2,4.64,4.31
3200.0,50.4287347,5.9731884,451.4,4.66,4.31
3205.0,50.4287574,5.9732493,451.6,4.67,4.32
3210.0,50.4287804,5.9733100,451.8,4.68,4.32
3215.0,50.4288036,5.9733705,452.0,4.68,4.34
3220.0,50.4288269,5.9734309,452.2,4.66,4.37
3225.0,50.4288504,5.9734911,452.3,4.64,4.40
3230.0,50.4288740,5.9735512,452.4,4.61,4.44
3235.0,50.4288977,5.9736112,452.5,4.59,4.47
3240.0,50.4289213,5.9736712,452.6,4.56,4.51
3245.0,50.4289450,5.9737312,452.6,4.53,4.53
3250.0,50.4289687,5.9737913,452.5,4.47,4.54
3255.0,50.4289924,5.9738513,452.4,4.41,4.55
3260.0,50.4290162,5.9739111,452.4,4.37,4.53
3265.0,50.4290409,5.9739701,452.1,4.41,4.44
3270.0,50.4290672,5.9740274,451.9,4.53,4.27
3275.0,50.4290956,5.9740821,451.6,4.63,4.20
3280.0,50.4291267,5.9741330,451.2,4.69,4.24
3285.0,50.4291607,5.9741790,450.7,4.68,4.25
3290.0,50.4291975,5.9742194,450.2,4.61,4.32
3295.0,50.4292367,5.9742539,449.6,4.49,4.50
3300.0,50.4292778,5.9742823,449.0,4.41,4.57
3305.0,50.4293205,5.9743040,448.2,4.44,4.50
3310.0,50.4293645,5.9743185,447.4,4.51,4.44
3315.0,50.4294091,5.9743256,446.5,4.66,4.40
3320.0,50.4294541,5.9743257,445.6,4.80,4.35
3325.0,50.4294988,5.9743199,444.6,4.83,4.28
3330.0,50.4295433,5.9743092,443.7,4.71,4.32
3335.0,50.4295872,5.9742946,442.6,4.56,4.41
3340.0,50.4296308,5.9742770,441.6,4.46,4.46
3345.0,50.4296739,5.9742570,440.6,4.44,4.50
3350.0,50.4297167,5.9742353,439.6,4.48,4.56
3355.0,50.4297592,5.9742124,438.6,4.53,4.62
3360.0,50.4298016,5.9741889,437.6,4.59,4.68
3365.0,50.4298440,5.9741652,436.7,4.64,4.74
3370.0,50.4298864,5.9741418,435.7,4.69,4.80
3375.0,50.4299289,5.9741186,434.9,4.74,4.86
3380.0,50.4299714,5.9740956,434.0,4.80,4.92
3385.0,50.4300139,5.9740727,433.1,4.85,4.98
3390.0,50.4300565,5.9740500,432.3,4.90,5.04
3395.0,50.4300991,5.9740275,431.5,4.95,5.10
3400.0,50.4301417,5.9740050,430.7,5.01,5.16
3405.0,50.4301844,5.9739825,430.0,5.06,5.22
3410.0,50.4302270,5.9739600,429.2,5.11,5.28
3415.0,50.4302696,5.9739376,428.5,5.16,5.34
3420.0,50.4303122,5.9739150,427.8,5.22,5.40
3425.0,50.4303548,5.9738924,427.1,5.27,5.46
3430.0,50.4303974,5.9738698,426.4,5.32,5.52
3435.0,50.4304400,5.9738473,425.8,5.36,5.56
3440.0,50.4304827,5.9738248,425.2,5.40,5.60
3445.0,50.4305253,5.9738026,424.6,5.43,5.63
3450.0,50.4305681,5.9737805,424.0,5.47,5.67
3455.0,50.4306108,5.9737588,423.5,5.51,5.71
3460.0,50.4306537,5.9737373,422.9,5.54,5.75
3465.0,50.4306966,5.9737163,422.5,5.58,5.78
3470.0,50.4307396,5.9736958,422.0,5.60,5.81
3475.0,50.4307828,5.9736758,421.6,5.58,5.83
3480.0,50.4308260,5.9736564,421.2,5.54,5.84
3485.0,50.4308693,5.9736375,420.8,5.49,5.85
3490.0,50.4309127,5.9736192,420.5,5.45,5.85
3495.0,50.4309563,5.9736014,420.1,5.40,5.86
3500.0,50.4309999,5.9735840,419.8,5.36,5.87
3505.0,50.4310435,5.9735672,419.5,5.32,5.87
3510.0,50.4310873,5.9735509,419.3,5.26,5.85
3515.0,50.4311311,5.9735350,419.0,5.17,5.73
3520.0,50.4311749,5.9735195,418.7,5.06,5.54
3525.0,50.4312189,5.9735044,418.5,4.95,5.35
3530.0,50.4312629,5.9734898,418.2,4.84,5.16
3535.0,50.4313069,5.9734755,418.0,4.73,4.97
3540.0,50.4313510,5.9734616,417.7,4.61,4.78
3545.0,50.4313951,5.9734480,417.4,4.50,4.59
3550.0,50.4314393,5.9734346,417.2,4.41,4.44
3555.0,50.4314834,5.9734215,416.9,4.39,4.39
3560.0,50.4315277,5.9734086,416.6,4.39,4.40
3565.0,50.4315719,5.9733958,416.3,4.39,4.41
3570.0,50.4316161,5.9733832,416.0,4.40,4.42
3575.0,50.4316604,5.9733706,415.7,4.40,4.43
3580.0,50.4317046,5.9733581,415.4,4.40,4.44
3585.0,50.4317489,5.9733456,415.0,4.41,4.45
3590.0,50.4317931,5.9733331,414.7,4.41,4.46
3595.0,50.4318374,5.9733206,414.4,4.41,4.47
3600.0,50.4318817,5.9733081,414.1,4.42,4.48
3605.0,50.4319259,5.9732956,413.8,4.42,4.49
3610.0,50.4319702,5.9732831,413.4,4.43,4.50
3615.0,50.4320144,5.9732705,413.1,4.43,4.51
3620.0,50.4320587,5.9732580,412.8,4.43,4.52
3625.0,50.4321029,5.9732454,412.5,4.44,4.53
3630.0,50.4321472,5.9732329,412.2,4.44,4.54
3635.0,50.4321914,5.9732203,411.9,4.44,4.55
3640.0,50.4322357,5.9732078,411.7,4.45,4.56
3645.0,50.4322799,5.9731952,411.4,4.45,4.57
3650.0,50.4323242,5.9731826,411.1,4.45,4.58
3655.0,50.4323684,5.9731701,410.8,4.46,4.59
3660.0,50.4324126,5.9731575,410.5,4.46,4.60
3665.0,50.4324569,5.9731449,410.2,4.46,4.60
3670.0,50.4325011,5.9731324,409.9,4.47,4.61
3675.0,50.4325454,5.9731198,409.6,4.47,4.62
3680.0,50.4325896,5.9731072,409.3,4.46,4.63
3685.0,50.4326339,5.9730947,409.0,4.44,4.63
3690.0,50.4326781,5.9730821,408.7,4.43,4.63
3695.0,50.4327224,5.9730696,408.4,4.41,4.63
3700.0,50.4327666,5.9730570,408.1,4.40,4.63
3705.0,50.4328109,5.9730446,407.8,4.38,4.63
3710.0,50.4328552,5.9730321,407.5,4.37,4.64
3715.0,50.4328994,5.9730198,407.2,4.35,4.64
3720.0,50.4329437,5.9730076,407.0,4.34,4.64
3725.0,50.4329880,5.9729955,406.7,4.32,4.64
3730.0,50.4330324,5.9729836,406.4,4.31,4.64
3735.0,50.4330767,5.9729719,406.1,4.29,4.64
3740.0,50.4331211,5.9729604,405.8,4.27,4.64
3745.0,50.4331654,5.9729491,405.5,4.26,4.65
3750.0,50.4332099,5.9729380,405.2,4.24,4.65
3755.0,50.4332543,5.9729269,405.0,4.23,4.65
3760.0,50.4332987,5.9729156,404.7,4.21,4.65
3765.0,50.4333430,5.9729038,404.4,4.20,4.64
3770.0,50.4333872,5.9728910,404.1,4.22,4.57
3775.0,50.4334313,5.9728770,403.8,4.27,4.44
3780.0,50.4334751,5.9728614,403.6,4.34,4.32
3785.0,50.4335187,5.9728440,403.3,4.46,4.24
3790.0,50.4335619,5.9728243,403.0,4.60,4.16
3795.0,50.4336045,5.9728020,402.7,4.67,4.11
3800.0,50.4336466,5.9727769,402.4,4.64,4.08
3805.0,50.4336878,5.9727488,402.1,4.60,4.08
3810.0,50.4337281,5.9727176,401.8,4.60,4.15
3815.0,50.4337674,5.9726833,401.5,4.62,4.27
3820.0,50.4338056,5.9726460,401.2,4.63,4.35
3825.0,50.4338425,5.9726058,400.9,4.62,4.40
3830.0,50.4338781,5.9725626,400.6,4.63,4.42
3835.0,50.4339122,5.9725167,400.2,4.67,4.39
3840.0,50.4339447,5.9724679,399.9,4.74,4.34
3845.0,50.4339754,5.9724164,399.5,4.62,4.42
3850.0,50.4340042,5.9723622,399.1,4.37,4.62
3855.0,50.4340309,5.9723055,398.7,4.39,4.58
3860.0,50.4340555,5.9722464,398.4,4.58,4.39
3865.0,50.4340781,5.9721854,397.9,4.61,4.29
3870.0,50.4340994,5.9721232,397.5,4.57,4.23
3875.0,50.4341196,5.9720601,397.1,4.51,4.23
3880.0,50.4341383,5.9719960,396.6,4.44,4.28
3885.0,50.4341546,5.9719302,396.2,4.42,4.29
3890.0,50.4341676,5.9718627,395.7,4.50,4.21
3895.0,50.4341774,5.9717938,395.2,4.54,4.23
3900.0,50.4341841,5.9717240,394.7,4.45,4.42
3905.0,50.4341884,5.9716538,394.2,4.40,4.50
3910.0,50.4341916,5.9715834,393.7,4.41,4.45
3915.0,50.4341948,5.9715130,393.2,4.41,4.40
3920.0,50.4341984,5.9714426,392.7,4.42,4.35
3925.0,50.4342024,5.9713723,392.2,4.42,4.30
3930.0,50.4342064,5.9713019,391.7,4.43,4.25
3935.0,50.4342105,5.9712316,391.2,4.43,4.21
3940.0,50.4342143,5.9711613,390.7,4.43,4.16
3945.0,50.4342179,5.9710909,390.2,4.44,4.11
3950.0,50.4342210,5.9710205,389.7,4.44,4.06
3955.0,50.4342234,5.9709500,389.2,4.45,4.01
3960.0,50.4342251,5.9708794,388.7,4.53,4.15
3965.0,50.4342258,5.9708089,388.3,4.56,4.26
3970.0,50.4342254,5.9707383,387.8,4.52,4.19
3975.0,50.4342238,5.9706677,387.4,4.47,4.13
3980.0,50.4342210,5.9705973,386.9,4.42,4.09
3985.0,50.4342169,5.9705270,386.5,4.39,4.14
3990.0,50.4342114,5.9704569,386.1,4.36,4.23
3995.0,50.4342046,5.9703871,385.7,4.35,4.29
4000.0,50.4341963,5.9703178,385.3,4.35,4.30
4005.0,50.4341864,5.9702489,384.9,4.37,4.30
4010.0,50.4341750,5.9701806,384.5,4.43,4.24
4015.0,50.4341620,5.9701131,384.2,4.54,4.13
4020.0,50.4341472,5.9700464,383.9,4.64,4.03
4025.0,50.4341308,5.9699807,383.6,4.75,3.92
4030.0,50.4341127,5.9699160,383.3,4.73,3.94
4035.0,50.4340931,5.9698525,383.0,4.60,4.09
4040.0,50.4340721,5.9697901,382.8,4.49,4.23
4045.0,50.4340498,5.9697288,382.5,4.41,4.35
4050.0,50.4340264,5.9696686,382.3,4.36,4.46
4055.0,50.4340017,5.9696095,382.1,4.41,4.44
4060.0,50.4339760,5.9695516,381.9,4.56,4.29
4065.0,50.4339492,5.9694950,381.7,4.58,4.31
4070.0,50.4339212,5.9694397,381.5,4.41,4.57
4075.0,50.4338921,5.9693859,381.3,4.32,4.69
4080.0,50.4338618,5.9693337,381.1,4.36,4.62
4085.0,50.4338305,5.9692831,380.9,4.43,4.51
4090.0,50.4337981,5.9692342,380.7,4.51,4.37
4095.0,50.4337647,5.9691869,380.6,4.59,4.22
4100.0,50.4337304,5.9691413,380.4,4.65,4.15
4105.0,50.4336951,5.9690975,380.2,4.68,4.16
4110.0,50.4336590,5.9690555,380.1,4.70,4.19
4115.0,50.4336220,5.9690153,379.9,4.69,4.18
4120.0,50.4335843,5.9689769,379.8,4.66,4.11
4125.0,50.4335458,5.9689404,379.6,4.62,4.06
4130.0,50.4335066,5.9689058,379.4,4.58,4.10
4135.0,50.4334668,5.9688730,379.3,4.52,4.20
4140.0,50.4334265,5.9688419,379.1,4.47,4.29
4145.0,50.4333857,5.9688122,379.0,4.43,4.35
4150.0,50.4333445,5.9687839,378.9,4.42,4.37
4155.0,50.4333030,5.9687567,378.7,4.42,4.37
4160.0,50.4332613,5.9687303,378.6,4.42,4.38
4165.0,50.4332194,5.9687046,378.4,4.41,4.38
4170.0,50.4331774,5.9686794,378.3,4.41,4.39
4175.0,50.4331353,5.9686544,378.2,4.40,4.39
4180.0,50.4330933,5.9686294,378.0,4.40,4.40
4185.0,50.4330513,5.9686042,377.9,4.39,4.40
4190.0,50.4330093,5.9685787,377.7,4.39,4.41
4195.0,50.4329675,5.9685529,377.6,4.39,4.41
4200.0,50.4329257,5.9685268,377.5,4.38,4.42
4205.0,50.4328840,5.9685004,377.4,4.38,4.42
4210.0,50.4328423,5.9684738,377.2,4.37,4.43
4215.0,50.4328007,5.9684471,377.1,4.37,4.43
4220.0,50.4327591,5.9684203,377.0,4.37,4.44
4225.0,50.4327175,5.9683935,376.9,4.36,4.45
4230.0,50.4326759,5.9683666,376.8,4.36,4.45
4235.0,50.4326343,5.9683398,376.8,4.36,4.45
4240.0,50.4325927,5.9683131,376.7,4.36,4.45
4245.0,50.4325511,5.9682866,376.6,4.36,4.45
4250.0,50.4325094,5.9682601,376.6,4.37,4.45
4255.0,50.4324676,5.9682338,376.6,4.37,4.46
4260.0,50.4324259,5.9682075,376.5,4.37,4.46
4265.0,50.4323842,5.9681813,376.5,4.37,4.46
4270.0,50.4323424,5.9681551,376.5,4.38,4.46
4275.0,50.4323006,5.9681289,376.6,4.38,4.46
4280.0,50.4322589,5.9681027,376.6,4.38,4.46
4285.0,50.4322171,5.9680765,376.7,4.38,4.46
4290.0,50.4321754,5.9680502,376.7,4.38,4.46
4295.0,50.4321337,5.9680239,376.8,4.39,4.46
4300.0,50.4320920,5.9679975,376.9,4.39,4.46
4305.0,50.4320503,5.9679710,377.0,4.39,4.46
4310.0,50.4320086,5.9679444,377.1,4.39,4.47
4315.0,50.4319670,5.9679178,377.3,4.40,4.47
4320.0,50.4319253,5.9678912,377.4,4.40,4.47
4325.0,50.4318837,5.9678646,377.5,4.40,4.47
4330.0,50.4318420,5.9678379,377.7,4.40,4.47
4335.0,50.4318004,5.9678113,377.9,4.41,4.47
4340.0,50.4317587,5.9677847,378.0,4.41,4.47
4345.0,50.4317171,5.9677582,378.2,4.41,4.47
4350.0,50.4316754,5.9677317,378.4,4.41,4.47
4355.0,50.4316337,5.9677053,378.5,4.42,4.47
4360.0,50.4315920,5.9676790,378.7,4.42,4.47
4365.0,50.4315502,5.9676527,378.9,4.42,4.48
4370.0,50.4315085,5.9676264,379.1,4.42,4.48
4375.0,50.4314668,5.9676001,379.3,4.42,4.48
4380.0,50.4314250,5.9675738,379.5,4.43,4.48
4385.0,50.4313833,5.9675474,379.8,4.43,4.48
4390.0,50.4313416,5.9675210,380.0,4.43,4.48
4395.0,50.4312999,5.9674945,380.2,4.43,4.48
4400.0,50.4312583,5.9674679,380.4,4.44,4.48
4405.0,50.4312167,5.9674412,380.7,4.44,4.48
4410.0,50.4311751,5.9674144,381.0,4.44,4.48
4415.0,50.4311335,5.9673876,381.2,4.44,4.48
4420.0,50.4310918,5.9673609,381.5,4.45,4.49
4425.0,50.4310501,5.9673345,381.8,4.45,4.49
4430.0,50.4310084,5.9673084,382.0,4.45,4.49
4435.0,50.4309665,5.9672827,382.3,4.46,4.42
4440.0,50.4309246,5.9672572,382.6,4.47,4.30
4445.0,50.4308827,5.9672313,382.8,4.48,4.32
4450.0,50.4308412,5.9672043,383.1,4.41,4.42
4455.0,50.4308001,5.9671757,383.3,4.29,4.47
4460.0,50.4307596,5.9671448,383.5,4.17,4.43
4465.0,50.4307201,5.9671111,383.7,4.04,4.32
4470.0,50.4306817,5.9670745,383.9,3.92,4.27
4475.0,50.4306446,5.9670347,384.0,3.82,4.30
4480.0,50.4306090,5.9669916,384.0,3.73,4.34
4485.0,50.4305752,5.9669451,384.0,3.72,4.32
4490.0,50.4305435,5.9668951,384.1,3.83,4.23
4495.0,50.4305139,5.9668419,384.0,3.97,4.10
4500.0,50.4304868,5.9667857,383.9,4.11,3.98
4505.0,50.4304622,5.9667267,383.7,4.16,3.92
4510.0,50.4304403,5.9666650,383.6,3.90,4.09
4515.0,50.4304214,5.9666010,383.3,3.62,4.28
4520.0,50.4304055,5.9665351,383.1,3.63,4.26
4525.0,50.4303927,5.9664674,382.8,3.76,4.17
4530.0,50.4303831,5.9663985,382.6,3.87,4.15
4535.0,50.4303766,5.9663287,382.2,3.96,4.17
4540.0,50.4303733,5.9662583,381.9,3.92,4.23
4545.0,50.4303733,5.9661877,381.6,3.77,4.32
4550.0,50.4303769,5.9661174,381.2,3.61,4.42
4555.0,50.4303846,5.9660480,380.9,3.67,4.36
4560.0,50.4303963,5.9659799,380.5,3.89,4.17
4565.0,50.4304107,5.9659130,380.2,4.10,4.02
4570.0,50.4304264,5.9658468,379.8,4.16,4.13
4575.0,50.4304428,5.9657811,379.5,4.13,4.38
4580.0,50.4304603,5.9657161,379.1,4.16,4.53
4585.0,50.4304791,5.9656520,378.8,4.27,4.58
4590.0,50.4304995,5.9655891,378.5,4.39,4.56
4595.0,50.4305217,5.9655277,378.2,4.52,4.51
4600.0,50.4305456,5.9654679,377.8,4.59,4.46
4605.0,50.4305704,5.9654091,377.5,4.61,4.44
4610.0,50.4305953,5.9653502,377.2,4.62,4.42
4615.0,50.4306192,5.9652904,377.0,4.62,4.39
4620.0,50.4306412,5.9652289,376.7,4.59,4.34
4625.0,50.4306602,5.9651650,376.4,4.56,4.29
4630.0,50.4306759,5.9650988,376.1,4.57,4.22
4635.0,50.4306883,5.9650310,375.9,4.61,4.15
4640.0,50.4306978,5.9649621,375.6,4.55,4.18
4645.0,50.4307046,5.9648923,375.4,4.46,4.29
4650.0,50.4307092,5.9648221,375.1,4.37,4.43
4655.0,50.4307114,5.9647516,374.9,4.41,4.42
4660.0,50.4307108,5.9646811,374.7,4.58,4.22
4665.0,50.4307062,5.9646109,374.6,4.73,4.02
4670.0,50.4306975,5.9645417,374.4,4.62,4.04
4675.0,50.4306852,5.9644738,374.3,4.39,4.16
4680.0,50.4306701,5.9644074,374.2,4.33,4.22
4685.0,50.4306526,5.9643424,374.1,4.38,4.23
4690.0,50.4306327,5.9642791,374.0,4.46,4.21
4695.0,50.4306104,5.9642179,374.0,4.56,4.14
4700.0,50.4305857,5.9641589,374.0,4.57,4.17
4705.0,50.4305586,5.9641025,374.1,4.45,4.35
4710.0,50.4305293,5.9640490,374.1,4.42,4.44
4715.0,50.4304976,5.9639990,374.2,4.56,4.34
4720.0,50.4304636,5.9639529,374.3,4.67,4.25
4725.0,50.4304276,5.9639106,374.4,4.63,4.28
4730.0,50.4303904,5.9638709,374.5,4.54,4.34
4735.0,50.4303527,5.9638326,374.7,4.51,4.37
4740.0,50.4303147,5.9637947,374.8,4.50,4.38
4745.0,50.4302766,5.9637572,375.0,4.49,4.40
4750.0,50.4302384,5.9637200,375.1,4.49,4.41
4755.0,50.4302001,5.9636830,375.3,4.48,4.43
4760.0,50.4301618,5.9636462,375.4,4.47,4.44
4765.0,50.4301234,5.9636094,375.6,4.47,4.46
4770.0,50.4300850,5.9635727,375.7,4.46,4.47
4775.0,50.4300466,5.9635359,375.8,4.45,4.49
4780.0,50.4300083,5.9634990,375.9,4.45,4.51
4785.0,50.4299700,5.9634619,376.0,4.44,4.52
4790.0,50.4299318,5.9634246,376.1,4.43,4.54
4795.0,50.4298937,5.9633871,376.2,4.43,4.55
4800.0,50.4298557,5.9633493,376.3,4.42,4.57
4805.0,50.4298178,5.9633114,376.3,4.41,4.58
4810.0,50.4297800,5.9632733,376.4,4.44,4.60
4815.0,50.4297422,5.9632350,376.5,4.48,4.63
4820.0,50.4297044,5.9631966,376.5,4.53,4.65
4825.0,50.4296667,5.9631581,376.6,4.58,4.67
4830.0,50.4296291,5.9631196,376.6,4.63,4.70
4835.0,50.4295914,5.9630810,376.6,4.68,4.72
4840.0,50.4295538,5.9630423,376.7,4.71,4.72
4845.0,50.4295162,5.9630037,376.7,4.68,4.69
4850.0,50.4294785,5.9629650,376.8,4.63,4.64
4855.0,50.4294409,5.9629264,376.8,4.58,4.59
4860.0,50.4294032,5.9628879,376.9,4.53,4.54
4865.0,50.4293655,5.9628494,376.9,4.48,4.49
4870.0,50.4293278,5.9628111,377.0,4.43,4.44
4875.0,50.4292900,5.9627728,377.1,4.39,4.39
4880.0,50.4292521,5.9627348,377.2,4.38,4.35
4885.0,50.4292141,5.9626969,377.3,4.40,4.33
4890.0,50.4291761,5.9626592,377.4,4.43,4.31
4895.0,50.4291380,5.9626217,377.5,4.45,4.29
4900.0,50.4290998,5.9625844,377.6,4.48,4.27
4905.0,50.4290617,5.9625469,377.7,4.51,4.25
4910.0,50.4290239,5.9625087,377.8,4.54,4.23
4915.0,50.4289866,5.9624694,377.9,4.40,4.42
4920.0,50.4289500,5.9624283,378.0,4.21,4.69
4925.0,50.4289145,5.9623850,378.0,4.07,4.91
4930.0,50.4288806,5.9623387,378.1,4.18,4.82
4935.0,50.4288494,5.9622879,378.1,4.40,4.59
4940.0,50.4288221,5.9622320,378.1,4.43,4.60
4945.0,50.4287994,5.9621712,378.0,4.36,4.72
4950.0,50.4287811,5.9621068,377.9,4.29,4.82
4955.0,50.4287672,5.9620397,377.7,4.20,4.86
4960.0,50.4287582,5.9619707,377.5,4.19,4.81
4965.0,50.4287547,5.9619004,377.2,4.39,4.55
4970.0,50.4287563,5.9618299,376.9,4.49,4.44
4975.0,50.4287619,5.9617599,376.5,4.41,4.57
4980.0,50.4287703,5.9616906,376.1,4.32,4.66
4985.0,50.4287818,5.9616224,375.6,4.24,4.68
4990.0,50.4287974,5.9615563,375.1,4.22,4.64
4995.0,50.4288183,5.9614939,374.6,4.22,4.58
5000.0,50.4288432,5.9614352,374.0,4.32,4.48
5005.0,50.4288698,5.9613782,373.4,4.46,4.36
5010.0,50.4288964,5.9613213,372.8,4.51,4.32
5015.0,50.4289228,5.9612642,372.2,4.52,4.31
5020.0,50.4289491,5.9612069,371.6,4.53,4.31
5025.0,50.4289752,5.9611494,371.1,4.53,4.30
5030.0,50.4290012,5.9610918,370.5,4.54,4.30
5035.0,50.4290271,5.9610341,370.0,4.55,4.29
5040.0,50.4290530,5.9609764,369.4,4.56,4.29
5045.0,50.4290789,5.9609187,369.0,4.56,4.28
5050.0,50.4291049,5.9608611,368.5,4.57,4.28
5055.0,50.4291310,5.9608036,368.1,4.58,4.27
5060.0,50.4291572,5.9607462,367.6,4.59,4.26
5065.0,50.4291836,5.9606890,367.3,4.59,4.26
5070.0,50.4292100,5.9606319,366.9,4.60,4.25
5075.0,50.4292364,5.9605747,366.7,4.61,4.25
5080.0,50.4292625,5.9605173,366.4,4.62,4.24
5085.0,50.4292884,5.9604596,366.2,4.63,4.24
5090.0,50.4293139,5.9604014,365.9,4.63,4.23
5095.0,50.4293391,5.9603429,365.8,4.64,4.22
5100.0,50.4293642,5.9602844,365.6,4.59,4.31
5105.0,50.4293896,5.9602261,365.5,4.49,4.48
5110.0,50.4294155,5.9601684,365.4,4.37,4.67
5115.0,50.4294424,5.9601118,365.4,4.33,4.76
5120.0,50.4294703,5.9600564,365.3,4.36,4.74
5125.0,50.4294995,5.9600028,365.4,4.42,4.70
5130.0,50.4295301,5.9599511,365.4,4.42,4.69
5135.0,50.4295623,5.9599019,365.5,4.38,4.74
5140.0,50.4295962,5.9598555,365.6,4.32,4.79
5145.0,50.4296318,5.9598124,365.8,4.42,4.71
5150.0,50.4296690,5.9597727,366.0,4.59,4.56
5155.0,50.4297075,5.9597363,366.3,4.55,4.57
5160.0,50.4297471,5.9597030,366.6,4.41,4.64
5165.0,50.4297877,5.9596726,367.0,4.33,4.68
5170.0,50.4298290,5.9596449,367.3,4.33,4.65
5175.0,50.4298711,5.9596199,367.8,4.35,4.61
5180.0,50.4299138,5.9595976,368.3,4.33,4.60
5185.0,50.4299570,5.9595784,368.8,4.26,4.65
5190.0,50.4300008,5.9595624,369.3,4.17,4.70
5195.0,50.4300450,5.9595499,369.9,4.17,4.69
5200.0,50.4300896,5.9595411,370.4,4.25,4.64
5205.0,50.4301345,5.9595360,371.0,4.35,4.57
5210.0,50.4301794,5.9595348,371.6,4.37,4.50
5215.0,50.4302243,5.9595376,372.1,4.35,4.43
5220.0,50.4302691,5.9595445,372.7,4.31,4.39
5225.0,50.4303135,5.9595556,373.2,4.24,4.38
5230.0,50.4303574,5.9595709,373.7,4.16,4.40
5235.0,50.4304007,5.9595895,374.2,4.12,4.46
5240.0,50.4304436,5.9596106,374.7,4.09,4.55
5245.0,50.4304862,5.9596335,375.1,4.09,4.58
5250.0,50.4305285,5.9596573,375.4,4.10,4.59
5255.0,50.4305708,5.9596814,375.8,4.12,4.61
5260.0,50.4306130,5.9597055,376.1,4.14,4.62
5265.0,50.4306553,5.9597297,376.3,4.16,4.63
5270.0,50.4306975,5.9597540,376.6,4.17,4.64
5275.0,50.4307397,5.9597785,376.7,4.19,4.65
5280.0,50.4307818,5.9598032,376.9,4.21,4.66
5285.0,50.4308238,5.9598284,377.0,4.22,4.67
5290.0,50.4308657,5.9598540,377.1,4.24,4.68
5295.0,50.4309075,5.9598801,377.2,4.26,4.69
5300.0,50.4309491,5.9599067,377.2,4.28,4.71
5305.0,50.4309906,5.9599340,377.2,4.29,4.73
5310.0,50.4310319,5.9599620,377.2,4.29,4.75
5315.0,50.4310730,5.9599907,377.1,4.29,4.78
5320.0,50.4311138,5.9600201,377.1,4.29,4.81
5325.0,50.4311544,5.9600505,377.0,4.33,4.76
5330.0,50.4311947,5.9600818,376.9,4.40,4.64
5335.0,50.4312347,5.9601140,376.7,4.48,4.50
5340.0,50.4312744,5.9601473,376.6,4.48,4.46
5345.0,50.4313137,5.9601815,376.5,4.45,4.47
5350.0,50.4313527,5.9602166,376.3,4.41,4.48
5355.0,50.4313914,5.9602527,376.2,4.39,4.48
5360.0,50.4314297,5.9602897,376.1,4.41,4.48
5365.0,50.4314676,5.9603276,376.0,4.45,4.47
5370.0,50.4315052,5.9603662,375.8,4.47,4.46
5375.0,50.4315425,5.9604057,375.8,4.44,4.43
5380.0,50.4315794,5.9604460,375.7,4.41,4.40
5385.0,50.4316160,5.9604870,375.6,4.37,4.38
5390.0,50.4316523,5.9605288,375.6,4.34,4.35
5395.0,50.4316882,5.9605712,375.6,4.28,4.38
5400.0,50.4317238,5.9606144,375.7,4.23,4.42
5405.0,50.4317591,5.9606582,375.8,4.17,4.45
5410.0,50.4317941,5.9607026,375.9,4.12,4.49
5415.0,50.4318287,5.9607476,376.0,4.08,4.51
5420.0,50.4318630,5.9607932,376.2,4.06,4.51
5425.0,50.4318970,5.9608393,376.4,4.05,4.51
5430.0,50.4319308,5.9608860,376.6,4.03,4.50
5435.0,50.4319642,5.9609333,376.9,4.02,4.50
5440.0,50.4319973,5.9609810,377.1,4.04,4.51
5445.0,50.4320302,5.9610292,377.4,4.08,4.53
5450.0,50.4320628,5.9610778,377.7,4.11,4.55
5455.0,50.4320952,5.9611268,378.0,4.15,4.57
5460.0,50.4321274,5.9611761,378.4,4.18,4.59
5465.0,50.4321594,5.9612257,378.7,4.22,4.60
5470.0,50.4321913,5.9612754,379.0,4.26,4.62
5475.0,50.4322231,5.9613253,379.4,4.29,4.64
5480.0,50.4322548,5.9613753,379.7,4.33,4.66
5485.0,50.4322866,5.9614254,380.1,4.37,4.68
5490.0,50.4323183,5.9614754,380.4,4.40,4.70
5495.0,50.4323501,5.9615253,380.8,4.44,4.72
5500.0,50.4323820,5.9615751,381.1,4.47,4.74
5505.0,50.4324139,5.9616247,381.5,4.50,4.74
5510.0,50.4324459,5.9616744,381.8,4.52,4.75
5515.0,50.4324779,5.9617240,382.1,4.54,4.75
5520.0,50.4325097,5.9617738,382.4,4.56,4.75
5525.0,50.4325415,5.9618239,382.7,4.58,4.76
5530.0,50.4325730,5.9618742,383.0,4.60,4.76
5535.0,50.4326043,5.9619249,383.2,4.61,4.78
5540.0,50.4326352,5.9619762,383.5,4.58,4.83
5545.0,50.4326658,5.9620279,383.7,4.55,4.88
5550.0,50.4326959,5.9620803,383.9,4.51,4.94
5555.0,50.4327256,5.9621334,384.0,4.47,5.00
5560.0,50.4327547,5.9621871,384.2,4.43,5.06
5565.0,50.4327833,5.9622416,384.3,4.43,5.05
5570.0,50.4328114,5.9622968,384.5,4.47,4.98
5575.0,50.4328389,5.9623526,384.6,4.51,4.90
5580.0,50.4328659,5.9624091,384.7,4.56,4.81
5585.0,50.4328923,5.9624663,384.8,4.60,4.72
5590.0,50.4329181,5.9625240,384.9,4.65,4.64
5595.0,50.4329434,5.9625824,385.0,4.64,4.63
5600.0,50.4329681,5.9626414,385.0,4.55,4.73
5605.0,50.4329922,5.9627010,385.1,4.44,4.86
5610.0,50.4330158,5.9627611,385.2,4.33,4.98
5615.0,50.4330388,5.9628218,385.2,4.34,4.99
5620.0,50.4330613,5.9628829,385.3,4.43,4.91
5625.0,50.4330834,5.9629444,385.4,4.52,4.81
5630.0,50.4331050,5.9630063,385.4,4.62,4.72
5635.0,50.4331264,5.9630684,385.5,4.69,4.65
5640.0,50.4331474,5.9631308,385.6,4.71,4.65
5645.0,50.4331682,5.9631934,385.6,4.70,4.66
5650.0,50.4331889,5.9632561,385.7,4.70,4.67
5655.0,50.4332094,5.9633189,385.8,4.70,4.68
5660.0,50.4332299,5.9633818,385.8,4.70,4.70
5665.0,50.4332503,5.9634447,385.9,4.70,4.71
5670.0,50.4332707,5.9635075,386.0,4.70,4.72
5675.0,50.4332912,5.9635704,386.1,4.70,4.73
5680.0,50.4333117,5.9636333,386.2,4.69,4.75
5685.0,50.4333322,5.9636961,386.2,4.69,4.76
5690.0,50.4333527,5.9637589,386.3,4.69,4.77
5695.0,50.4333734,5.9638216,386.4,4.69,4.78
5700.0,50.4333941,5.9638843,386.5,4.69,4.80
5705.0,50.4334149,5.9639469,386.6,4.70,4.82
5710.0,50.4334358,5.9640094,386.7,4.72,4.85
5715.0,50.4334568,5.9640718,386.8,4.75,4.89
5720.0,50.4334779,5.9641341,386.9,4.78,4.92
5725.0,50.4334992,5.9641963,387.1,4.81,4.96
5730.0,50.4335205,5.9642585,387.2,4.84,5.00
5735.0,50.4335417,5.9643207,387.3,4.87,5.03
5740.0,50.4335630,5.9643829,387.5,4.90,5.07
5745.0,50.4335842,5.9644452,387.7,4.93,5.11
5750.0,50.4336053,5.9645076,387.8,4.96,5.14
5755.0,50.4336262,5.9645701,388.0,4.99,5.18
5760.0,50.4336469,5.9646327,388.2,5.02,5.21
5765.0,50.4336674,5.9646956,388.4,5.04,5.25
5770.0,50.4336876,5.9647586,388.6,5.07,5.29
5775.0,50.4337075,5.9648219,388.9,5.06,5.26
5780.0,50.4337272,5.9648854,389.1,5.01,5.17
5785.0,50.4337468,5.9649489,389.3,4.96,5.08
5790.0,50.4337664,5.9650125,389.6,4.90,4.99
5795.0,50.4337862,5.9650759,389.8,4.85,4.90
5800.0,50.4338061,5.9651392,390.1,4.79,4.80
5805.0,50.4338264,5.9652021,390.3,4.74,4.71
5810.0,50.4338472,5.9652648,390.5,4.74,4.62
5815.0,50.4338685,5.9653270,390.8,4.82,4.53
5820.0,50.4338904,5.9653886,391.0,4.92,4.44
5825.0,50.4339131,5.9654495,391.2,5.02,4.34
5830.0,50.4339366,5.9655097,391.5,4.97,4.44
5835.0,50.4339608,5.9655692,391.7,4.85,4.62
5840.0,50.4339858,5.9656279,391.9,4.73,4.82
5845.0,50.4340115,5.9656858,392.0,4.69,4.90
5850.0,50.4340379,5.9657430,392.2,4.81,4.78
5855.0,50.4340649,5.9657994,392.4,4.97,4.62
5860.0,50.4340926,5.9658551,392.5,5.01,4.56
5865.0,50.4341208,5.9659100,392.6,4.95,4.61
5870.0,50.4341496,5.9659642,392.8,4.87,4.67
5875.0,50.4341790,5.9660177,392.9,4.81,4.71
5880.0,50.4342088,5.9660705,393.0,4.83,4.72
5885.0,50.4342392,5.9661226,393.1,4.86,4.72
5890.0,50.4342700,5.9661740,393.3,4.89,4.72
5895.0,50.4343014,5.9662246,393.4,4.92,4.72
5900.0,50.4343332,5.9662744,393.5,4.93,4.70
5905.0,50.4343655,5.9663235,393.6,4.92,4.68
5910.0,50.4343984,5.9663717,393.7,4.91,4.65
5915.0,50.4344317,5.9664191,393.9,4.91,4.63
5920.0,50.4344655,5.9664657,394.0,4.90,4.60
5925.0,50.4344998,5.9665114,394.2,4.88,4.56
5930.0,50.4345345,5.9665562,394.3,4.85,4.51
5935.0,50.4345698,5.9666001,394.5,4.83,4.47
5940.0,50.4346055,5.9666430,394.7,4.75,4.51
5945.0,50.4346417,5.9666848,394.9,4.64,4.61
5950.0,50.4346784,5.9667254,395.1,4.54,4.71
5955.0,50.4347158,5.9667648,395.3,4.56,4.72
5960.0,50.4347537,5.9668028,395.6,4.61,4.71
5965.0,50.4347922,5.9668393,395.9,4.73,4.68
5970.0,50.4348312,5.9668743,396.2,4.90,4.63
5975.0,50.4348707,5.9669082,396.5,5.08,4.57
5980.0,50.4349105,5.9669410,396.9,5.07,4.57
5985.0,50.4349506,5.9669729,397.2,5.00,4.58
5990.0,50.4349909,5.9670042,397.6,4.91,4.59
5995.0,50.4350314,5.9670350,398.0,4.83,4.60
6000.0,50.4350720,5.9670653,398.3,4.74,4.61
6005.0,50.4351127,5.9670952,398.7,4.66,4.62
6010.0,50.4351535,5.9671247,399.1,4.62,4.63
6015.0,50.4351945,5.9671540,399.5,4.62,4.63
6020.0,50.4352354,5.9671831,399.8,4.62,4.64
6025.0,50.4352765,5.9672120,400.1,4.63,4.65
6030.0,50.4353175,5.9672408,400.5,4.63,4.65
6035.0,50.4353586,5.9672696,400.8,4.63,4.66
6040.0,50.4353996,5.9672984,401.1,4.63,4.66
6045.0,50.4354407,5.9673272,401.3,4.63,4.67
6050.0,50.4354817,5.9673562,401.5,4.64,4.68
6055.0,50.4355226,5.9673853,401.7,4.64,4.68
6060.0,50.4355636,5.9674144,401.8,4.64,4.69
6065.0,50.4356045,5.9674436,401.9,4.64,4.69
6070.0,50.4356455,5.9674729,402.0,4.64,4.70
6075.0,50.4356864,5.9675021,402.0,4.65,4.71
6080.0,50.4357273,5.9675313,402.1,4.65,4.71
6085.0,50.4357683,5.9675604,402.0,4.65,4.72
6090.0,50.4358093,5.9675895,401.9,4.65,4.73
6095.0,50.4358503,5.9676185,401.8,4.65,4.73
6100.0,50.4358913,5.9676474,401.6,4.65,4.73
6105.0,50.4359323,5.9676763,401.4,4.65,4.72
6110.0,50.4359734,5.9677051,401.2,4.65,4.72
6115.0,50.4360144,5.9677341,400.9,4.65,4.72
6120.0,50.4360553,5.9677632,400.6,4.64,4.71
6125.0,50.4360962,5.9677926,400.3,4.64,4.71
6130.0,50.4361370,5.9678223,400.0,4.64,4.71
6135.0,50.4361779,5.9678518,399.6,4.64,4.70
6140.0,50.4362189,5.9678808,399.2,4.64,4.69
6145.0,50.4362602,5.9679086,398.8,4.64,4.63
6150.0,50.4363020,5.9679348,398.5,4.65,4.57
6155.0,50.4363442,5.9679588,398.1,4.63,4.53
6160.0,50.4363871,5.9679803,397.7,4.60,4.50
6165.0,50.4364304,5.9679993,397.3,4.66,4.42
6170.0,50.4364741,5.9680159,396.9,4.80,4.31
6175.0,50.4365181,5.9680303,396.6,4.85,4.30
6180.0,50.4365624,5.9680426,396.3,4.74,4.45
6185.0,50.4366068,5.9680530,396.0,4.63,4.58
6190.0,50.4366515,5.9680613,395.7,4.56,4.61
6195.0,50.4366963,5.9680672,395.5,4.51,4.64
6200.0,50.4367412,5.9680704,395.3,4.52,4.71
6205.0,50.4367862,5.9680706,395.2,4.54,4.72
6210.0,50.4368311,5.9680675,395.1,4.56,4.69
6215.0,50.4368759,5.9680610,395.1,4.61,4.62
6220.0,50.4369204,5.9680513,395.1,4.69,4.53
6225.0,50.4369646,5.9680387,395.1,4.77,4.43
6230.0,50.4370086,5.9680237,395.2,4.86,4.40
6235.0,50.4370522,5.9680064,395.4,4.94,4.38
6240.0,50.4370954,5.9679873,395.6,5.00,4.37
6245.0,50.4371384,5.9679667,395.9,4.95,4.42
6250.0,50.4371812,5.9679448,396.2,4.88,4.47
6255.0,50.4372237,5.9679219,396.5,4.81,4.52
6260.0,50.4372661,5.9678984,396.8,4.77,4.55
6265.0,50.4373084,5.9678745,397.2,4.76,4.56
6270.0,50.4373507,5.9678503,397.6,4.75,4.57
6275.0,50.4373929,5.9678258,398.0,4.74,4.58
6280.0,50.4374350,5.9678011,398.4,4.74,4.60
6285.0,50.4374771,5.9677762,398.9,4.73,4.61
6290.0,50.4375191,5.9677512,399.3,4.72,4.62
6295.0,50.4375611,5.9677260,399.7,4.71,4.63
6300.0,50.4376031,5.9677008,400.1,4.71,4.64
6305.0,50.4376451,5.9676755,400.5,4.70,4.65
6310.0,50.4376871,5.9676503,400.9,4.69,4.66
6315.0,50.4377291,5.9676250,401.2,4.69,4.67
6320.0,50.4377711,5.9675998,401.6,4.68,4.68
6325.0,50.4378131,5.9675746,401.9,4.67,4.70
6330.0,50.4378551,5.9675495,402.2,4.67,4.71
6335.0,50.4378972,5.9675244,402.4,4.66,4.72
6340.0,50.4379392,5.9674994,402.7,4.65,4.73
6345.0,50.4379812,5.9674744,402.9,4.64,4.74
6350.0,50.4380233,5.9674494,403.1,4.64,4.75
6355.0,50.4380654,5.9674244,403.3,4.63,4.76
6360.0,50.4381074,5.9673995,403.5,4.62,4.77
6365.0,50.4381495,5.9673746,403.7,4.62,4.79
6370.0,50.4381916,5.9673497,403.9,4.61,4.80
6375.0,50.4382337,5.9673249,404.1,4.60,4.81
6380.0,50.4382758,5.9673000,404.2,4.60,4.82
6385.0,50.4383179,5.9672751,404.4,4.59,4.83
6390.0,50.4383599,5.9672502,404.6,4.58,4.84
6395.0,50.4384020,5.9672254,404.8,4.57,4.85
6400.0,50.4384441,5.9672005,405.0,4.57,4.86
6405.0,50.4384862,5.9671756,405.2,4.56,4.87
6410.0,50.4385282,5.9671506,405.4,4.55,4.89
6415.0,50.4385703,5.9671257,405.6,4.55,4.90
6420.0,50.4386124,5.9671007,405.9,4.54,4.91
6425.0,50.4386544,5.9670757,406.1,4.53,4.92
6430.0,50.4386965,5.9670507,406.4,4.53,4.93
6435.0,50.4387385,5.9670257,406.7,4.52,4.94
6440.0,50.4387806,5.9670008,406.9,4.51,4.95
6445.0,50.4388228,5.9669762,407.2,4.50,4.96
6450.0,50.4388650,5.9669520,407.5,4.50,4.98
6455.0,50.4389073,5.9669281,407.8,4.49,4.99
6460.0,50.4389497,5.9669048,408.1,4.51,5.00
6465.0,50.4389923,5.9668820,408.4,4.57,5.03
6470.0,50.4390350,5.9668600,408.7,4.65,5.06
6475.0,50.4390779,5.9668388,409.0,4.72,5.08
6480.0,50.4391210,5.9668185,409.3,4.80,5.11
6485.0,50.4391642,5.9667991,409.6,4.87,5.14
6490.0,50.4392076,5.9667808,409.8,5.01,5.17
6495.0,50.4392512,5.9667634,410.1,5.15,5.21
6500.0,50.4392949,5.9667469,410.4,5.29,5.25
6505.0,50.4393388,5.9667313,410.6,5.43,5.29
6510.0,50.4393828,5.9667166,410.9,5.56,5.33
6515.0,50.4394269,5.9667026,411.1,5.54,5.40
6520.0,50.4394710,5.9666894,411.3,5.50,5.48
6525.0,50.4395153,5.9666770,411.6,5.45,5.56
6530.0,50.4395596,5.9666652,411.9,5.40,5.61
6535.0,50.4396040,5.9666541,412.1,5.34,5.65
6540.0,50.4396485,5.9666436,412.4,5.28,5.69
6545.0,50.4396930,5.9666337,412.6,5.26,5.71
6550.0,50.4397376,5.9666243,412.9,5.29,5.68
6555.0,50.4397822,5.9666155,413.1,5.32,5.65
6560.0,50.4398268,5.9666071,413.4,5.35,5.63
6565.0,50.4398715,5.9665992,413.6,5.38,5.60
6570.0,50.4399162,5.9665916,413.8,5.39,5.58
6575.0,50.4399610,5.9665845,414.0,5.39,5.55
6580.0,50.4400057,5.9665777,414.2,5.40,5.53
6585.0,50.4400505,5.9665712,414.4,5.41,5.51
6590.0,50.4400953,5.9665650,414.5,5.41,5.49
6595.0,50.4401401,5.9665590,414.6,5.42,5.47
6600.0,50.4401849,5.9665532,414.8,5.43,5.45
6605.0,50.4402297,5.9665476,414.8,5.44,5.43
6610.0,50.4402746,5.9665421,414.9,5.44,5.41
6615.0,50.4403194,5.9665368,415.0,5.44,5.41
6620.0,50.4403643,5.9665314,415.0,5.44,5.41
6625.0,50.4404091,5.9665262,415.1,5.44,5.40
6630.0,50.4404539,5.9665209,415.1,5.44,5.40
6635.0,50.4404988,5.9665155,415.1,5.44,5.40
6640.0,50.4405436,5.9665101,415.2,5.44,5.40
6645.0,50.4405884,5.9665046,415.2,5.44,5.39
6650.0,50.4406333,5.9664990,415.2,5.44,5.39
6655.0,50.4406781,5.9664932,415.2,5.44,5.39
6660.0,50.4407229,5.9664874,415.2,5.44,5.39
6665.0,50.4407677,5.9664815,415.2,5.44,5.38
6670.0,50.4408125,5.9664755,415.2,5.44,5.38
6675.0,50.4408573,5.9664695,415.2,5.43,5.39
6680.0,50.4409021,5.9664636,415.2,5.42,5.40
6685.0,50.4409469,5.9664577,415.2,5.41,5.41
6690.0,50.4409917,5.9664519,415.1,5.41,5.42
6695.0,50.4410366,5.9664461,415.0,5.40,5.43
6700.0,50.4410814,5.9664405,415.0,5.39,5.44
6705.0,50.4411262,5.9664350,414.8,5.38,5.44
6710.0,50.4411710,5.9664295,414.7,5.38,5.45
6715.0,50.4412159,5.9664240,414.5,5.37,5.46
6720.0,50.4412607,5.9664182,414.3,5.36,5.47
6725.0,50.4413055,5.9664121,414.1,5.35,5.43
6730.0,50.4413503,5.9664058,413.8,5.33,5.35
6735.0,50.4413952,5.9664028,413.5,5.29,5.30
6740.0,50.4414399,5.9664087,413.1,5.09,5.44
6745.0,50.4414830,5.9664283,412.7,5.23,5.30
6750.0,50.4415214,5.9664647,412.3,5.20,5.56
6755.0,50.4415476,5.9665211,411.8,5.30,5.52
6760.0,50.4415574,5.9665897,411.3,5.37,5.67
6765.0,50.4415580,5.9666602,410.8,5.63,5.62
6770.0,50.4415558,5.9667307,410.2,5.55,5.64
6775.0,50.4415517,5.9668010,409.6,5.42,5.62
6780.0,50.4415444,5.9668706,409.1,5.24,5.46
6785.0,50.4415341,5.9669393,408.6,5.07,5.29
6790.0,50.4415260,5.9670087,408.0,5.06,5.11
6795.0,50.4415282,5.9670790,407.6,5.47,4.89
6800.0,50.4415485,5.9671414,407.1,5.65,5.02
6805.0,50.4415805,5.9671910,406.8,5.28,5.50
6810.0,50.4416167,5.9672329,406.5,5.31,5.44
6815.0,50.4416567,5.9672650,406.3,5.60,5.35
6820.0,50.4417013,5.9672706,406.1,5.67,5.36
6825.0,50.4417448,5.9672526,406.1,5.81,5.39
6830.0,50.4417853,5.9672219,406.0,5.62,5.68
6835.0,50.4418236,5.9671851,406.1,5.86,6.07
6840.0,50.4418617,5.9671476,406.3,6.10,6.38
6845.0,50.4419001,5.9671109,406.5,6.11,6.40
6850.0,50.4419388,5.9670748,406.8,6.13,6.42
6855.0,50.4419777,5.9670393,407.1,6.15,6.43
6860.0,50.4420166,5.9670040,407.5,6.17,6.44
6865.0,50.4420556,5.9669687,407.9,6.19,6.46
6870.0,50.4420945,5.9669335,408.3,6.21,6.47
6875.0,50.4421335,5.9668982,408.8,6.23,6.49
6880.0,50.4421724,5.9668629,409.3,6.24,6.50
6885.0,50.4422114,5.9668276,409.7,6.26,6.52
6890.0,50.4422503,5.9667923,410.2,6.28,6.53
6895.0,50.4422892,5.9667569,410.7,6.30,6.55
6900.0,50.4423281,5.9667215,411.2,6.32,6.56
6905.0,50.4423670,5.9666861,411.6,6.34,6.58
6910.0,50.4424059,5.9666507,412.1,6.36,6.59
6915.0,50.4424448,5.9666153,412.5,6.37,6.61
6920.0,50.4424837,5.9665799,412.9,6.39,6.62
6925.0,50.4425226,5.9665445,413.3,6.41,6.64
6930.0,50.4425615,5.9665091,413.7,6.43,6.65
6935.0,50.4426004,5.9664737,414.1,6.45,6.67
6940.0,50.4426393,5.9664383,414.5,6.47,6.68
6945.0,50.4426783,5.9664029,414.8,6.49,6.70
6950.0,50.4427172,5.9663675,415.1,6.51,6.71
6955.0,50.4427561,5.9663321,415.4,6.52,6.73
6960.0,50.4427950,5.9662968,415.7,6.54,6.74
6965.0,50.4428339,5.9662615,416.0,6.56,6.75
6970.0,50.4428729,5.9662261,416.3,6.58,6.77
6975.0,50.4429118,5.9661909,416.5,6.60,6.78
6980.1,50.4429508,5.9661556,416.8,6.62,6.80
6985.1,50.4429897,5.9661204,417.0,6.64,6.81
6990.1,50.4430287,5.9660851,417.2,6.65,6.83
6995.1,50.4430677,5.9660500,417.4,6.67,6.84
