# suzuka: centreline in race direction, 5 m spacing. Source: TUMFTM racetrack-database (LGPL-3.0) geo-referenced onto OpenStreetMap (ODbL); elevation srtm30m via OpenTopoData
# widths are metres from the centreline to the track edge (TUMFTM only, blank for OSM)
s_m,lat,lon,elev_m,w_right_m,w_left_m
0.0,34.8449697,136.5386579,34.4,7.18,7.43
5.0,34.8449353,136.5386932,34.3,7.14,7.43
10.0,34.8449009,136.5387284,34.2,7.14,7.43
15.0,34.8448664,136.5387636,34.2,7.14,7.44
20.0,34.8448319,136.5387987,34.2,7.15,7.44
25.0,34.8447974,136.5388337,34.2,7.15,7.44
30.0,34.8447628,136.5388687,34.2,7.15,7.44
35.0,34.8447282,136.5389036,34.3,7.15,7.44
40.0,34.8446936,136.5389386,34.3,7.15,7.44
45.0,34.8446589,136.5389735,34.4,7.15,7.44
50.0,34.8446243,136.5390083,34.4,7.16,7.44
55.0,34.8445896,136.5390432,34.5,7.16,7.44
60.0,34.8445549,136.5390780,34.5,7.16,7.44
65.0,34.8445202,136.5391128,34.5,7.16,7.44
70.0,34.8444855,136.5391476,34.6,7.16,7.44
75.0,34.8444508,136.5391824,34.5,7.16,7.44
80.0,34.8444161,136.5392172,34.5,7.17,7.44
85.0,34.8443814,136.5392520,34.5,7.17,7.44
90.0,34.8443467,136.5392869,34.4,7.17,7.45
95.0,34.8443120,136.5393217,34.3,7.17,7.45
100.0,34.8442773,136.5393566,34.3,7.17,7.45
105.0,34.8442427,136.5393914,34.2,7.17,7.45
110.0,34.8442080,136.5394263,34.1,7.18,7.45
115.0,34.8441733,136.5394611,34.0,7.18,7.45
120.0,34.8441387,136.5394960,33.9,7.18,7.45
125.0,34.8441040,136.5395309,33.7,7.18,7.45
130.0,34.8440694,136.5395658,33.6,7.18,7.45
135.0,34.8440347,136.5396007,33.5,7.18,7.45
139.9,34.8440001,136.5396355,33.4,7.19,7.45
144.9,34.8439654,136.5396704,33.3,7.19,7.45
149.9,34.8439308,136.5397053,33.1,7.19,7.45
154.9,34.8438961,136.5397402,33.0,7.19,7.45
159.9,34.8438615,136.5397751,32.9,7.19,7.45
164.9,34.8438268,136.5398100,32.8,7.19,7.46
169.9,34.8437922,136.5398449,32.7,7.20,7.46
174.9,34.8437575,136.5398798,32.5,7.20,7.46
179.9,34.8437229,136.5399147,32.4,7.20,7.46
184.9,34.8436882,136.5399495,32.3,7.20,7.46
189.9,34.8436536,136.5399844,32.2,7.20,7.46
194.9,34.8436189,136.5400193,32.1,7.20,7.46
199.9,34.8435842,136.5400542,32.0,7.21,7.46
204.9,34.8435496,136.5400890,31.9,7.21,7.46
209.9,34.8435149,136.5401239,31.8,7.21,7.46
214.9,34.8434803,136.5401588,31.6,7.21,7.46
219.9,34.8434456,136.5401936,31.5,7.21,7.46
224.9,34.8434109,136.5402285,31.4,7.22,7.46
229.9,34.8433763,136.5402634,31.3,7.22,7.46
234.9,34.8433416,136.5402982,31.1,7.22,7.46
239.9,34.8433069,136.5403331,31.0,7.22,7.46
244.9,34.8432722,136.5403679,30.9,7.22,7.47
249.9,34.8432376,136.5404028,30.7,7.22,7.47
254.9,34.8432029,136.5404376,30.6,7.23,7.47
259.9,34.8431682,136.5404725,30.5,7.23,7.47
264.9,34.8431335,136.5405073,30.3,7.23,7.47
269.9,34.8430988,136.5405421,30.2,7.23,7.47
274.9,34.8430641,136.5405770,30.1,7.23,7.47
279.9,34.8430294,136.5406118,30.0,7.23,7.47
284.9,34.8429948,136.5406466,29.8,7.24,7.47
289.9,34.8429601,136.5406814,29.7,7.24,7.47
294.9,34.8429254,136.5407162,29.5,7.24,7.47
299.9,34.8428907,136.5407510,29.4,7.24,7.47
304.9,34.8428559,136.5407858,29.2,7.24,7.47
309.9,34.8428212,136.5408206,29.0,7.24,7.47
314.9,34.8427865,136.5408554,28.8,7.25,7.47
319.9,34.8427518,136.5408902,28.6,7.25,7.48
324.9,34.8427171,136.5409250,28.4,7.25,7.48
329.9,34.8426824,136.5409598,28.2,7.25,7.48
334.9,34.8426476,136.5409946,28.0,7.25,7.48
339.9,34.8426129,136.5410293,27.8,7.25,7.48
344.9,34.8425782,136.5410641,27.6,7.26,7.48
349.9,34.8425435,136.5410989,27.4,7.26,7.48
354.9,34.8425087,136.5411336,27.1,7.24,7.46
359.9,34.8424740,136.5411684,26.9,7.22,7.42
364.9,34.8424392,136.5412031,26.7,7.19,7.38
369.9,34.8424045,136.5412379,26.4,7.16,7.34
374.9,34.8423697,136.5412726,26.2,7.14,7.30
379.9,34.8423350,136.5413073,26.0,7.11,7.26
384.9,34.8423002,136.5413420,25.7,7.08,7.23
389.9,34.8422654,136.5413768,25.5,7.06,7.19
394.9,34.8422307,136.5414115,25.3,7.03,7.15
399.9,34.8421959,136.5414462,25.0,7.00,7.11
404.9,34.8421611,136.5414809,24.8,6.98,7.07
409.9,34.8421263,136.5415156,24.6,6.95,7.03
414.8,34.8420915,136.5415502,24.4,6.92,6.99
419.8,34.8420568,136.5415849,24.2,6.90,6.95
424.8,34.8420220,136.5416196,24.0,6.87,6.92
429.8,34.8419872,136.5416543,23.8,6.84,6.88
434.8,34.8419524,136.5416889,23.7,6.82,6.84
439.8,34.8419175,136.5417236,23.6,6.79,6.80
444.8,34.8418827,136.5417582,23.4,6.76,6.76
449.8,34.8418479,136.5417929,23.3,6.74,6.72
454.8,34.8418131,136.5418275,23.2,6.71,6.68
459.8,34.8417783,136.5418621,23.2,6.68,6.65
464.8,34.8417434,136.5418967,23.1,6.65,6.61
469.8,34.8417086,136.5419313,23.0,6.63,6.57
474.8,34.8416738,136.5419659,23.0,6.60,6.53
479.8,34.8416389,136.5420005,22.9,6.57,6.49
484.8,34.8416041,136.5420351,22.8,6.55,6.45
489.8,34.8415692,136.5420697,22.7,6.52,6.41
494.8,34.8415343,136.5421043,22.7,6.49,6.37
499.8,34.8414995,136.5421388,22.6,6.47,6.34
504.8,34.8414646,136.5421734,22.4,6.44,6.30
509.8,34.8414297,136.5422079,22.3,6.41,6.26
514.8,34.8413948,136.5422425,22.2,6.39,6.22
519.8,34.8413599,136.5422770,22.0,6.36,6.18
524.8,34.8413250,136.5423115,21.9,6.33,6.14
529.8,34.8412901,136.5423460,21.7,6.31,6.10
534.8,34.8412552,136.5423805,21.5,6.28,6.07
539.8,34.8412203,136.5424150,21.4,6.25,6.03
544.8,34.8411854,136.5424495,21.2,6.23,5.99
549.8,34.8411505,136.5424840,21.0,6.20,5.95
554.8,34.8411156,136.5425186,20.8,6.17,5.91
559.8,34.8410807,136.5425531,20.6,6.15,5.87
564.8,34.8410459,136.5425877,20.4,6.12,5.83
569.8,34.8410110,136.5426223,20.2,6.09,5.79
574.8,34.8409762,136.5426569,20.0,6.07,5.76
579.8,34.8409414,136.5426916,19.8,6.04,5.72
584.8,34.8409067,136.5427263,19.6,6.01,5.68
589.8,34.8408719,136.5427611,19.4,5.99,5.64
594.8,34.8408373,136.5427960,19.2,5.96,5.60
599.8,34.8408026,136.5428309,19.0,5.93,5.56
604.8,34.8407681,136.5428659,18.9,5.90,5.52
609.8,34.8407335,136.5429010,18.7,5.88,5.48
614.8,34.8406991,136.5429361,18.6,5.85,5.45
619.8,34.8406647,136.5429714,18.5,5.80,5.42
624.8,34.8406303,136.5430067,18.4,5.69,5.42
629.8,34.8405960,136.5430421,18.3,5.58,5.43
634.8,34.8405616,136.5430773,18.2,5.47,5.43
639.8,34.8405270,136.5431122,18.2,5.36,5.43
644.8,34.8404919,136.5431465,18.1,5.25,5.44
649.8,34.8404564,136.5431800,18.1,5.03,5.40
654.8,34.8404202,136.5432125,18.1,4.81,5.36
659.8,34.8403833,136.5432438,18.1,4.58,5.32
664.8,34.8403456,136.5432736,18.1,4.59,5.12
669.8,34.8403070,136.5433016,18.1,4.62,4.90
674.8,34.8402675,136.5433277,18.1,4.65,4.69
679.8,34.8402270,136.5433516,18.1,4.62,4.66
684.8,34.8401857,136.5433732,18.1,4.57,4.69
689.7,34.8401435,136.5433921,18.2,4.46,4.77
694.7,34.8401006,136.5434082,18.3,4.27,4.90
699.7,34.8400569,136.5434213,18.3,4.52,4.66
704.7,34.8400127,136.5434309,18.4,4.66,4.54
709.7,34.8399680,136.5434369,18.5,4.73,4.50
714.7,34.8399231,136.5434389,18.6,4.62,4.73
719.7,34.8398782,136.5434370,18.7,4.53,4.83
724.7,34.8398334,136.5434316,18.9,4.44,4.89
729.7,34.8397890,136.5434231,19.0,4.46,4.77
734.7,34.8397450,136.5434120,19.1,4.50,4.61
739.7,34.8397015,136.5433985,19.2,4.65,4.58
744.7,34.8396583,136.5433833,19.3,4.76,4.58
749.7,34.8396154,136.5433669,19.4,4.68,4.67
754.7,34.8395727,136.5433500,19.5,4.59,4.76
759.7,34.8395299,136.5433333,19.6,4.50,4.85
764.7,34.8394869,136.5433171,19.6,4.44,4.89
769.7,34.8394439,136.5433010,19.7,4.39,4.91
774.7,34.8394011,136.5432844,19.7,4.35,4.93
779.7,34.8393585,136.5432668,19.7,4.30,4.95
784.7,34.8393165,136.5432475,19.7,4.26,4.97
789.7,34.8392751,136.5432260,19.7,4.21,4.99
794.7,34.8392348,136.5432018,19.7,4.33,4.84
799.7,34.8391959,136.5431744,19.7,4.49,4.65
804.7,34.8391589,136.5431432,19.6,4.49,4.82
809.7,34.8391244,136.5431082,19.6,4.41,5.15
814.7,34.8390928,136.5430693,19.6,4.56,5.14
819.7,34.8390640,136.5430272,19.5,4.78,5.03
824.7,34.8390384,136.5429823,19.5,4.92,4.96
829.7,34.8390159,136.5429348,19.4,5.03,4.91
834.7,34.8389967,136.5428854,19.3,4.94,4.96
839.7,34.8389807,136.5428341,19.2,4.71,5.10
844.7,34.8389682,136.5427816,19.1,4.70,5.13
849.7,34.8389591,136.5427279,18.9,4.82,5.10
854.7,34.8389534,136.5426736,18.7,4.86,5.10
859.7,34.8389514,136.5426189,18.5,4.82,5.12
864.7,34.8389529,136.5425642,18.3,4.80,5.10
869.7,34.8389580,136.5425098,18.1,4.81,5.03
874.7,34.8389669,136.5424561,17.9,4.79,5.04
879.7,34.8389797,136.5424036,17.6,4.72,5.13
884.7,34.8389964,136.5423528,17.4,4.73,5.14
889.7,34.8390170,136.5423041,17.2,4.85,5.03
894.7,34.8390416,136.5422583,17.1,4.83,4.98
899.7,34.8390700,136.5422159,16.9,4.60,5.03
904.7,34.8391015,136.5421768,16.8,4.45,5.07
909.7,34.8391353,136.5421407,16.7,4.46,5.11
914.7,34.8391707,136.5421070,16.6,4.47,5.13
919.7,34.8392074,136.5420754,16.6,4.50,5.01
924.7,34.8392449,136.5420452,16.6,4.52,4.88
929.7,34.8392831,136.5420162,16.6,4.54,4.75
934.7,34.8393215,136.5419879,16.7,4.56,4.62
939.7,34.8393601,136.5419597,16.8,4.59,4.49
944.7,34.8393985,136.5419314,16.9,4.60,4.41
949.7,34.8394368,136.5419026,17.0,4.60,4.42
954.7,34.8394749,136.5418735,17.2,4.60,4.43
959.7,34.8395128,136.5418442,17.3,4.60,4.44
964.6,34.8395507,136.5418147,17.5,4.60,4.45
969.6,34.8395885,136.5417850,17.6,4.61,4.46
974.6,34.8396261,136.5417551,17.8,4.61,4.47
979.6,34.8396638,136.5417252,17.9,4.61,4.48
984.6,34.8397015,136.5416953,18.1,4.61,4.49
989.6,34.8397391,136.5416654,18.2,4.61,4.50
994.6,34.8397768,136.5416355,18.3,4.61,4.51
999.6,34.8398145,136.5416057,18.4,4.61,4.52
1004.6,34.8398522,136.5415760,18.5,4.61,4.53
1009.6,34.8398900,136.5415463,18.7,4.61,4.54
1014.6,34.8399279,136.5415167,18.8,4.61,4.55
1019.6,34.8399657,136.5414873,18.9,4.61,4.56
1024.6,34.8400037,136.5414579,19.0,4.61,4.57
1029.6,34.8400416,136.5414286,19.1,4.61,4.58
1034.6,34.8400797,136.5413994,19.2,4.62,4.59
1039.6,34.8401178,136.5413703,19.3,4.62,4.60
1044.6,34.8401558,136.5413411,19.4,4.62,4.61
1049.6,34.8401937,136.5413117,19.5,4.62,4.62
1054.6,34.8402315,136.5412820,19.6,4.62,4.63
1059.6,34.8402689,136.5412517,19.6,4.62,4.64
1064.6,34.8403060,136.5412208,19.7,4.70,4.58
1069.6,34.8403427,136.5411891,19.7,4.80,4.49
1074.6,34.8403788,136.5411564,19.7,4.91,4.40
1079.6,34.8404142,136.5411228,19.7,5.02,4.30
1084.6,34.8404488,136.5410877,19.8,5.02,4.30
1089.6,34.8404821,136.5410509,19.8,4.87,4.39
1094.6,34.8405138,136.5410121,19.8,4.75,4.48
1099.6,34.8405434,136.5409709,19.8,4.74,4.53
1104.6,34.8405705,136.5409272,19.9,4.75,4.58
1109.6,34.8405949,136.5408813,20.0,4.67,4.65
1114.6,34.8406167,136.5408334,20.1,4.59,4.72
1119.6,34.8406358,136.5407838,20.3,4.64,4.66
1124.6,34.8406519,136.5407327,20.5,4.72,4.55
1129.6,34.8406652,136.5406804,20.7,4.82,4.47
1134.6,34.8406759,136.5406272,21.0,4.92,4.40
1139.6,34.8406841,136.5405733,21.3,4.98,4.37
1144.6,34.8406903,136.5405191,21.7,4.88,4.44
1149.6,34.8406948,136.5404646,22.1,4.78,4.52
1154.6,34.8406979,136.5404100,22.5,4.73,4.55
1159.6,34.8407001,136.5403553,23.0,4.69,4.57
1164.6,34.8407016,136.5403005,23.5,4.64,4.59
1169.6,34.8407027,136.5402458,24.0,4.60,4.61
1174.6,34.8407042,136.5401910,24.5,4.56,4.63
1179.6,34.8407066,136.5401364,25.0,4.54,4.70
1184.6,34.8407107,136.5400818,25.5,4.53,4.77
1189.6,34.8407173,136.5400276,26.1,4.49,4.81
1194.6,34.8407270,136.5399742,26.6,4.43,4.82
1199.6,34.8407399,136.5399217,27.1,4.56,4.70
1204.6,34.8407560,136.5398706,27.5,4.79,4.50
1209.6,34.8407752,136.5398211,27.9,4.66,4.60
1214.6,34.8407974,136.5397735,28.2,4.38,4.83
1219.6,34.8408224,136.5397280,28.6,4.26,4.87
1224.6,34.8408501,136.5396849,28.8,4.20,4.82
1229.6,34.8408804,136.5396444,28.9,4.33,4.67
1234.5,34.8409130,136.5396067,29.0,4.53,4.47
1239.5,34.8409478,136.5395720,29.1,4.50,4.42
1244.5,34.8409846,136.5395407,29.0,4.41,4.42
1249.5,34.8410233,136.5395128,28.9,4.29,4.47
1254.5,34.8410637,136.5394887,28.8,4.18,4.53
1259.5,34.8411055,136.5394686,28.6,4.14,4.58
1264.5,34.8411483,136.5394520,28.4,4.13,4.64
1269.5,34.8411917,136.5394377,28.2,4.35,4.55
1274.5,34.8412353,136.5394246,28.1,4.62,4.42
1279.5,34.8412790,136.5394115,27.9,4.65,4.44
1284.5,34.8413224,136.5393973,27.8,4.64,4.47
1289.5,34.8413656,136.5393821,27.6,4.63,4.50
1294.5,34.8414087,136.5393664,27.6,4.62,4.53
1299.5,34.8414518,136.5393509,27.5,4.60,4.56
1304.5,34.8414951,136.5393362,27.6,4.59,4.59
1309.5,34.8415385,136.5393223,27.7,4.58,4.63
1314.5,34.8415821,136.5393088,27.8,4.57,4.66
1319.5,34.8416256,136.5392952,28.0,4.56,4.69
1324.5,34.8416691,136.5392811,28.2,4.55,4.72
1329.5,34.8417123,136.5392659,28.4,4.53,4.75
1334.5,34.8417551,136.5392492,28.7,4.64,4.69
1339.5,34.8417973,136.5392305,29.0,4.79,4.59
1344.5,34.8418387,136.5392092,29.4,4.93,4.45
1349.5,34.8418790,136.5391850,29.7,5.04,4.29
1354.5,34.8419180,136.5391576,30.0,5.02,4.25
1359.5,34.8419555,136.5391274,30.4,4.72,4.47
1364.5,34.8419915,136.5390947,30.8,4.49,4.65
1369.5,34.8420261,136.5390598,31.1,4.57,4.67
1374.5,34.8420594,136.5390229,31.5,4.67,4.67
1379.5,34.8420912,136.5389842,31.8,4.76,4.51
1384.5,34.8421213,136.5389436,32.2,4.85,4.33
1389.5,34.8421495,136.5389010,32.5,4.73,4.33
1394.5,34.8421755,136.5388563,32.8,4.53,4.39
1399.5,34.8421990,136.5388096,33.2,4.34,4.79
1404.5,34.8422199,136.5387611,33.5,4.54,4.64
1409.5,34.8422383,136.5387111,33.8,4.75,4.40
1414.5,34.8422542,136.5386599,34.0,4.77,4.35
1419.5,34.8422677,136.5386077,34.3,4.79,4.32
1424.5,34.8422789,136.5385546,34.6,4.81,4.35
1429.5,34.8422878,136.5385010,34.9,4.83,4.38
1434.5,34.8422947,136.5384468,35.1,4.73,4.51
1439.5,34.8422995,136.5383924,35.4,4.61,4.65
1444.5,34.8423024,136.5383377,35.6,4.60,4.64
1449.5,34.8423039,136.5382830,35.9,4.61,4.60
1454.5,34.8423045,136.5382282,36.2,4.62,4.56
1459.5,34.8423046,136.5381735,36.5,4.63,4.52
1464.5,34.8423048,136.5381187,36.7,4.64,4.48
1469.5,34.8423054,136.5380639,37.0,4.65,4.44
1474.5,34.8423065,136.5380092,37.4,4.66,4.40
1479.5,34.8423082,136.5379545,37.7,4.64,4.40
1484.5,34.8423107,136.5378998,38.0,4.41,4.70
1489.5,34.8423142,136.5378452,38.3,4.28,4.93
1494.5,34.8423200,136.5377909,38.6,4.28,4.99
1499.5,34.8423294,136.5377373,39.0,4.45,4.85
1504.5,34.8423424,136.5376849,39.3,4.63,4.71
1509.4,34.8423581,136.5376336,39.6,4.62,4.72
1514.4,34.8423758,136.5375832,39.8,4.53,4.79
1519.4,34.8423955,136.5375340,40.0,4.44,4.87
1524.4,34.8424172,136.5374861,40.1,4.43,4.87
1529.4,34.8424411,136.5374397,40.3,4.43,4.87
1534.4,34.8424670,136.5373949,40.3,4.46,4.85
1539.4,34.8424950,136.5373521,40.3,4.52,4.80
1544.4,34.8425250,136.5373113,40.2,4.59,4.76
1549.4,34.8425568,136.5372726,40.1,4.54,4.80
1554.4,34.8425904,136.5372362,39.9,4.47,4.84
1559.4,34.8426256,136.5372022,39.8,4.42,4.87
1564.4,34.8426624,136.5371708,39.5,4.45,4.79
1569.4,34.8427007,136.5371421,39.3,4.48,4.71
1574.4,34.8427403,136.5371162,39.0,4.45,4.69
1579.4,34.8427811,136.5370933,38.8,4.39,4.72
1584.4,34.8428231,136.5370735,38.6,4.32,4.76
1589.4,34.8428659,136.5370570,38.4,4.32,4.76
1594.4,34.8429095,136.5370438,38.3,4.33,4.76
1599.4,34.8429538,136.5370341,38.2,4.35,4.77
1604.4,34.8429984,136.5370281,38.2,4.40,4.78
1609.4,34.8430433,136.5370259,38.2,4.45,4.79
1614.4,34.8430883,136.5370278,38.3,4.41,4.77
1619.4,34.8431329,136.5370338,38.3,4.34,4.73
1624.4,34.8431771,136.5370441,38.5,4.29,4.70
1629.4,34.8432206,136.5370579,38.6,4.31,4.70
1634.4,34.8432635,136.5370742,38.8,4.33,4.70
1639.4,34.8433059,136.5370923,38.9,4.43,4.65
1644.4,34.8433481,136.5371112,39.1,4.61,4.55
1649.4,34.8433902,136.5371304,39.3,4.71,4.48
1654.4,34.8434323,136.5371496,39.4,4.71,4.50
1659.4,34.8434744,136.5371688,39.5,4.70,4.52
1664.4,34.8435165,136.5371879,39.6,4.69,4.54
1669.4,34.8435587,136.5372068,39.6,4.68,4.56
1674.4,34.8436009,136.5372255,39.6,4.67,4.58
1679.4,34.8436432,136.5372442,39.6,4.67,4.60
1684.4,34.8436855,136.5372629,39.5,4.66,4.62
1689.4,34.8437277,136.5372817,39.5,4.65,4.64
1694.4,34.8437699,136.5373005,39.4,4.64,4.66
1699.4,34.8438122,136.5373189,39.3,4.68,4.62
1704.4,34.8438550,136.5373358,39.1,4.79,4.49
1709.4,34.8438983,136.5373504,39.0,4.91,4.35
1714.4,34.8439423,136.5373618,38.9,4.94,4.42
1719.4,34.8439868,136.5373695,38.8,4.96,4.51
1724.4,34.8440316,136.5373736,38.8,4.90,4.57
1729.4,34.8440765,136.5373740,38.8,4.78,4.61
1734.4,34.8441214,136.5373711,38.8,4.70,4.63
1739.4,34.8441661,136.5373647,38.9,4.72,4.58
1744.4,34.8442103,136.5373551,39.1,4.75,4.53
1749.4,34.8442540,136.5373423,39.2,4.78,4.55
1754.4,34.8442970,136.5373264,39.5,4.81,4.58
1759.4,34.8443392,136.5373073,39.8,4.81,4.60
1764.4,34.8443803,136.5372853,40.2,4.76,4.60
1769.4,34.8444203,136.5372603,40.6,4.72,4.59
1774.4,34.8444590,136.5372324,41.2,4.91,4.44
1779.4,34.8444962,136.5372017,41.7,5.10,4.27
1784.3,34.8445318,136.5371683,42.3,5.09,4.29
1789.3,34.8445657,136.5371323,42.9,4.89,4.45
1794.3,34.8445977,136.5370938,43.5,4.70,4.60
1799.3,34.8446276,136.5370530,44.1,4.67,4.59
1804.3,34.8446554,136.5370099,44.7,4.65,4.59
1809.3,34.8446811,136.5369650,45.3,4.68,4.56
1814.3,34.8447050,136.5369186,45.9,4.75,4.54
1819.3,34.8447276,136.5368713,46.5,4.82,4.51
1824.3,34.8447493,136.5368233,46.9,4.89,4.48
1829.3,34.8447705,136.5367750,47.4,4.87,4.50
1834.3,34.8447913,136.5367264,47.7,4.84,4.51
1839.3,34.8448115,136.5366775,48.0,4.82,4.52
1844.3,34.8448310,136.5366282,48.3,4.80,4.54
1849.3,34.8448498,136.5365785,48.5,4.71,4.55
1854.3,34.8448679,136.5365283,48.6,4.61,4.57
1859.3,34.8448853,136.5364778,48.6,4.51,4.58
1864.3,34.8449024,136.5364272,48.6,4.47,4.57
1869.3,34.8449193,136.5363764,48.6,4.46,4.55
1874.3,34.8449363,136.5363257,48.6,4.45,4.53
1879.3,34.8449529,136.5362748,48.5,4.53,4.40
1884.3,34.8449687,136.5362236,48.4,4.69,4.17
1889.3,34.8449833,136.5361718,48.2,4.79,4.04
1894.3,34.8449963,136.5361193,48.1,4.57,4.43
1899.3,34.8450073,136.5360662,47.9,4.38,4.78
1904.3,34.8450165,136.5360126,47.7,4.53,4.62
1909.3,34.8450241,136.5359587,47.5,4.61,4.52
1914.3,34.8450303,136.5359044,47.3,4.55,4.54
1919.3,34.8450352,136.5358500,47.0,4.48,4.56
1924.3,34.8450390,136.5357954,46.7,4.57,4.45
1929.3,34.8450419,136.5357407,46.5,4.71,4.28
1934.3,34.8450440,136.5356860,46.2,4.74,4.23
1939.3,34.8450456,136.5356313,45.9,4.70,4.26
1944.3,34.8450466,136.5355766,45.6,4.65,4.29
1949.3,34.8450471,136.5355218,45.3,4.60,4.33
1954.3,34.8450470,136.5354670,45.1,4.55,4.37
1959.3,34.8450461,136.5354123,44.8,4.35,4.53
1964.3,34.8450444,136.5353575,44.6,4.14,4.70
1969.3,34.8450419,136.5353029,44.5,4.19,4.65
1974.3,34.8450383,136.5352483,44.4,4.43,4.42
1979.3,34.8450337,136.5351938,44.3,4.67,4.20
1984.3,34.8450280,136.5351395,44.3,4.76,4.09
1989.3,34.8450210,136.5350854,44.3,4.81,4.02
1994.3,34.8450123,136.5350316,44.4,4.86,3.94
1999.3,34.8450018,136.5349784,44.5,4.72,4.07
2004.3,34.8449891,136.5349258,44.7,4.52,4.26
2009.3,34.8449742,136.5348742,44.8,4.32,4.45
2014.3,34.8449573,136.5348234,45.0,4.25,4.53
2019.3,34.8449392,136.5347733,45.2,4.31,4.52
2024.3,34.8449207,136.5347234,45.4,4.36,4.49
2029.3,34.8449024,136.5346734,45.6,4.42,4.47
2034.3,34.8448845,136.5346231,45.7,4.48,4.45
2039.3,34.8448670,136.5345727,45.9,4.54,4.43
2044.3,34.8448494,136.5345223,45.9,4.60,4.41
2049.3,34.8448314,136.5344721,46.0,4.64,4.40
2054.3,34.8448127,136.5344223,46.0,4.62,4.43
2059.2,34.8447931,136.5343730,46.0,4.59,4.46
2064.2,34.8447724,136.5343244,45.9,4.57,4.49
2069.2,34.8447506,136.5342765,45.8,4.60,4.46
2074.2,34.8447276,136.5342294,45.7,4.64,4.42
2079.2,34.8447033,136.5341833,45.6,4.68,4.38
2084.2,34.8446778,136.5341382,45.4,4.69,4.36
2089.2,34.8446512,136.5340941,45.3,4.68,4.36
2094.2,34.8446235,136.5340510,45.1,4.66,4.36
2099.2,34.8445948,136.5340088,44.9,4.63,4.40
2104.2,34.8445653,136.5339675,44.8,4.56,4.55
2109.2,34.8445350,136.5339271,44.6,4.48,4.67
2114.2,34.8445039,136.5338875,44.5,4.35,4.65
2119.2,34.8444722,136.5338487,44.3,4.38,4.43
2124.2,34.8444400,136.5338105,44.2,4.46,4.17
2129.2,34.8444072,136.5337730,44.1,4.43,4.08
2134.2,34.8443740,136.5337361,44.0,4.39,3.99
2139.2,34.8443405,136.5336996,43.9,4.35,3.90
2144.2,34.8443067,136.5336635,43.8,4.33,3.88
2149.2,34.8442726,136.5336278,43.7,4.32,3.89
2154.2,34.8442383,136.5335924,43.6,4.31,3.90
2159.2,34.8442039,136.5335571,43.5,4.30,3.92
2164.2,34.8441695,136.5335219,43.4,4.29,3.93
2169.2,34.8441350,136.5334868,43.4,4.28,3.95
2174.2,34.8441005,136.5334518,43.3,4.27,3.96
2179.2,34.8440659,136.5334167,43.3,4.26,3.98
2184.2,34.8440313,136.5333817,43.3,4.25,3.99
2189.2,34.8439968,136.5333467,43.2,4.24,4.01
2194.2,34.8439622,136.5333118,43.3,4.23,4.02
2199.2,34.8439276,136.5332768,43.3,4.22,4.04
2204.2,34.8438929,136.5332419,43.3,4.21,4.05
2209.2,34.8438583,136.5332070,43.3,4.20,4.07
2214.2,34.8438236,136.5331721,43.4,4.19,4.08
2219.2,34.8437890,136.5331372,43.4,4.18,4.10
2224.2,34.8437543,136.5331023,43.5,4.16,4.11
2229.2,34.8437197,136.5330674,43.5,4.15,4.13
2234.2,34.8436850,136.5330326,43.6,4.14,4.14
2239.2,34.8436504,136.5329977,43.6,4.13,4.16
2244.2,34.8436157,136.5329628,43.7,4.12,4.17
2249.2,34.8435811,136.5329279,43.7,4.11,4.19
2254.2,34.8435464,136.5328930,43.7,4.10,4.20
2259.2,34.8435118,136.5328581,43.7,4.09,4.22
2264.2,34.8434773,136.5328231,43.7,4.08,4.23
2269.2,34.8434428,136.5327879,43.7,4.07,4.25
2274.2,34.8434086,136.5327524,43.7,4.06,4.26
2279.2,34.8433746,136.5327166,43.6,4.05,4.28
2284.2,34.8433411,136.5326801,43.6,3.99,4.41
2289.2,34.8433090,136.5326417,43.6,4.28,4.60
2294.2,34.8432800,136.5325999,43.6,4.70,4.82
2299.2,34.8432563,136.5325534,43.6,4.56,5.26
2304.2,34.8432406,136.5325021,43.6,4.30,5.62
2309.2,34.8432325,136.5324482,43.6,4.32,5.59
2314.2,34.8432283,136.5323937,43.5,4.35,5.56
2319.2,34.8432256,136.5323390,43.5,4.37,5.54
2324.2,34.8432230,136.5322843,43.5,4.39,5.51
2329.2,34.8432201,136.5322297,43.5,4.42,5.48
2334.1,34.8432167,136.5321751,43.4,4.44,5.45
2339.1,34.8432130,136.5321205,43.4,4.47,5.42
2344.1,34.8432092,136.5320659,43.3,4.49,5.39
2349.1,34.8432053,136.5320114,43.2,4.52,5.37
2354.1,34.8432015,136.5319568,43.1,4.54,5.34
2359.1,34.8431978,136.5319022,43.0,4.56,5.31
2364.1,34.8431941,136.5318476,42.9,4.59,5.28
2369.1,34.8431904,136.5317930,42.8,4.61,5.25
2374.1,34.8431868,136.5317384,42.6,4.64,5.23
2379.1,34.8431833,136.5316838,42.5,4.66,5.20
2384.1,34.8431799,136.5316292,42.4,4.68,5.17
2389.1,34.8431765,136.5315746,42.2,4.71,5.14
2394.1,34.8431732,136.5315200,42.1,4.73,5.11
2399.1,34.8431699,136.5314654,42.0,4.76,5.09
2404.1,34.8431665,136.5314108,41.8,4.78,5.06
2409.1,34.8431629,136.5313562,41.7,4.81,5.03
2414.1,34.8431589,136.5313016,41.6,4.83,5.00
2419.1,34.8431544,136.5312471,41.5,4.85,4.97
2424.1,34.8431500,136.5311926,41.5,4.88,4.94
2429.1,34.8431464,136.5311380,41.4,4.90,4.92
2434.1,34.8431445,136.5310833,41.3,4.92,4.99
2439.1,34.8431450,136.5310286,41.3,4.92,5.49
2444.1,34.8431493,136.5309740,41.3,5.13,5.80
2449.1,34.8431600,136.5309209,41.3,6.10,5.40
2454.1,34.8431797,136.5308717,41.3,5.70,6.00
2459.1,34.8432086,136.5308299,41.4,4.83,6.00
2464.1,34.8432458,136.5307992,41.5,4.83,5.19
2469.1,34.8432876,136.5307790,41.6,4.83,4.85
2474.1,34.8433310,136.5307649,41.7,4.72,4.53
2479.1,34.8433750,136.5307534,41.9,4.67,4.41
2484.1,34.8434191,136.5307428,42.1,4.64,4.42
2489.1,34.8434632,136.5307323,42.3,4.62,4.42
2494.1,34.8435072,136.5307215,42.5,4.59,4.43
2499.1,34.8435513,136.5307106,42.8,4.56,4.43
2504.1,34.8435953,136.5306995,43.0,4.54,4.44
2509.1,34.8436393,136.5306884,43.3,4.51,4.44
2514.1,34.8436833,136.5306772,43.6,4.49,4.45
2519.1,34.8437273,136.5306661,43.9,4.46,4.45
2524.1,34.8437713,136.5306549,44.1,4.44,4.46
2529.1,34.8438154,136.5306439,44.4,4.41,4.46
2534.1,34.8438594,136.5306329,44.6,4.38,4.47
2539.1,34.8439035,136.5306220,44.8,4.34,4.60
2544.1,34.8439475,136.5306111,45.0,4.33,4.51
2549.1,34.8439916,136.5306004,45.1,4.31,4.42
2554.1,34.8440357,136.5305897,45.2,4.29,4.33
2559.1,34.8440798,136.5305790,45.3,4.28,4.24
2564.1,34.8441239,136.5305685,45.3,4.28,4.23
2569.1,34.8441680,136.5305579,45.3,4.27,4.22
2574.1,34.8442121,136.5305474,45.2,4.27,4.21
2579.1,34.8442562,136.5305370,45.1,4.27,4.19
2584.1,34.8443004,136.5305266,45.0,4.27,4.18
2589.1,34.8443445,136.5305163,44.9,4.26,4.17
2594.1,34.8443886,136.5305059,44.7,4.26,4.16
2599.1,34.8444328,136.5304956,44.5,4.26,4.15
2604.1,34.8444769,136.5304853,44.4,4.26,4.14
2609.0,34.8445211,136.5304751,44.2,4.25,4.13
2614.0,34.8445652,136.5304648,44.0,4.25,4.11
2619.0,34.8446094,136.5304546,43.9,4.25,4.10
2624.0,34.8446536,136.5304444,43.7,4.24,4.09
2629.0,34.8446977,136.5304341,43.6,4.24,4.08
2634.0,34.8447419,136.5304239,43.5,4.24,4.07
2639.0,34.8447860,136.5304137,43.4,4.24,4.06
2644.0,34.8448302,136.5304034,43.3,4.23,4.04
2649.0,34.8448743,136.5303931,43.2,4.23,4.03
2654.0,34.8449185,136.5303828,43.2,4.23,4.02
2659.0,34.8449626,136.5303725,43.2,4.23,4.01
2664.0,34.8450068,136.5303622,43.2,4.22,4.00
2669.0,34.8450509,136.5303518,43.2,4.22,3.99
2674.0,34.8450950,136.5303414,43.2,4.22,3.97
2679.0,34.8451392,136.5303309,43.3,4.22,3.96
2684.0,34.8451833,136.5303204,43.3,4.21,3.95
2689.0,34.8452274,136.5303098,43.4,4.21,3.94
2694.0,34.8452715,136.5302992,43.5,4.21,3.93
2699.0,34.8453156,136.5302885,43.6,4.21,3.92
2704.0,34.8453596,136.5302778,43.8,4.20,3.90
2709.0,34.8454037,136.5302670,43.9,4.20,3.89
2714.0,34.8454478,136.5302562,44.1,4.20,3.88
2719.0,34.8454918,136.5302454,44.3,4.19,3.88
2724.0,34.8455360,136.5302350,44.5,4.08,3.93
2729.0,34.8455801,136.5302249,44.8,3.97,3.98
2734.0,34.8456244,136.5302153,45.1,3.87,4.03
2739.0,34.8456688,136.5302064,45.4,3.76,4.08
2744.0,34.8457132,136.5301982,45.7,3.66,4.13
2749.0,34.8457578,136.5301910,46.1,3.66,4.19
2754.0,34.8458024,136.5301848,46.5,3.69,4.25
2759.0,34.8458472,136.5301799,47.0,3.72,4.31
2764.0,34.8458921,136.5301769,47.5,3.79,4.29
2769.0,34.8459370,136.5301765,48.0,3.89,4.20
2774.0,34.8459819,136.5301791,48.6,3.98,4.13
2779.0,34.8460266,136.5301856,49.1,3.99,4.12
2784.0,34.8460707,136.5301957,49.7,4.00,4.12
2789.0,34.8461143,136.5302089,50.4,3.98,4.16
2794.0,34.8461575,136.5302244,51.0,3.94,4.24
2799.0,34.8462002,136.5302415,51.6,3.89,4.32
2804.0,34.8462426,136.5302596,52.2,3.85,4.39
2809.0,34.8462847,136.5302788,52.7,3.89,4.43
2814.0,34.8463265,136.5302988,53.3,4.04,4.43
2819.0,34.8463681,136.5303198,53.8,4.18,4.43
2824.0,34.8464093,136.5303416,54.2,4.32,4.43
2829.0,34.8464503,136.5303641,54.7,4.46,4.43
2834.0,34.8464911,136.5303870,55.0,4.55,4.47
2839.0,34.8465319,136.5304100,55.3,4.62,4.50
2844.0,34.8465728,136.5304327,55.6,4.69,4.54
2849.0,34.8466139,136.5304547,55.8,4.76,4.58
2854.0,34.8466552,136.5304765,55.9,4.84,4.62
2859.0,34.8466964,136.5304983,56.0,4.91,4.66
2864.0,34.8467375,136.5305207,56.1,4.98,4.70
2869.0,34.8467781,136.5305441,56.2,5.05,4.73
2874.0,34.8468185,136.5305681,56.2,5.13,4.77
2879.0,34.8468591,136.5305915,56.2,5.20,4.81
2883.9,34.8469006,136.5306127,56.2,5.27,4.85
2888.9,34.8469431,136.5306304,56.1,5.41,4.92
2893.9,34.8469869,136.5306426,56.1,5.76,5.10
2898.9,34.8470317,136.5306469,56.1,5.89,5.38
2903.9,34.8470763,136.5306402,56.1,5.89,5.72
2908.9,34.8471186,136.5306216,56.1,6.18,5.92
2913.9,34.8471558,136.5305909,56.0,6.51,6.09
2918.9,34.8471847,136.5305489,56.0,6.82,6.25
2923.9,34.8472030,136.5304990,56.0,7.04,6.46
2928.9,34.8472094,136.5304448,56.0,7.03,6.65
2933.9,34.8472051,136.5303903,56.0,7.05,6.74
2938.9,34.8471914,136.5303382,56.0,7.01,6.79
2943.9,34.8471699,136.5302901,56.0,6.84,6.84
2948.9,34.8471425,136.5302467,56.0,6.95,6.70
2953.9,34.8471109,136.5302079,56.0,7.14,6.60
2958.9,34.8470761,136.5301731,56.0,7.38,6.60
2963.9,34.8470392,136.5301420,55.9,7.12,6.48
2968.9,34.8470006,136.5301138,55.9,6.86,6.35
2973.9,34.8469612,136.5300875,55.9,6.60,6.22
2978.9,34.8469213,136.5300623,55.8,6.35,6.10
2983.9,34.8468814,136.5300370,55.8,6.09,5.97
2988.9,34.8468417,136.5300113,55.7,5.83,5.84
2993.9,34.8468023,136.5299849,55.7,5.57,5.72
2998.9,34.8467633,136.5299579,55.6,5.32,5.59
3003.9,34.8467246,136.5299300,55.5,5.06,5.47
3008.9,34.8466863,136.5299012,55.4,4.81,5.34
3013.9,34.8466485,136.5298716,55.2,4.68,5.21
3018.9,34.8466110,136.5298414,55.1,4.65,5.07
3023.9,34.8465737,136.5298108,55.0,4.62,4.93
3028.9,34.8465366,136.5297800,54.9,4.58,4.79
3033.9,34.8464995,136.5297490,54.7,4.55,4.65
3038.9,34.8464624,136.5297180,54.6,4.52,4.51
3043.9,34.8464253,136.5296871,54.5,4.49,4.37
3048.9,34.8463882,136.5296563,54.3,4.46,4.23
3053.9,34.8463509,136.5296257,54.2,4.43,4.11
3058.9,34.8463134,136.5295954,54.1,4.41,4.17
3063.9,34.8462758,136.5295655,54.0,4.39,4.23
3068.9,34.8462379,136.5295360,53.9,4.36,4.29
3073.9,34.8461998,136.5295070,53.7,4.34,4.35
3078.9,34.8461616,136.5294782,53.6,4.32,4.41
3083.9,34.8461235,136.5294491,53.5,4.29,4.47
3088.9,34.8460858,136.5294193,53.4,4.27,4.53
3093.9,34.8460487,136.5293883,53.3,4.29,4.51
3098.9,34.8460126,136.5293557,53.3,4.33,4.46
3103.9,34.8459774,136.5293216,53.2,4.37,4.41
3108.9,34.8459429,136.5292865,53.2,4.36,4.40
3113.9,34.8459089,136.5292506,53.3,4.26,4.47
3118.9,34.8458754,136.5292143,53.3,4.17,4.54
3123.9,34.8458421,136.5291774,53.5,4.16,4.55
3128.9,34.8458093,136.5291400,53.6,4.26,4.51
3133.9,34.8457770,136.5291018,53.8,4.35,4.47
3138.9,34.8457456,136.5290627,54.1,4.45,4.43
3143.9,34.8457150,136.5290225,54.4,4.42,4.45
3148.9,34.8456855,136.5289812,54.7,4.19,4.56
3153.8,34.8456571,136.5289388,55.1,4.01,4.63
3158.8,34.8456298,136.5288953,55.5,4.09,4.49
3163.8,34.8456038,136.5288506,55.8,4.14,4.41
3168.8,34.8455791,136.5288049,56.2,4.11,4.53
3173.8,34.8455555,136.5287582,56.6,4.09,4.65
3178.8,34.8455330,136.5287108,56.9,4.06,4.77
3183.8,34.8455115,136.5286627,57.2,4.03,4.89
3188.8,34.8454909,136.5286141,57.5,4.01,5.01
3193.8,34.8454714,136.5285647,57.6,4.04,5.11
3198.8,34.8454537,136.5285144,57.8,4.15,5.16
3203.8,34.8454381,136.5284630,57.9,4.25,5.21
3208.8,34.8454247,136.5284107,58.0,4.36,5.26
3213.8,34.8454135,136.5283577,57.9,4.47,5.31
3218.8,34.8454047,136.5283040,57.9,4.58,5.31
3223.8,34.8453988,136.5282497,57.8,4.69,5.26
3228.8,34.8453948,136.5281952,57.6,4.80,5.21
3233.8,34.8453909,136.5281406,57.4,4.92,5.15
3238.8,34.8453866,136.5280861,57.2,5.03,5.10
3243.8,34.8453822,136.5280316,57.0,5.14,5.06
3248.8,34.8453779,136.5279771,56.7,5.16,5.15
3253.8,34.8453742,136.5279225,56.5,5.18,5.25
3258.8,34.8453712,136.5278678,56.2,5.19,5.35
3263.8,34.8453689,136.5278131,56.0,5.18,5.41
3268.8,34.8453674,136.5277584,55.7,5.12,5.34
3273.8,34.8453666,136.5277036,55.5,5.05,5.27
3278.8,34.8453665,136.5276489,55.2,4.98,5.20
3283.8,34.8453672,136.5275941,55.0,4.92,5.19
3288.8,34.8453687,136.5275394,54.8,4.89,5.24
3293.8,34.8453710,136.5274847,54.6,4.86,5.28
3298.8,34.8453740,136.5274300,54.5,4.97,5.24
3303.8,34.8453778,136.5273755,54.3,5.11,5.17
3308.8,34.8453824,136.5273210,54.2,5.26,5.10
3313.8,34.8453876,136.5272666,54.1,5.30,5.09
3318.8,34.8453936,136.5272123,54.0,5.17,5.17
3323.8,34.8454002,136.5271581,53.9,5.05,5.25
3328.8,34.8454074,136.5271041,53.8,4.92,5.34
3333.8,34.8454153,136.5270502,53.7,4.80,5.42
3338.8,34.8454237,136.5269963,53.6,4.73,5.45
3343.8,34.8454326,136.5269427,53.5,4.73,5.41
3348.8,34.8454420,136.5268891,53.4,4.72,5.37
3353.8,34.8454521,136.5268357,53.3,4.72,5.33
3358.8,34.8454627,136.5267825,53.2,4.72,5.30
3363.8,34.8454740,136.5267295,53.1,4.72,5.26
3368.8,34.8454859,136.5266767,53.0,4.72,5.22
3373.8,34.8454985,136.5266241,52.9,4.73,5.19
3378.8,34.8455118,136.5265718,52.8,4.76,5.18
3383.8,34.8455256,136.5265197,52.7,4.80,5.17
3388.8,34.8455400,136.5264678,52.6,4.84,5.17
3393.8,34.8455548,136.5264161,52.5,4.88,5.16
3398.8,34.8455699,136.5263645,52.5,4.91,5.15
3403.8,34.8455851,136.5263130,52.4,4.95,5.14
3408.8,34.8456001,136.5262614,52.3,4.90,5.10
3413.8,34.8456148,136.5262096,52.3,4.83,5.03
3418.8,34.8456293,136.5261578,52.2,4.76,4.97
3423.8,34.8456439,136.5261060,52.2,4.68,4.91
3428.7,34.8456590,136.5260544,52.1,4.61,4.85
3433.7,34.8456748,136.5260031,52.1,4.54,4.79
3438.7,34.8456916,136.5259523,52.1,4.46,4.74
3443.7,34.8457093,136.5259019,52.1,4.38,4.72
3448.7,34.8457278,136.5258520,52.1,4.30,4.71
3453.7,34.8457472,136.5258026,52.1,4.22,4.69
3458.7,34.8457673,136.5257537,52.1,4.14,4.67
3463.7,34.8457882,136.5257052,52.1,4.09,4.63
3468.7,34.8458098,136.5256571,52.1,4.10,4.55
3473.7,34.8458320,136.5256095,52.2,4.11,4.48
3478.7,34.8458548,136.5255623,52.2,4.12,4.40
3483.7,34.8458782,136.5255155,52.3,4.13,4.33
3488.7,34.8459022,136.5254692,52.4,4.15,4.31
3493.7,34.8459268,136.5254234,52.5,4.19,4.36
3498.7,34.8459520,136.5253780,52.6,4.22,4.41
3503.7,34.8459778,136.5253332,52.8,4.26,4.46
3508.7,34.8460043,136.5252890,52.9,4.29,4.52
3513.7,34.8460315,136.5252454,53.1,4.26,4.62
3518.7,34.8460594,136.5252024,53.2,4.24,4.71
3523.7,34.8460880,136.5251602,53.5,4.21,4.81
3528.7,34.8461173,136.5251186,53.7,4.19,4.91
3533.7,34.8461473,136.5250779,53.9,4.17,5.00
3538.7,34.8461780,136.5250378,54.2,4.34,4.86
3543.7,34.8462093,136.5249986,54.5,4.55,4.70
3548.7,34.8462413,136.5249602,54.8,4.75,4.53
3553.7,34.8462740,136.5249225,55.1,4.78,4.49
3558.7,34.8463073,136.5248857,55.4,4.66,4.54
3563.7,34.8463411,136.5248497,55.8,4.54,4.60
3568.7,34.8463756,136.5248145,56.2,4.48,4.65
3573.7,34.8464106,136.5247802,56.6,4.48,4.69
3578.7,34.8464462,136.5247467,56.9,4.48,4.73
3583.7,34.8464823,136.5247141,57.3,4.47,4.75
3588.7,34.8465190,136.5246825,57.7,4.46,4.77
3593.7,34.8465562,136.5246517,58.1,4.45,4.79
3598.7,34.8465939,136.5246219,58.4,4.46,4.78
3603.7,34.8466321,136.5245931,58.8,4.47,4.78
3608.7,34.8466708,136.5245652,59.1,4.48,4.78
3613.7,34.8467100,136.5245384,59.3,4.49,4.78
3618.7,34.8467497,136.5245126,59.6,4.48,4.75
3623.7,34.8467897,136.5244877,59.8,4.47,4.70
3628.7,34.8468301,136.5244637,60.0,4.47,4.66
3633.7,34.8468708,136.5244404,60.1,4.46,4.61
3638.7,34.8469117,136.5244176,60.1,4.46,4.58
3643.7,34.8469527,136.5243954,60.1,4.47,4.58
3648.7,34.8469939,136.5243735,60.1,4.48,4.58
3653.7,34.8470352,136.5243518,59.9,4.49,4.57
3658.7,34.8470765,136.5243303,59.8,4.49,4.57
3663.7,34.8471179,136.5243087,59.6,4.50,4.57
3668.7,34.8471592,136.5242871,59.3,4.51,4.57
3673.7,34.8472005,136.5242655,59.1,4.52,4.56
3678.7,34.8472418,136.5242439,58.8,4.53,4.56
3683.7,34.8472830,136.5242222,58.5,4.54,4.56
3688.7,34.8473243,136.5242004,58.2,4.55,4.55
3693.7,34.8473655,136.5241787,57.9,4.56,4.55
3698.7,34.8474068,136.5241569,57.7,4.57,4.55
3703.6,34.8474480,136.5241350,57.5,4.58,4.55
3708.6,34.8474892,136.5241131,57.3,4.59,4.54
3713.6,34.8475304,136.5240912,57.2,4.59,4.53
3718.6,34.8475716,136.5240693,57.1,4.60,4.50
3723.6,34.8476128,136.5240473,57.1,4.60,4.47
3728.6,34.8476540,136.5240254,57.1,4.61,4.45
3733.6,34.8476952,136.5240035,57.2,4.61,4.42
3738.6,34.8477364,136.5239817,57.3,4.61,4.39
3743.6,34.8477776,136.5239600,57.5,4.62,4.36
3748.6,34.8478189,136.5239383,57.6,4.62,4.33
3753.6,34.8478603,136.5239168,57.8,4.63,4.30
3758.6,34.8479016,136.5238953,58.1,4.63,4.27
3763.6,34.8479429,136.5238736,58.3,4.63,4.24
3768.6,34.8479840,136.5238515,58.5,4.64,4.21
3773.6,34.8480249,136.5238289,58.7,4.64,4.19
3778.6,34.8480655,136.5238052,58.9,4.64,4.16
3783.6,34.8481049,136.5237789,59.1,4.60,4.23
3788.6,34.8481421,136.5237482,59.3,4.58,4.32
3793.6,34.8481766,136.5237130,59.4,4.57,4.46
3798.6,34.8482086,136.5236746,59.6,4.31,4.79
3803.6,34.8482385,136.5236337,59.7,4.58,4.51
3808.6,34.8482659,136.5235903,59.8,4.67,4.37
3813.6,34.8482910,136.5235448,59.8,4.56,4.42
3818.6,34.8483135,136.5234975,59.8,4.54,4.43
3823.6,34.8483334,136.5234484,59.9,4.53,4.40
3828.6,34.8483506,136.5233978,59.9,4.52,4.35
3833.6,34.8483650,136.5233459,59.9,4.59,4.38
3838.6,34.8483765,136.5232929,59.8,4.67,4.34
3843.6,34.8483849,136.5232391,59.8,4.75,4.25
3848.6,34.8483904,136.5231848,59.8,4.82,4.16
3853.6,34.8483933,136.5231301,59.7,4.84,4.13
3858.6,34.8483942,136.5230754,59.7,4.73,4.23
3863.6,34.8483933,136.5230206,59.6,4.61,4.33
3868.6,34.8483913,136.5229659,59.6,4.50,4.44
3873.6,34.8483882,136.5229113,59.5,4.46,4.48
3878.6,34.8483841,136.5228567,59.4,4.63,4.34
3883.6,34.8483789,136.5228023,59.4,4.80,4.21
3888.6,34.8483727,136.5227481,59.4,4.77,4.27
3893.6,34.8483653,136.5226940,59.4,4.65,4.43
3898.6,34.8483569,136.5226403,59.4,4.52,4.59
3903.6,34.8483472,136.5225868,59.4,4.55,4.56
3908.6,34.8483362,136.5225337,59.5,4.62,4.47
3913.6,34.8483238,136.5224810,59.5,4.69,4.38
3918.6,34.8483101,136.5224289,59.6,4.74,4.31
3923.6,34.8482949,136.5223773,59.7,4.65,4.33
3928.6,34.8482781,136.5223265,59.8,4.55,4.34
3933.6,34.8482597,136.5222765,59.8,4.54,4.45
3938.6,34.8482396,136.5222276,59.9,4.55,4.56
3943.6,34.8482164,136.5221807,59.9,4.81,4.57
3948.6,34.8481889,136.5221373,59.9,5.01,4.67
3953.6,34.8481571,136.5220987,59.9,5.11,4.77
3958.6,34.8481217,136.5220649,59.9,5.11,4.83
3963.6,34.8480838,136.5220355,59.8,5.13,4.96
3968.6,34.8480444,136.5220090,59.7,5.16,5.11
3973.6,34.8480041,136.5219849,59.5,5.28,5.20
3978.5,34.8479626,136.5219639,59.4,5.40,5.26
3983.5,34.8479198,136.5219472,59.2,5.43,5.22
3988.5,34.8478760,136.5219350,59.0,5.46,5.18
3993.5,34.8478315,136.5219271,58.8,5.46,5.07
3998.5,34.8477866,136.5219234,58.6,5.45,4.94
4003.5,34.8477417,136.5219237,58.3,5.40,4.87
4008.5,34.8476969,136.5219278,58.0,5.28,4.86
4013.5,34.8476524,136.5219356,57.7,5.19,4.84
4018.5,34.8476084,136.5219468,57.4,5.13,4.79
4023.5,34.8475651,136.5219615,57.1,5.06,4.76
4028.5,34.8475226,136.5219794,56.7,4.95,4.86
4033.5,34.8474811,136.5220003,56.3,4.85,4.95
4038.5,34.8474405,136.5220239,55.9,4.88,4.76
4043.5,34.8474011,136.5220501,55.4,4.93,4.53
4048.5,34.8473627,136.5220786,55.0,4.96,4.36
4053.5,34.8473254,136.5221092,54.5,4.79,4.50
4058.5,34.8472891,136.5221416,54.0,4.69,4.68
4063.5,34.8472540,136.5221757,53.4,4.71,4.79
4068.5,34.8472199,136.5222114,52.9,4.78,4.66
4073.5,34.8471867,136.5222484,52.4,4.86,4.54
4078.5,34.8471545,136.5222866,51.9,4.93,4.41
4083.5,34.8471231,136.5223258,51.4,4.97,4.30
4088.5,34.8470925,136.5223658,50.9,4.81,4.29
4093.5,34.8470624,136.5224066,50.4,4.66,4.28
4098.5,34.8470328,136.5224478,50.0,4.50,4.27
4103.5,34.8470036,136.5224894,49.6,4.35,4.26
4108.5,34.8469746,136.5225313,49.2,4.32,4.24
4113.5,34.8469457,136.5225732,48.9,4.30,4.22
4118.5,34.8469168,136.5226151,48.5,4.28,4.20
4123.5,34.8468879,136.5226571,48.3,4.26,4.18
4128.5,34.8468590,136.5226991,48.0,4.26,4.16
4133.5,34.8468302,136.5227411,47.8,4.27,4.15
4138.5,34.8468016,136.5227833,47.6,4.28,4.14
4143.5,34.8467731,136.5228257,47.5,4.29,4.12
4148.5,34.8467449,136.5228684,47.3,4.30,4.11
4153.5,34.8467170,136.5229112,47.2,4.31,4.10
4158.5,34.8466893,136.5229545,47.1,4.32,4.08
4163.5,34.8466621,136.5229980,47.0,4.33,4.07
4168.5,34.8466351,136.5230418,46.9,4.34,4.04
4173.5,34.8466085,136.5230860,46.8,4.36,4.01
4178.5,34.8465822,136.5231303,46.7,4.37,3.98
4183.5,34.8465561,136.5231749,46.7,4.39,3.95
4188.5,34.8465302,136.5232197,46.6,4.40,3.92
4193.5,34.8465045,136.5232647,46.5,4.44,4.03
4198.5,34.8464791,136.5233098,46.4,4.49,4.23
4203.5,34.8464537,136.5233550,46.4,4.54,4.43
4208.5,34.8464285,136.5234004,46.3,4.59,4.63
4213.5,34.8464034,136.5234458,46.3,4.63,4.77
4218.5,34.8463784,136.5234913,46.2,4.62,4.70
4223.5,34.8463535,136.5235369,46.2,4.60,4.63
4228.5,34.8463287,136.5235826,46.2,4.59,4.56
4233.5,34.8463040,136.5236284,46.2,4.58,4.50
4238.5,34.8462795,136.5236743,46.2,4.56,4.43
4243.5,34.8462551,136.5237202,46.2,4.55,4.36
4248.5,34.8462308,136.5237663,46.3,4.54,4.29
4253.4,34.8462066,136.5238125,46.4,4.52,4.22
4258.4,34.8461825,136.5238587,46.5,4.51,4.16
4263.4,34.8461585,136.5239051,46.7,4.50,4.09
4268.4,34.8461347,136.5239515,46.8,4.49,4.08
4273.4,34.8461111,136.5239981,47.0,4.48,4.07
4278.4,34.8460875,136.5240448,47.2,4.48,4.06
4283.4,34.8460642,136.5240916,47.3,4.47,4.05
4288.4,34.8460410,136.5241385,47.5,4.46,4.04
4293.4,34.8460180,136.5241855,47.7,4.46,4.03
4298.4,34.8459952,136.5242327,47.8,4.45,4.02
4303.4,34.8459726,136.5242801,47.9,4.44,4.01
4308.4,34.8459502,136.5243275,48.0,4.44,4.01
4313.4,34.8459280,136.5243752,48.0,4.43,4.02
4318.4,34.8459060,136.5244230,48.1,4.41,4.03
4323.4,34.8458843,136.5244709,48.0,4.40,4.05
4328.4,34.8458628,136.5245190,48.0,4.39,4.07
4333.4,34.8458416,136.5245673,47.9,4.37,4.08
4338.4,34.8458206,136.5246157,47.8,4.36,4.10
4343.4,34.8457999,136.5246643,47.7,4.35,4.12
4348.4,34.8457794,136.5247131,47.6,4.34,4.13
4353.4,34.8457592,136.5247620,47.5,4.34,4.17
4358.4,34.8457392,136.5248110,47.4,4.38,4.24
4363.4,34.8457194,136.5248602,47.3,4.42,4.31
4368.4,34.8456998,136.5249095,47.3,4.45,4.38
4373.4,34.8456804,136.5249589,47.2,4.49,4.45
4378.4,34.8456611,136.5250084,47.2,4.53,4.52
4383.4,34.8456420,136.5250579,47.2,4.57,4.59
4388.4,34.8456230,136.5251076,47.2,4.59,4.43
4393.4,34.8456041,136.5251573,47.2,4.60,4.23
4398.4,34.8455853,136.5252070,47.2,4.54,4.22
4403.4,34.8455666,136.5252568,47.3,4.46,4.23
4408.4,34.8455479,136.5253066,47.3,4.38,4.24
4413.4,34.8455292,136.5253564,47.3,4.31,4.25
4418.4,34.8455106,136.5254063,47.4,4.23,4.26
4423.4,34.8454919,136.5254561,47.4,4.21,4.26
4428.4,34.8454733,136.5255059,47.4,4.28,4.25
4433.4,34.8454546,136.5255557,47.4,4.35,4.23
4438.4,34.8454359,136.5256056,47.4,4.42,4.22
4443.4,34.8454175,136.5256555,47.3,4.48,4.21
4448.4,34.8453995,136.5257057,47.3,4.55,4.20
4453.4,34.8453821,136.5257562,47.2,4.62,4.19
4458.4,34.8453656,136.5258071,47.1,4.67,4.18
4463.4,34.8453499,136.5258584,47.0,4.62,4.18
4468.4,34.8453348,136.5259100,46.9,4.57,4.18
4473.4,34.8453200,136.5259618,46.8,4.51,4.18
4478.4,34.8453054,136.5260136,46.7,4.46,4.18
4483.4,34.8452909,136.5260654,46.7,4.41,4.19
4488.4,34.8452763,136.5261172,46.6,4.36,4.19
4493.4,34.8452617,136.5261690,46.6,4.31,4.19
4498.4,34.8452471,136.5262208,46.6,4.25,4.19
4503.4,34.8452325,136.5262726,46.7,4.20,4.20
4508.4,34.8452178,136.5263243,46.7,4.15,4.20
4513.4,34.8452032,136.5263761,46.8,4.13,4.21
4518.4,34.8451886,136.5264279,46.9,4.14,4.22
4523.4,34.8451740,136.5264797,47.0,4.15,4.24
4528.3,34.8451593,136.5265315,47.1,4.16,4.26
4533.3,34.8451447,136.5265833,47.3,4.17,4.27
4538.3,34.8451301,136.5266351,47.4,4.17,4.29
4543.3,34.8451155,136.5266869,47.6,4.18,4.30
4548.3,34.8451008,136.5267387,47.8,4.19,4.32
4553.3,34.8450862,136.5267904,48.1,4.20,4.33
4558.3,34.8450715,136.5268422,48.3,4.21,4.35
4563.3,34.8450568,136.5268940,48.5,4.21,4.37
4568.3,34.8450421,136.5269457,48.8,4.22,4.38
4573.3,34.8450274,136.5269974,49.1,4.23,4.40
4578.3,34.8450126,136.5270492,49.3,4.24,4.41
4583.3,34.8449978,136.5271009,49.6,4.25,4.43
4588.3,34.8449829,136.5271526,49.9,4.25,4.44
4593.3,34.8449680,136.5272042,50.1,4.26,4.46
4598.3,34.8449531,136.5272559,50.4,4.27,4.48
4603.3,34.8449381,136.5273075,50.6,4.28,4.49
4608.3,34.8449230,136.5273591,50.9,4.27,4.47
4613.3,34.8449079,136.5274107,51.1,4.27,4.46
4618.3,34.8448927,136.5274622,51.3,4.26,4.45
4623.3,34.8448775,136.5275138,51.5,4.26,4.44
4628.3,34.8448622,136.5275653,51.6,4.25,4.42
4633.3,34.8448468,136.5276167,51.8,4.24,4.41
4638.3,34.8448314,136.5276682,51.9,4.24,4.40
4643.3,34.8448160,136.5277196,52.0,4.23,4.38
4648.3,34.8448006,136.5277711,52.1,4.23,4.37
4653.3,34.8447851,136.5278225,52.1,4.22,4.36
4658.3,34.8447696,136.5278739,52.2,4.22,4.34
4663.3,34.8447541,136.5279253,52.1,4.21,4.33
4668.3,34.8447386,136.5279767,52.1,4.21,4.32
4673.3,34.8447231,136.5280281,52.0,4.20,4.30
4678.3,34.8447076,136.5280795,51.9,4.19,4.29
4683.3,34.8446921,136.5281309,51.8,4.19,4.28
4688.3,34.8446766,136.5281824,51.6,4.18,4.26
4693.3,34.8446611,136.5282338,51.4,4.18,4.25
4698.3,34.8446457,136.5282852,51.2,4.17,4.24
4703.3,34.8446303,136.5283367,50.9,4.17,4.22
4708.3,34.8446149,136.5283881,50.6,4.16,4.21
4713.3,34.8445996,136.5284396,50.3,4.16,4.20
4718.3,34.8445843,136.5284911,50.0,4.15,4.18
4723.3,34.8445690,136.5285426,49.6,4.16,4.18
4728.3,34.8445538,136.5285941,49.3,4.17,4.18
4733.3,34.8445385,136.5286457,48.9,4.19,4.18
4738.3,34.8445233,136.5286972,48.5,4.20,4.18
4743.3,34.8445081,136.5287487,48.1,4.22,4.18
4748.3,34.8444929,136.5288003,47.7,4.23,4.18
4753.3,34.8444776,136.5288518,47.3,4.25,4.18
4758.3,34.8444624,136.5289033,47.0,4.26,4.19
4763.3,34.8444472,136.5289549,46.6,4.28,4.19
4768.3,34.8444320,136.5290064,46.2,4.29,4.19
4773.3,34.8444167,136.5290579,45.8,4.31,4.19
4778.3,34.8444014,136.5291094,45.5,4.32,4.19
4783.3,34.8443861,136.5291609,45.2,4.34,4.19
4788.3,34.8443708,136.5292124,44.9,4.35,4.19
4793.3,34.8443554,136.5292638,44.6,4.37,4.19
4798.3,34.8443400,136.5293153,44.3,4.38,4.19
4803.2,34.8443245,136.5293667,44.1,4.40,4.19
4808.2,34.8443091,136.5294181,43.9,4.41,4.19
4813.2,34.8442936,136.5294696,43.8,4.43,4.19
4818.2,34.8442781,136.5295210,43.7,4.44,4.20
4823.2,34.8442627,136.5295724,43.6,4.46,4.20
4828.2,34.8442472,136.5296238,43.5,4.47,4.20
4833.2,34.8442318,136.5296753,43.5,4.48,4.20
4838.2,34.8442164,136.5297268,43.5,4.50,4.20
4843.2,34.8442011,136.5297782,43.5,4.51,4.20
4848.2,34.8441858,136.5298298,43.6,4.53,4.20
4853.2,34.8441706,136.5298813,43.6,4.54,4.20
4858.2,34.8441555,136.5299329,43.7,4.56,4.20
4863.2,34.8441405,136.5299845,43.8,4.57,4.20
4868.2,34.8441256,136.5300361,43.9,4.59,4.20
4873.2,34.8441107,136.5300878,44.0,4.60,4.20
4878.2,34.8440960,136.5301396,44.2,4.62,4.20
4883.2,34.8440815,136.5301914,44.3,4.63,4.21
4888.2,34.8440670,136.5302433,44.5,4.58,4.21
4893.2,34.8440527,136.5302952,44.7,4.53,4.21
4898.2,34.8440384,136.5303471,44.9,4.48,4.21
4903.2,34.8440243,136.5303991,45.2,4.43,4.22
4908.2,34.8440101,136.5304511,45.4,4.37,4.22
4913.2,34.8439959,136.5305030,45.7,4.32,4.22
4918.2,34.8439817,136.5305550,45.9,4.27,4.22
4923.2,34.8439674,136.5306069,46.2,4.22,4.23
4928.2,34.8439531,136.5306588,46.5,4.17,4.23
4933.2,34.8439386,136.5307107,46.7,4.11,4.23
4938.2,34.8439244,136.5307626,47.0,4.06,4.23
4943.2,34.8439108,136.5308149,47.2,4.01,4.24
4948.2,34.8438984,136.5308675,47.4,4.16,4.14
4953.2,34.8438876,136.5309207,47.6,4.35,4.06
4958.2,34.8438790,136.5309744,47.7,4.47,4.17
4963.2,34.8438726,136.5310286,47.8,4.59,4.14
4968.2,34.8438688,136.5310832,48.0,4.72,4.06
4973.2,34.8438677,136.5311379,48.1,4.78,4.05
4978.2,34.8438697,136.5311926,48.1,4.70,4.21
4983.2,34.8438745,136.5312471,48.2,4.61,4.38
4988.2,34.8438819,136.5313011,48.3,4.55,4.47
4993.2,34.8438913,136.5313547,48.4,4.50,4.51
4998.2,34.8439024,136.5314077,48.4,4.45,4.55
5003.2,34.8439148,136.5314604,48.5,4.50,4.53
5008.2,34.8439280,136.5315127,48.6,4.56,4.50
5013.2,34.8439418,136.5315648,48.6,4.63,4.47
5018.2,34.8439557,136.5316169,48.7,4.67,4.46
5023.2,34.8439695,136.5316690,48.7,4.68,4.48
5028.2,34.8439831,136.5317212,48.8,4.68,4.49
5033.2,34.8439968,136.5317734,48.8,4.68,4.50
5038.2,34.8440111,136.5318253,48.9,4.68,4.48
5043.2,34.8440264,136.5318768,48.9,4.67,4.45
5048.2,34.8440428,136.5319278,48.9,4.67,4.43
5053.2,34.8440603,136.5319783,48.9,4.58,4.55
5058.2,34.8440783,136.5320284,48.9,4.48,4.68
5063.2,34.8440967,136.5320784,48.9,4.42,4.78
5068.2,34.8441150,136.5321284,48.9,4.60,4.61
5073.1,34.8441334,136.5321784,48.8,4.81,4.43
5078.1,34.8441523,136.5322281,48.8,4.88,4.35
5083.1,34.8441721,136.5322773,48.8,4.75,4.41
5088.1,34.8441933,136.5323256,48.7,4.62,4.48
5093.1,34.8442162,136.5323727,48.7,4.60,4.48
5098.1,34.8442404,136.5324188,48.6,4.61,4.47
5103.1,34.8442655,136.5324643,48.6,4.63,4.46
5108.1,34.8442909,136.5325095,48.5,4.64,4.45
5113.1,34.8443161,136.5325548,48.5,4.66,4.44
5118.1,34.8443409,136.5326005,48.4,4.63,4.47
5123.1,34.8443657,136.5326461,48.4,4.59,4.51
5128.1,34.8443908,136.5326916,48.4,4.55,4.55
5133.1,34.8444166,136.5327365,48.5,4.58,4.51
5138.1,34.8444433,136.5327805,48.5,4.62,4.47
5143.1,34.8444709,136.5328237,48.6,4.65,4.45
5148.1,34.8444994,136.5328661,48.6,4.67,4.46
5153.1,34.8445284,136.5329079,48.7,4.70,4.46
5158.1,34.8445577,136.5329494,48.8,4.72,4.47
5163.1,34.8445873,136.5329907,48.9,4.75,4.48
5168.1,34.8446170,136.5330318,49.0,4.75,4.48
5173.1,34.8446468,136.5330728,49.1,4.75,4.48
5178.1,34.8446768,136.5331136,49.3,4.74,4.49
5183.1,34.8447069,136.5331542,49.4,4.74,4.49
5188.1,34.8447371,136.5331948,49.5,4.73,4.49
5193.1,34.8447674,136.5332352,49.6,4.73,4.50
5198.1,34.8447978,136.5332756,49.7,4.72,4.50
5203.1,34.8448283,136.5333159,49.8,4.72,4.50
5208.1,34.8448588,136.5333561,49.9,4.71,4.51
5213.1,34.8448894,136.5333962,50.0,4.71,4.51
5218.1,34.8449199,136.5334364,50.1,4.70,4.52
5223.1,34.8449505,136.5334765,50.2,4.66,4.53
5228.1,34.8449812,136.5335166,50.3,4.62,4.55
5233.1,34.8450118,136.5335567,50.3,4.58,4.56
5238.1,34.8450423,136.5335968,50.4,4.54,4.58
5243.1,34.8450729,136.5336370,50.5,4.51,4.59
5248.1,34.8451034,136.5336772,50.6,4.49,4.60
5253.1,34.8451338,136.5337175,50.7,4.48,4.61
5258.1,34.8451642,136.5337579,50.8,4.47,4.62
5263.1,34.8451946,136.5337982,50.9,4.46,4.62
5268.1,34.8452250,136.5338386,51.0,4.44,4.63
5273.1,34.8452553,136.5338790,51.1,4.43,4.64
5278.1,34.8452857,136.5339194,51.2,4.42,4.65
5283.1,34.8453161,136.5339597,51.2,4.41,4.66
5288.1,34.8453466,136.5340000,51.3,4.40,4.67
5293.1,34.8453771,136.5340402,51.4,4.38,4.67
5298.1,34.8454076,136.5340804,51.4,4.37,4.68
5303.1,34.8454382,136.5341205,51.5,4.36,4.69
5308.1,34.8454687,136.5341608,51.5,4.35,4.70
5313.1,34.8454991,136.5342011,51.5,4.33,4.71
5318.1,34.8455293,136.5342417,51.5,4.32,4.72
5323.1,34.8455592,136.5342826,51.5,4.31,4.72
5328.1,34.8455887,136.5343239,51.5,4.30,4.73
5333.1,34.8456178,136.5343656,51.5,4.46,4.65
5338.1,34.8456465,136.5344078,51.5,4.62,4.56
5343.1,34.8456745,136.5344506,51.5,4.56,4.55
5348.0,34.8457022,136.5344938,51.5,4.48,4.55
5353.0,34.8457296,136.5345372,51.5,4.40,4.55
5358.0,34.8457570,136.5345806,51.5,4.32,4.55
5363.0,34.8457847,136.5346237,51.5,4.39,4.49
5368.0,34.8458126,136.5346667,51.5,4.49,4.40
5373.0,34.8458394,136.5347106,51.6,4.55,4.32
5378.0,34.8458635,136.5347568,51.6,4.48,4.33
5383.0,34.8458822,136.5348066,51.7,3.97,4.69
5388.0,34.8458907,136.5348602,51.7,4.07,4.61
5393.0,34.8458870,136.5349146,51.8,4.24,4.45
5398.0,34.8458732,136.5349667,51.8,4.27,4.54
5403.0,34.8458522,136.5350152,51.8,4.14,5.12
5408.0,34.8458260,136.5350597,51.9,4.22,5.03
5413.0,34.8457963,136.5351007,51.9,4.31,4.94
5418.0,34.8457648,136.5351398,51.9,4.40,4.84
5423.0,34.8457334,136.5351790,51.9,4.49,4.74
5428.0,34.8457036,136.5352200,51.9,4.57,4.65
5433.0,34.8456773,136.5352644,51.9,4.68,4.53
5438.0,34.8456566,136.5353130,51.9,4.79,4.37
5443.0,34.8456453,136.5353659,51.9,4.75,4.31
5448.0,34.8456451,136.5354206,51.9,4.84,4.39
5453.0,34.8456553,136.5354740,51.8,5.02,4.23
5458.0,34.8456745,136.5355234,51.8,4.62,4.38
5463.0,34.8456999,136.5355687,51.8,4.44,4.74
5468.0,34.8457287,136.5356106,51.7,4.42,4.82
5473.0,34.8457592,136.5356509,51.7,4.45,4.78
5478.0,34.8457898,136.5356910,51.6,4.48,4.74
5483.0,34.8458198,136.5357318,51.6,4.51,4.71
5488.0,34.8458490,136.5357735,51.6,4.54,4.67
5493.0,34.8458773,136.5358160,51.6,4.57,4.64
5498.0,34.8459044,136.5358597,51.6,4.50,4.78
5503.0,34.8459303,136.5359045,51.6,4.42,4.92
5508.0,34.8459548,136.5359504,51.6,4.35,5.05
5513.0,34.8459776,136.5359975,51.7,4.43,4.96
5518.0,34.8459987,136.5360459,51.7,4.55,4.80
5523.0,34.8460179,136.5360954,51.8,4.65,4.68
5528.0,34.8460350,136.5361461,51.9,4.65,4.87
5533.0,34.8460501,136.5361977,52.0,4.64,5.06
5538.0,34.8460629,136.5362502,52.0,4.79,5.27
5543.0,34.8460735,136.5363034,52.1,5.17,5.54
5548.0,34.8460816,136.5363573,52.1,5.55,5.80
5553.0,34.8460874,136.5364116,52.1,5.89,6.05
5558.0,34.8460905,136.5364662,52.1,5.88,6.18
5563.0,34.8460910,136.5365210,52.1,5.85,6.31
5568.0,34.8460887,136.5365757,52.0,5.81,6.30
5573.0,34.8460841,136.5366302,51.8,5.76,6.25
5578.0,34.8460777,136.5366844,51.6,5.71,6.20
5583.0,34.8460703,136.5367384,51.3,5.84,5.98
5588.0,34.8460624,136.5367923,51.0,6.00,5.73
5593.0,34.8460544,136.5368462,50.6,6.02,5.55
5598.0,34.8460461,136.5369000,50.1,5.51,5.33
5603.0,34.8460375,136.5369538,49.6,4.84,5.08
5608.0,34.8460284,136.5370074,49.1,4.57,5.00
5613.0,34.8460185,136.5370608,48.6,4.56,4.94
5618.0,34.8460077,136.5371140,48.0,4.64,4.86
5622.9,34.8459956,136.5371667,47.4,4.72,4.77
5627.9,34.8459819,136.5372189,46.8,4.77,4.75
5632.9,34.8459662,136.5372702,46.2,4.68,5.03
5637.9,34.8459485,136.5373206,45.6,4.60,5.32
5642.9,34.8459290,136.5373699,45.0,4.75,5.46
5647.9,34.8459080,136.5374184,44.4,4.96,5.57
5652.9,34.8458860,136.5374661,43.8,5.16,5.68
5657.9,34.8458632,136.5375133,43.3,5.37,5.79
5662.9,34.8458398,136.5375600,42.8,5.57,5.90
5667.9,34.8458156,136.5376062,42.3,5.77,6.05
5672.9,34.8457909,136.5376519,41.8,5.94,6.34
5677.9,34.8457654,136.5376971,41.4,6.12,6.62
5682.9,34.8457393,136.5377417,40.9,6.29,6.90
5687.9,34.8457125,136.5377856,40.5,6.47,7.19
5692.9,34.8456850,136.5378290,40.2,6.66,7.39
5697.9,34.8456569,136.5378717,39.8,6.93,7.34
5702.9,34.8456280,136.5379137,39.4,7.20,7.29
5707.9,34.8455986,136.5379550,39.1,7.47,7.25
5712.9,34.8455685,136.5379957,38.8,7.68,7.24
5717.9,34.8455377,136.5380357,38.5,7.58,7.44
5722.9,34.8455064,136.5380750,38.2,7.48,7.65
5727.9,34.8454746,136.5381136,37.9,7.38,7.85
5732.9,34.8454422,136.5381517,37.7,7.28,8.06
5737.9,34.8454095,136.5381892,37.4,7.30,8.01
5742.9,34.8453764,136.5382263,37.1,7.36,7.90
5747.9,34.8453432,136.5382631,36.8,7.42,7.78
5752.9,34.8453097,136.5382997,36.5,7.48,7.67
5757.9,34.8452762,136.5383362,36.2,7.53,7.56
5762.9,34.8452425,136.5383724,36.0,7.59,7.45
5767.9,34.8452087,136.5384085,35.7,7.57,7.42
5772.9,34.8451748,136.5384445,35.4,7.51,7.42
5777.9,34.8451408,136.5384803,35.2,7.46,7.42
5782.9,34.8451067,136.5385160,35.0,7.40,7.42
5787.9,34.8450725,136.5385516,34.7,7.35,7.43
5792.9,34.8450383,136.5385871,34.6,7.29,7.43
5797.9,34.8450040,136.5386226,34.5,7.24,7.43
