# yas_marina: centreline in race direction, 5 m spacing. Source: OpenStreetMap contributors (ODbL); elevation srtm30m via OpenTopoData
# widths are metres from the centreline to the track edge (TUMFTM only, blank for OSM)
s_m,lat,lon,elev_m,w_right_m,w_left_m
0.0,24.4693544,54.6026014,-1.8,,
5.0,24.4693993,54.6026022,-1.6,,
10.0,24.4694438,54.6026091,-1.4,,
15.0,24.4694873,54.6026217,-1.3,,
20.0,24.4695289,54.6026402,-1.1,,
25.0,24.4695645,54.6026702,-0.9,,
30.0,24.4695924,54.6027086,-0.8,,
35.0,24.4696094,54.6027542,-0.6,,
40.0,24.4696187,54.6028026,-0.5,,
45.0,24.4696272,54.6028511,-0.3,,
50.0,24.4696336,54.6029000,-0.1,,
55.0,24.4696399,54.6029489,0.0,,
60.0,24.4696463,54.6029978,0.2,,
65.0,24.4696527,54.6030468,0.3,,
70.0,24.4696591,54.6030957,0.5,,
75.0,24.4696655,54.6031446,0.6,,
80.0,24.4696719,54.6031935,0.8,,
85.0,24.4696782,54.6032424,1.0,,
90.0,24.4696846,54.6032914,1.2,,
95.0,24.4696910,54.6033403,1.3,,
100.0,24.4696974,54.6033892,1.5,,
105.0,24.4697038,54.6034381,1.7,,
110.0,24.4697102,54.6034870,1.9,,
115.0,24.4697165,54.6035360,2.1,,
120.0,24.4697229,54.6035849,2.3,,
125.0,24.4697293,54.6036338,2.5,,
130.0,24.4697357,54.6036827,2.6,,
135.1,24.4697421,54.6037317,2.8,,
140.1,24.4697485,54.6037806,2.9,,
145.1,24.4697548,54.6038295,3.0,,
150.1,24.4697612,54.6038784,3.1,,
155.1,24.4697676,54.6039273,3.2,,
160.1,24.4697740,54.6039763,3.2,,
165.1,24.4697804,54.6040252,3.2,,
170.1,24.4697867,54.6040741,3.2,,
175.1,24.4697931,54.6041230,3.2,,
180.1,24.4697995,54.6041719,3.1,,
185.1,24.4698060,54.6042208,3.0,,
190.1,24.4698125,54.6042698,2.8,,
195.1,24.4698189,54.6043187,2.6,,
200.1,24.4698254,54.6043676,2.4,,
205.1,24.4698318,54.6044165,2.2,,
210.1,24.4698383,54.6044654,2.0,,
215.1,24.4698448,54.6045143,1.7,,
220.1,24.4698512,54.6045632,1.5,,
225.1,24.4698577,54.6046121,1.2,,
230.1,24.4698642,54.6046610,1.0,,
235.1,24.4698706,54.6047099,0.8,,
240.1,24.4698771,54.6047588,0.5,,
245.1,24.4698836,54.6048077,0.3,,
250.1,24.4698900,54.6048566,0.1,,
255.1,24.4698965,54.6049056,-0.1,,
260.1,24.4699030,54.6049545,-0.3,,
265.1,24.4699094,54.6050034,-0.4,,
270.1,24.4699159,54.6050523,-0.5,,
275.1,24.4699223,54.6051012,-0.7,,
280.1,24.4699288,54.6051501,-0.7,,
285.1,24.4699353,54.6051990,-0.8,,
290.1,24.4699417,54.6052479,-0.9,,
295.1,24.4699480,54.6052968,-1.0,,
300.1,24.4699544,54.6053458,-1.0,,
305.1,24.4699607,54.6053947,-1.1,,
310.1,24.4699671,54.6054436,-1.1,,
315.1,24.4699734,54.6054926,-1.2,,
320.1,24.4699797,54.6055415,-1.2,,
325.1,24.4699861,54.6055904,-1.3,,
330.1,24.4699924,54.6056393,-1.4,,
335.1,24.4699988,54.6056883,-1.4,,
340.1,24.4700051,54.6057372,-1.5,,
345.1,24.4700114,54.6057861,-1.6,,
350.1,24.4700178,54.6058350,-1.7,,
355.1,24.4700241,54.6058840,-1.7,,
360.1,24.4700305,54.6059329,-1.8,,
365.1,24.4700368,54.6059818,-1.8,,
370.1,24.4700431,54.6060308,-1.9,,
375.1,24.4700495,54.6060797,-1.9,,
380.1,24.4700558,54.6061286,-2.0,,
385.1,24.4700622,54.6061775,-2.0,,
390.1,24.4700685,54.6062265,-2.0,,
395.1,24.4700748,54.6062754,-2.0,,
400.1,24.4700812,54.6063243,-1.9,,
405.2,24.4700875,54.6063732,-1.9,,
410.2,24.4700939,54.6064222,-1.8,,
415.2,24.4701002,54.6064711,-1.7,,
420.2,24.4701065,54.6065200,-1.6,,
425.2,24.4701129,54.6065690,-1.4,,
430.2,24.4701192,54.6066179,-1.3,,
435.2,24.4701256,54.6066668,-1.1,,
440.2,24.4701319,54.6067157,-0.8,,
445.2,24.4701382,54.6067647,-0.6,,
450.2,24.4701446,54.6068136,-0.4,,
455.2,24.4701509,54.6068625,-0.1,,
460.2,24.4701573,54.6069114,0.1,,
465.2,24.4701636,54.6069604,0.3,,
470.2,24.4701699,54.6070093,0.6,,
475.2,24.4701763,54.6070582,0.8,,
480.2,24.4701826,54.6071072,1.0,,
485.2,24.4701890,54.6071561,1.2,,
490.2,24.4701953,54.6072050,1.3,,
495.2,24.4702016,54.6072539,1.5,,
500.2,24.4702080,54.6073029,1.6,,
505.2,24.4702143,54.6073518,1.7,,
510.2,24.4702207,54.6074007,1.7,,
515.2,24.4702270,54.6074496,1.8,,
520.2,24.4702333,54.6074986,1.8,,
525.2,24.4702397,54.6075475,1.8,,
530.2,24.4702460,54.6075964,1.8,,
535.2,24.4702524,54.6076454,1.7,,
540.2,24.4702587,54.6076943,1.7,,
545.2,24.4702650,54.6077432,1.7,,
550.2,24.4702714,54.6077921,1.6,,
555.2,24.4702787,54.6078409,1.6,,
560.2,24.4702916,54.6078881,1.5,,
565.2,24.4703116,54.6079321,1.5,,
570.2,24.4703390,54.6079711,1.4,,
575.2,24.4703709,54.6080058,1.4,,
580.2,24.4704065,54.6080360,1.4,,
585.2,24.4704445,54.6080624,1.4,,
590.2,24.4704846,54.6080845,1.5,,
595.2,24.4705270,54.6081003,1.6,,
600.2,24.4705714,54.6081075,1.7,,
605.2,24.4706163,54.6081079,1.8,,
610.2,24.4706610,54.6081022,2.0,,
615.2,24.4707052,54.6080934,2.2,,
620.2,24.4707491,54.6080826,2.3,,
625.2,24.4707928,54.6080710,2.5,,
630.2,24.4708365,54.6080594,2.7,,
635.2,24.4708803,54.6080478,2.9,,
640.2,24.4709240,54.6080362,3.0,,
645.2,24.4709677,54.6080246,3.2,,
650.2,24.4710115,54.6080130,3.3,,
655.2,24.4710552,54.6080014,3.4,,
660.2,24.4710989,54.6079898,3.4,,
665.2,24.4711426,54.6079782,3.3,,
670.2,24.4711864,54.6079666,3.2,,
675.3,24.4712301,54.6079550,3.1,,
680.3,24.4712738,54.6079435,2.9,,
685.3,24.4713175,54.6079319,2.7,,
690.3,24.4713613,54.6079203,2.4,,
695.3,24.4714050,54.6079087,2.1,,
700.3,24.4714487,54.6078971,1.7,,
705.3,24.4714925,54.6078855,1.3,,
710.3,24.4715362,54.6078739,0.8,,
715.3,24.4715799,54.6078623,0.4,,
720.3,24.4716236,54.6078507,-0.1,,
725.3,24.4716674,54.6078391,-0.6,,
730.3,24.4717111,54.6078275,-1.1,,
735.3,24.4717548,54.6078159,-1.5,,
740.3,24.4717986,54.6078043,-2.0,,
745.3,24.4718423,54.6077927,-2.4,,
750.3,24.4718860,54.6077813,-2.7,,
755.3,24.4719299,54.6077702,-3.1,,
760.3,24.4719737,54.6077591,-3.3,,
765.3,24.4720175,54.6077480,-3.6,,
770.3,24.4720614,54.6077369,-3.7,,
775.3,24.4721052,54.6077259,-3.9,,
780.3,24.4721491,54.6077148,-3.9,,
785.3,24.4721929,54.6077037,-4.0,,
790.3,24.4722368,54.6076931,-4.0,,
795.3,24.4722809,54.6076832,-4.0,,
800.3,24.4723241,54.6076695,-4.0,,
805.3,24.4723669,54.6076544,-3.9,,
810.3,24.4724089,54.6076367,-3.8,,
815.3,24.4724491,54.6076147,-3.7,,
820.3,24.4724853,54.6075854,-3.6,,
825.3,24.4725185,54.6075522,-3.4,,
830.3,24.4725496,54.6075165,-3.2,,
835.3,24.4725781,54.6074785,-3.1,,
840.3,24.4726041,54.6074381,-2.8,,
845.3,24.4726260,54.6073951,-2.6,,
850.3,24.4726464,54.6073510,-2.4,,
855.3,24.4726611,54.6073043,-2.1,,
860.3,24.4726752,54.6072574,-1.8,,
865.3,24.4726889,54.6072103,-1.5,,
870.3,24.4727026,54.6071633,-1.2,,
875.3,24.4727163,54.6071162,-0.9,,
880.3,24.4727299,54.6070691,-0.7,,
885.3,24.4727436,54.6070220,-0.4,,
890.3,24.4727573,54.6069749,-0.1,,
895.3,24.4727710,54.6069279,0.1,,
900.3,24.4727847,54.6068808,0.3,,
905.3,24.4727983,54.6068337,0.5,,
910.3,24.4728120,54.6067866,0.6,,
915.3,24.4728257,54.6067395,0.7,,
920.3,24.4728394,54.6066925,0.8,,
925.3,24.4728534,54.6066455,0.8,,
930.3,24.4728692,54.6065992,0.8,,
935.3,24.4728850,54.6065530,0.8,,
940.3,24.4729039,54.6065081,0.8,,
945.4,24.4729231,54.6064635,0.8,,
950.4,24.4729455,54.6064206,0.7,,
955.4,24.4729686,54.6063782,0.7,,
960.4,24.4729927,54.6063365,0.7,,
965.4,24.4730184,54.6062959,0.6,,
970.4,24.4730447,54.6062559,0.6,,
975.4,24.4730731,54.6062175,0.6,,
980.4,24.4731019,54.6061796,0.7,,
985.4,24.4731325,54.6061433,0.7,,
990.4,24.4731634,54.6061074,0.8,,
995.4,24.4731957,54.6060730,0.8,,
1000.4,24.4732289,54.6060397,0.9,,
1005.4,24.4732626,54.6060070,1.0,,
1010.4,24.4732980,54.6059765,1.0,,
1015.4,24.4733337,54.6059464,1.1,,
1020.4,24.4733700,54.6059172,1.1,,
1025.4,24.4734065,54.6058883,1.1,,
1030.4,24.4734432,54.6058599,1.2,,
1035.4,24.4734800,54.6058314,1.2,,
1040.4,24.4735183,54.6058061,1.2,,
1045.4,24.4735607,54.6057896,1.2,,
1050.4,24.4736035,54.6057746,1.2,,
1055.4,24.4736472,54.6057631,1.2,,
1060.4,24.4736913,54.6057534,1.2,,
1065.4,24.4737356,54.6057449,1.1,,
1070.4,24.4737799,54.6057365,1.2,,
1075.4,24.4738247,54.6057313,1.2,,
1080.4,24.4738695,54.6057271,1.2,,
1085.4,24.4739144,54.6057258,1.2,,
1090.4,24.4739594,54.6057262,1.3,,
1095.4,24.4740043,54.6057275,1.3,,
1100.4,24.4740488,54.6057344,1.4,,
1105.4,24.4740934,54.6057412,1.4,,
1110.4,24.4741378,54.6057493,1.5,,
1115.4,24.4741819,54.6057587,1.5,,
1120.4,24.4742260,54.6057687,1.6,,
1125.4,24.4742692,54.6057822,1.6,,
1130.4,24.4743125,54.6057957,1.6,,
1135.4,24.4743558,54.6058092,1.7,,
1140.4,24.4743990,54.6058227,1.7,,
1145.4,24.4744423,54.6058363,1.7,,
1150.4,24.4744856,54.6058498,1.6,,
1155.4,24.4745288,54.6058633,1.6,,
1160.4,24.4745721,54.6058769,1.5,,
1165.4,24.4746153,54.6058904,1.5,,
1170.4,24.4746586,54.6059040,1.4,,
1175.4,24.4747019,54.6059175,1.3,,
1180.4,24.4747453,54.6059301,1.2,,
1185.4,24.4747889,54.6059423,1.2,,
1190.4,24.4748326,54.6059543,1.1,,
1195.4,24.4748762,54.6059662,1.0,,
1200.4,24.4749199,54.6059781,1.0,,
1205.4,24.4749636,54.6059899,1.0,,
1210.4,24.4750077,54.6059996,1.0,,
1215.5,24.4750519,54.6060086,1.1,,
1220.5,24.4750961,54.6060175,1.1,,
1225.5,24.4751404,54.6060264,1.2,,
1230.5,24.4751850,54.6060328,1.3,,
1235.5,24.4752296,54.6060392,1.4,,
1240.5,24.4752742,54.6060456,1.4,,
1245.5,24.4753189,54.6060513,1.5,,
1250.5,24.4753637,54.6060552,1.6,,
1255.5,24.4754086,54.6060590,1.7,,
1260.5,24.4754534,54.6060629,1.7,,
1265.5,24.4754983,54.6060653,1.7,,
1270.5,24.4755433,54.6060667,1.6,,
1275.5,24.4755883,54.6060681,1.6,,
1280.5,24.4756332,54.6060695,1.5,,
1285.5,24.4756782,54.6060685,1.3,,
1290.5,24.4757232,54.6060674,1.1,,
1295.5,24.4757681,54.6060662,1.0,,
1300.5,24.4758131,54.6060646,0.7,,
1305.5,24.4758579,54.6060609,0.5,,
1310.5,24.4759028,54.6060572,0.2,,
1315.5,24.4759477,54.6060535,-0.0,,
1320.5,24.4759924,54.6060486,-0.3,,
1325.5,24.4760370,54.6060424,-0.5,,
1330.5,24.4760817,54.6060362,-0.7,,
1335.5,24.4761263,54.6060300,-1.0,,
1340.5,24.4761709,54.6060240,-1.1,,
1345.5,24.4762156,54.6060182,-1.3,,
1350.5,24.4762603,54.6060123,-1.4,,
1355.5,24.4763049,54.6060064,-1.5,,
1360.5,24.4763496,54.6060005,-1.6,,
1365.5,24.4763943,54.6059946,-1.7,,
1370.5,24.4764389,54.6059888,-1.7,,
1375.5,24.4764836,54.6059829,-1.7,,
1380.5,24.4765282,54.6059770,-1.7,,
1385.5,24.4765729,54.6059711,-1.6,,
1390.5,24.4766176,54.6059652,-1.5,,
1395.5,24.4766622,54.6059594,-1.4,,
1400.5,24.4767069,54.6059537,-1.3,,
1405.5,24.4767516,54.6059481,-1.2,,
1410.5,24.4767963,54.6059426,-1.1,,
1415.5,24.4768410,54.6059370,-0.9,,
1420.5,24.4768857,54.6059314,-0.8,,
1425.5,24.4769304,54.6059258,-0.6,,
1430.5,24.4769751,54.6059203,-0.5,,
1435.5,24.4770198,54.6059147,-0.3,,
1440.5,24.4770645,54.6059091,-0.2,,
1445.5,24.4771092,54.6059036,-0.1,,
1450.5,24.4771539,54.6058980,-0.1,,
1455.5,24.4771986,54.6058924,0.0,,
1460.5,24.4772433,54.6058869,0.0,,
1465.5,24.4772880,54.6058813,0.0,,
1470.5,24.4773327,54.6058757,0.0,,
1475.5,24.4773773,54.6058700,-0.0,,
1480.5,24.4774219,54.6058636,-0.1,,
1485.6,24.4774666,54.6058573,-0.1,,
1490.6,24.4775112,54.6058509,-0.2,,
1495.6,24.4775558,54.6058445,-0.3,,
1500.6,24.4776004,54.6058383,-0.4,,
1505.6,24.4776450,54.6058322,-0.5,,
1510.6,24.4776897,54.6058262,-0.6,,
1515.6,24.4777343,54.6058201,-0.6,,
1520.6,24.4777790,54.6058140,-0.7,,
1525.6,24.4778236,54.6058080,-0.8,,
1530.6,24.4778682,54.6058019,-0.8,,
1535.6,24.4779129,54.6057958,-0.8,,
1540.6,24.4779575,54.6057898,-0.8,,
1545.6,24.4780022,54.6057837,-0.8,,
1550.6,24.4780468,54.6057776,-0.8,,
1555.6,24.4780915,54.6057716,-0.8,,
1560.6,24.4781361,54.6057655,-0.8,,
1565.6,24.4781807,54.6057594,-0.7,,
1570.6,24.4782254,54.6057533,-0.6,,
1575.6,24.4782697,54.6057452,-0.6,,
1580.6,24.4783137,54.6057349,-0.4,,
1585.6,24.4783577,54.6057246,-0.3,,
1590.6,24.4784005,54.6057095,-0.2,,
1595.6,24.4784427,54.6056927,-0.1,,
1600.6,24.4784816,54.6056680,0.1,,
1605.6,24.4785176,54.6056385,0.2,,
1610.6,24.4785500,54.6056043,0.4,,
1615.6,24.4785794,54.6055669,0.5,,
1620.6,24.4786056,54.6055270,0.6,,
1625.6,24.4786239,54.6054822,0.8,,
1630.6,24.4786362,54.6054346,0.9,,
1635.6,24.4786437,54.6053860,1.0,,
1640.6,24.4786451,54.6053367,1.0,,
1645.6,24.4786380,54.6052880,1.1,,
1650.6,24.4786238,54.6052412,1.1,,
1655.6,24.4786026,54.6051977,1.1,,
1660.6,24.4785752,54.6051587,1.1,,
1665.6,24.4785424,54.6051249,1.1,,
1670.6,24.4785067,54.6050948,1.1,,
1675.6,24.4784673,54.6050709,1.0,,
1680.6,24.4784266,54.6050499,0.9,,
1685.6,24.4783853,54.6050306,0.9,,
1690.6,24.4783426,54.6050150,0.8,,
1695.6,24.4782999,54.6049994,0.7,,
1700.6,24.4782573,54.6049838,0.5,,
1705.6,24.4782146,54.6049681,0.4,,
1710.6,24.4781719,54.6049525,0.3,,
1715.6,24.4781292,54.6049369,0.2,,
1720.6,24.4780865,54.6049213,0.0,,
1725.6,24.4780439,54.6049057,-0.1,,
1730.6,24.4780009,54.6048909,-0.2,,
1735.6,24.4779576,54.6048775,-0.3,,
1740.6,24.4779140,54.6048654,-0.4,,
1745.6,24.4778704,54.6048534,-0.5,,
1750.6,24.4778268,54.6048414,-0.6,,
1755.7,24.4777831,54.6048294,-0.7,,
1760.7,24.4777395,54.6048173,-0.7,,
1765.7,24.4776959,54.6048053,-0.7,,
1770.7,24.4776523,54.6047933,-0.7,,
1775.7,24.4776086,54.6047812,-0.6,,
1780.7,24.4775650,54.6047692,-0.6,,
1785.7,24.4775214,54.6047572,-0.5,,
1790.7,24.4774777,54.6047451,-0.4,,
1795.7,24.4774341,54.6047331,-0.3,,
1800.7,24.4773905,54.6047211,-0.2,,
1805.7,24.4773474,54.6047067,-0.1,,
1810.7,24.4773045,54.6046919,0.1,,
1815.7,24.4772616,54.6046771,0.2,,
1820.7,24.4772187,54.6046622,0.3,,
1825.7,24.4771758,54.6046474,0.5,,
1830.7,24.4771329,54.6046325,0.6,,
1835.7,24.4770900,54.6046177,0.7,,
1840.7,24.4770471,54.6046029,0.8,,
1845.7,24.4770042,54.6045880,0.9,,
1850.7,24.4769614,54.6045728,0.9,,
1855.7,24.4769187,54.6045573,1.0,,
1860.7,24.4768760,54.6045418,1.0,,
1865.7,24.4768332,54.6045264,1.0,,
1870.7,24.4767905,54.6045109,0.9,,
1875.7,24.4767478,54.6044954,0.9,,
1880.7,24.4767051,54.6044800,0.8,,
1885.7,24.4766623,54.6044645,0.7,,
1890.7,24.4766196,54.6044490,0.6,,
1895.7,24.4765769,54.6044335,0.5,,
1900.7,24.4765342,54.6044181,0.3,,
1905.7,24.4764915,54.6044026,0.2,,
1910.7,24.4764487,54.6043871,0.1,,
1915.7,24.4764060,54.6043717,0.0,,
1920.7,24.4763633,54.6043562,-0.1,,
1925.7,24.4763206,54.6043407,-0.2,,
1930.7,24.4762778,54.6043253,-0.2,,
1935.7,24.4762351,54.6043098,-0.3,,
1940.7,24.4761924,54.6042943,-0.3,,
1945.7,24.4761497,54.6042789,-0.3,,
1950.7,24.4761070,54.6042634,-0.3,,
1955.7,24.4760642,54.6042479,-0.3,,
1960.7,24.4760215,54.6042324,-0.3,,
1965.7,24.4759788,54.6042170,-0.3,,
1970.7,24.4759362,54.6042012,-0.3,,
1975.7,24.4758936,54.6041853,-0.2,,
1980.7,24.4758509,54.6041695,-0.2,,
1985.7,24.4758083,54.6041537,-0.2,,
1990.7,24.4757657,54.6041379,-0.1,,
1995.7,24.4757231,54.6041220,-0.1,,
2000.7,24.4756805,54.6041062,-0.1,,
2005.7,24.4756379,54.6040904,-0.1,,
2010.7,24.4755953,54.6040746,-0.1,,
2015.7,24.4755526,54.6040588,-0.1,,
2020.7,24.4755100,54.6040429,-0.1,,
2025.8,24.4754674,54.6040271,-0.1,,
2030.8,24.4754248,54.6040113,-0.1,,
2035.8,24.4753822,54.6039955,-0.1,,
2040.8,24.4753396,54.6039796,-0.2,,
2045.8,24.4752969,54.6039638,-0.2,,
2050.8,24.4752543,54.6039480,-0.3,,
2055.8,24.4752117,54.6039322,-0.3,,
2060.8,24.4751691,54.6039163,-0.4,,
2065.8,24.4751265,54.6039005,-0.5,,
2070.8,24.4750839,54.6038847,-0.6,,
2075.8,24.4750413,54.6038689,-0.6,,
2080.8,24.4749986,54.6038531,-0.7,,
2085.8,24.4749560,54.6038372,-0.8,,
2090.8,24.4749134,54.6038214,-0.9,,
2095.8,24.4748708,54.6038056,-0.9,,
2100.8,24.4748282,54.6037898,-0.9,,
2105.8,24.4747856,54.6037739,-1.0,,
2110.8,24.4747430,54.6037581,-1.0,,
2115.8,24.4747003,54.6037423,-1.0,,
2120.8,24.4746577,54.6037265,-1.0,,
2125.8,24.4746151,54.6037106,-0.9,,
2130.8,24.4745725,54.6036948,-0.9,,
2135.8,24.4745299,54.6036790,-0.8,,
2140.8,24.4744873,54.6036632,-0.7,,
2145.8,24.4744447,54.6036474,-0.7,,
2150.8,24.4744020,54.6036315,-0.6,,
2155.8,24.4743594,54.6036158,-0.5,,
2160.8,24.4743168,54.6036000,-0.3,,
2165.8,24.4742741,54.6035843,-0.2,,
2170.8,24.4742315,54.6035686,-0.1,,
2175.8,24.4741888,54.6035529,0.1,,
2180.8,24.4741462,54.6035372,0.3,,
2185.8,24.4741035,54.6035214,0.4,,
2190.8,24.4740609,54.6035057,0.6,,
2195.8,24.4740182,54.6034900,0.8,,
2200.8,24.4739757,54.6034740,1.0,,
2205.8,24.4739331,54.6034580,1.2,,
2210.8,24.4738905,54.6034421,1.4,,
2215.8,24.4738480,54.6034261,1.5,,
2220.8,24.4738054,54.6034101,1.7,,
2225.8,24.4737628,54.6033942,1.9,,
2230.8,24.4737202,54.6033782,2.0,,
2235.8,24.4736777,54.6033623,2.2,,
2240.8,24.4736351,54.6033463,2.2,,
2245.8,24.4735925,54.6033303,2.3,,
2250.8,24.4735500,54.6033144,2.3,,
2255.8,24.4735074,54.6032984,2.3,,
2260.8,24.4734648,54.6032824,2.3,,
2265.8,24.4734222,54.6032665,2.2,,
2270.8,24.4733797,54.6032505,2.1,,
2275.8,24.4733371,54.6032345,2.0,,
2280.8,24.4732945,54.6032186,1.8,,
2285.8,24.4732520,54.6032026,1.7,,
2290.8,24.4732094,54.6031867,1.5,,
2295.9,24.4731668,54.6031707,1.4,,
2300.9,24.4731242,54.6031547,1.2,,
2305.9,24.4730817,54.6031388,1.1,,
2310.9,24.4730391,54.6031228,1.0,,
2315.9,24.4729965,54.6031068,0.9,,
2320.9,24.4729540,54.6030909,0.8,,
2325.9,24.4729114,54.6030749,0.7,,
2330.9,24.4728688,54.6030590,0.7,,
2335.9,24.4728262,54.6030432,0.7,,
2340.9,24.4727836,54.6030273,0.7,,
2345.9,24.4727410,54.6030114,0.7,,
2350.9,24.4726984,54.6029955,0.8,,
2355.9,24.4726558,54.6029796,0.8,,
2360.9,24.4726132,54.6029638,0.9,,
2365.9,24.4725706,54.6029479,0.9,,
2370.9,24.4725280,54.6029320,0.9,,
2375.9,24.4724854,54.6029161,1.0,,
2380.9,24.4724428,54.6029002,1.0,,
2385.9,24.4724002,54.6028843,0.9,,
2390.9,24.4723576,54.6028685,0.9,,
2395.9,24.4723150,54.6028526,0.8,,
2400.9,24.4722724,54.6028367,0.7,,
2405.9,24.4722296,54.6028216,0.6,,
2410.9,24.4721867,54.6028068,0.4,,
2415.9,24.4721438,54.6027920,0.3,,
2420.9,24.4721009,54.6027772,0.1,,
2425.9,24.4720579,54.6027624,-0.1,,
2430.9,24.4720150,54.6027475,-0.3,,
2435.9,24.4719721,54.6027327,-0.5,,
2440.9,24.4719293,54.6027175,-0.6,,
2445.9,24.4718866,54.6027022,-0.8,,
2450.9,24.4718438,54.6026869,-0.9,,
2455.9,24.4718010,54.6026715,-1.0,,
2460.9,24.4717583,54.6026562,-1.1,,
2465.9,24.4717155,54.6026409,-1.2,,
2470.9,24.4716727,54.6026256,-1.2,,
2475.9,24.4716299,54.6026103,-1.3,,
2480.9,24.4715866,54.6025971,-1.3,,
2485.9,24.4715432,54.6025842,-1.3,,
2490.9,24.4714998,54.6025712,-1.2,,
2495.9,24.4714564,54.6025582,-1.2,,
2500.9,24.4714130,54.6025452,-1.2,,
2505.9,24.4713695,54.6025325,-1.2,,
2510.9,24.4713260,54.6025200,-1.2,,
2515.9,24.4712825,54.6025075,-1.1,,
2520.9,24.4712390,54.6024949,-1.1,,
2525.9,24.4711955,54.6024824,-1.1,,
2530.9,24.4711519,54.6024699,-1.1,,
2535.9,24.4711084,54.6024573,-1.1,,
2540.9,24.4710650,54.6024443,-1.2,,
2545.9,24.4710218,54.6024307,-1.2,,
2550.9,24.4709785,54.6024171,-1.2,,
2555.9,24.4709353,54.6024035,-1.3,,
2560.9,24.4708921,54.6023899,-1.3,,
2566.0,24.4708488,54.6023763,-1.4,,
2571.0,24.4708056,54.6023627,-1.4,,
2576.0,24.4707625,54.6023485,-1.4,,
2581.0,24.4707198,54.6023329,-1.4,,
2586.0,24.4706771,54.6023173,-1.4,,
2591.0,24.4706345,54.6023016,-1.4,,
2596.0,24.4705918,54.6022860,-1.4,,
2601.0,24.4705491,54.6022704,-1.3,,
2606.0,24.4705064,54.6022548,-1.3,,
2611.0,24.4704637,54.6022392,-1.2,,
2616.0,24.4704210,54.6022236,-1.1,,
2621.0,24.4703784,54.6022080,-1.0,,
2626.0,24.4703357,54.6021924,-0.9,,
2631.0,24.4702930,54.6021768,-0.8,,
2636.0,24.4702503,54.6021612,-0.7,,
2641.0,24.4702076,54.6021456,-0.6,,
2646.0,24.4701650,54.6021300,-0.5,,
2651.0,24.4701223,54.6021144,-0.5,,
2656.0,24.4700796,54.6020988,-0.5,,
2661.0,24.4700369,54.6020832,-0.5,,
2666.0,24.4699942,54.6020676,-0.5,,
2671.0,24.4699516,54.6020520,-0.5,,
2676.0,24.4699089,54.6020363,-0.5,,
2681.0,24.4698662,54.6020207,-0.5,,
2686.0,24.4698235,54.6020051,-0.6,,
2691.0,24.4697808,54.6019895,-0.6,,
2696.0,24.4697382,54.6019739,-0.7,,
2701.0,24.4696955,54.6019583,-0.7,,
2706.0,24.4696528,54.6019427,-0.7,,
2711.0,24.4696101,54.6019271,-0.7,,
2716.0,24.4695674,54.6019115,-0.7,,
2721.0,24.4695247,54.6018959,-0.7,,
2726.0,24.4694821,54.6018803,-0.7,,
2731.0,24.4694394,54.6018647,-0.6,,
2736.0,24.4693967,54.6018491,-0.5,,
2741.0,24.4693540,54.6018335,-0.4,,
2746.0,24.4693113,54.6018179,-0.3,,
2751.0,24.4692687,54.6018023,-0.1,,
2756.0,24.4692260,54.6017866,0.0,,
2761.0,24.4691833,54.6017710,0.2,,
2766.0,24.4691406,54.6017554,0.3,,
2771.0,24.4690979,54.6017398,0.5,,
2776.0,24.4690553,54.6017242,0.7,,
2781.0,24.4690126,54.6017086,0.8,,
2786.0,24.4689699,54.6016930,1.0,,
2791.0,24.4689272,54.6016774,1.2,,
2796.0,24.4688845,54.6016618,1.3,,
2801.0,24.4688418,54.6016462,1.4,,
2806.0,24.4687992,54.6016306,1.5,,
2811.0,24.4687565,54.6016150,1.6,,
2816.0,24.4687138,54.6015994,1.7,,
2821.0,24.4686711,54.6015838,1.7,,
2826.0,24.4686284,54.6015682,1.8,,
2831.0,24.4685858,54.6015526,1.8,,
2836.1,24.4685425,54.6015390,1.8,,
2841.1,24.4684983,54.6015447,1.8,,
2846.1,24.4684606,54.6015705,1.8,,
2851.1,24.4684365,54.6016114,1.7,,
2856.1,24.4684312,54.6016601,1.6,,
2861.1,24.4684381,54.6017089,1.5,,
2866.1,24.4684454,54.6017576,1.4,,
2871.1,24.4684527,54.6018064,1.3,,
2876.1,24.4684601,54.6018552,1.2,,
2881.1,24.4684674,54.6019039,1.0,,
2886.1,24.4684747,54.6019527,0.9,,
2891.1,24.4684820,54.6020014,0.7,,
2896.1,24.4684893,54.6020502,0.5,,
2901.1,24.4684967,54.6020990,0.4,,
2906.1,24.4684965,54.6021481,0.2,,
2911.1,24.4684823,54.6021946,0.1,,
2916.1,24.4684540,54.6022322,-0.0,,
2921.1,24.4684123,54.6022498,-0.1,,
2926.1,24.4683688,54.6022623,-0.2,,
2931.1,24.4683253,54.6022752,-0.3,,
2936.1,24.4682819,54.6022880,-0.3,,
2941.1,24.4682385,54.6023009,-0.4,,
2946.1,24.4681950,54.6023137,-0.5,,
2951.1,24.4681516,54.6023266,-0.5,,
2956.1,24.4681082,54.6023394,-0.6,,
2961.1,24.4680647,54.6023523,-0.6,,
2966.1,24.4680213,54.6023651,-0.7,,
2971.1,24.4679778,54.6023778,-0.8,,
2976.1,24.4679340,54.6023892,-0.8,,
2981.1,24.4678903,54.6024005,-0.9,,
2986.1,24.4678465,54.6024119,-0.9,,
2991.1,24.4678033,54.6024257,-1.0,,
2996.1,24.4677602,54.6024397,-1.0,,
3001.1,24.4677170,54.6024538,-1.1,,
3006.1,24.4676739,54.6024678,-1.1,,
3011.1,24.4676308,54.6024818,-1.1,,
3016.1,24.4675876,54.6024958,-1.1,,
3021.1,24.4675445,54.6025098,-1.0,,
3026.1,24.4675012,54.6025232,-0.9,,
3031.1,24.4674578,54.6025364,-0.8,,
3036.1,24.4674145,54.6025496,-0.7,,
3041.1,24.4673712,54.6025628,-0.5,,
3046.1,24.4673278,54.6025760,-0.4,,
3051.1,24.4672845,54.6025892,-0.2,,
3056.1,24.4672411,54.6026025,0.1,,
3061.1,24.4671988,54.6026188,0.3,,
3066.1,24.4671583,54.6026401,0.5,,
3071.1,24.4671177,54.6026615,0.8,,
3076.1,24.4670787,54.6026860,1.0,,
3081.1,24.4670402,54.6027115,1.3,,
3086.1,24.4670017,54.6027371,1.5,,
3091.1,24.4669635,54.6027632,1.7,,
3096.1,24.4669253,54.6027894,1.9,,
3101.1,24.4668872,54.6028156,2.1,,
3106.2,24.4668490,54.6028417,2.3,,
3111.2,24.4668109,54.6028679,2.4,,
3116.2,24.4667742,54.6028965,2.5,,
3121.2,24.4667383,54.6029263,2.5,,
3126.2,24.4667025,54.6029561,2.6,,
3131.2,24.4666666,54.6029859,2.6,,
3136.2,24.4666307,54.6030158,2.6,,
3141.2,24.4665952,54.6030461,2.5,,
3146.2,24.4665628,54.6030803,2.5,,
3151.2,24.4665303,54.6031145,2.4,,
3156.2,24.4664979,54.6031487,2.4,,
3161.2,24.4664654,54.6031829,2.3,,
3166.2,24.4664330,54.6032172,2.2,,
3171.2,24.4664005,54.6032514,2.2,,
3176.2,24.4663689,54.6032866,2.1,,
3181.2,24.4663381,54.6033226,2.0,,
3186.2,24.4663073,54.6033586,1.9,,
3191.2,24.4662765,54.6033946,1.9,,
3196.2,24.4662457,54.6034306,1.8,,
3201.2,24.4662165,54.6034682,1.7,,
3206.2,24.4661875,54.6035060,1.7,,
3211.2,24.4661585,54.6035438,1.7,,
3216.2,24.4661296,54.6035816,1.6,,
3221.2,24.4661006,54.6036194,1.6,,
3226.2,24.4660716,54.6036572,1.6,,
3231.2,24.4660426,54.6036950,1.7,,
3236.2,24.4660147,54.6037337,1.7,,
3241.2,24.4659873,54.6037729,1.8,,
3246.2,24.4659599,54.6038121,1.9,,
3251.2,24.4659325,54.6038513,2.0,,
3256.2,24.4659052,54.6038905,2.2,,
3261.2,24.4658778,54.6039298,2.3,,
3266.2,24.4658504,54.6039690,2.5,,
3271.2,24.4658230,54.6040082,2.7,,
3276.2,24.4657956,54.6040474,2.9,,
3281.2,24.4657683,54.6040866,3.1,,
3286.2,24.4657409,54.6041258,3.3,,
3291.2,24.4657135,54.6041650,3.4,,
3296.2,24.4656861,54.6042042,3.6,,
3301.2,24.4656588,54.6042435,3.7,,
3306.2,24.4656314,54.6042827,3.9,,
3311.2,24.4656040,54.6043219,4.0,,
3316.2,24.4655766,54.6043611,4.1,,
3321.2,24.4655492,54.6044003,4.1,,
3326.2,24.4655213,54.6044391,4.2,,
3331.2,24.4654934,54.6044778,4.2,,
3336.2,24.4654654,54.6045164,4.2,,
3341.2,24.4654374,54.6045551,4.2,,
3346.2,24.4654094,54.6045938,4.2,,
3351.2,24.4653814,54.6046325,4.1,,
3356.2,24.4653534,54.6046712,4.1,,
3361.2,24.4653254,54.6047099,4.1,,
3366.2,24.4652974,54.6047486,4.1,,
3371.2,24.4652694,54.6047873,4.1,,
3376.3,24.4652414,54.6048259,4.0,,
3381.3,24.4652134,54.6048646,4.0,,
3386.3,24.4651855,54.6049033,4.0,,
3391.3,24.4651575,54.6049420,4.0,,
3396.3,24.4651295,54.6049807,3.9,,
3401.3,24.4651015,54.6050194,3.9,,
3406.3,24.4650735,54.6050581,3.8,,
3411.3,24.4650455,54.6050968,3.8,,
3416.3,24.4650175,54.6051354,3.7,,
3421.3,24.4649895,54.6051741,3.6,,
3426.3,24.4649615,54.6052128,3.5,,
3431.3,24.4649335,54.6052515,3.4,,
3436.3,24.4649055,54.6052902,3.3,,
3441.3,24.4648775,54.6053289,3.2,,
3446.3,24.4648507,54.6053685,3.0,,
3451.3,24.4648239,54.6054082,2.8,,
3456.3,24.4647970,54.6054479,2.7,,
3461.3,24.4647702,54.6054875,2.5,,
3466.3,24.4647434,54.6055272,2.3,,
3471.3,24.4647165,54.6055668,2.2,,
3476.3,24.4646897,54.6056065,2.0,,
3481.3,24.4646628,54.6056462,1.8,,
3486.3,24.4646360,54.6056858,1.7,,
3491.3,24.4646090,54.6057253,1.6,,
3496.3,24.4645818,54.6057647,1.5,,
3501.3,24.4645546,54.6058040,1.4,,
3506.3,24.4645274,54.6058434,1.3,,
3511.3,24.4645002,54.6058828,1.2,,
3516.3,24.4644730,54.6059221,1.2,,
3521.3,24.4644458,54.6059615,1.1,,
3526.3,24.4644199,54.6060019,1.1,,
3531.3,24.4643946,54.6060427,1.1,,
3536.3,24.4643692,54.6060836,1.1,,
3541.3,24.4643438,54.6061244,1.1,,
3546.3,24.4643191,54.6061657,1.2,,
3551.3,24.4642947,54.6062072,1.2,,
3556.3,24.4642703,54.6062487,1.3,,
3561.3,24.4642459,54.6062902,1.4,,
3566.3,24.4642215,54.6063317,1.5,,
3571.3,24.4641971,54.6063732,1.6,,
3576.3,24.4641727,54.6064148,1.7,,
3581.3,24.4641483,54.6064563,1.8,,
3586.3,24.4641239,54.6064978,2.0,,
3591.3,24.4640996,54.6065393,2.1,,
3596.3,24.4640774,54.6065823,2.3,,
3601.3,24.4640552,54.6066253,2.4,,
3606.3,24.4640330,54.6066683,2.6,,
3611.3,24.4640108,54.6067113,2.7,,
3616.3,24.4639887,54.6067543,2.8,,
3621.3,24.4639683,54.6067983,2.8,,
3626.3,24.4639487,54.6068429,2.9,,
3631.3,24.4639292,54.6068874,2.9,,
3636.3,24.4639096,54.6069319,2.8,,
3641.3,24.4638901,54.6069764,2.7,,
3646.4,24.4638706,54.6070209,2.7,,
3651.4,24.4638510,54.6070654,2.5,,
3656.4,24.4638316,54.6071100,2.3,,
3661.4,24.4638133,54.6071552,2.1,,
3666.4,24.4637951,54.6072003,1.9,,
3671.4,24.4637768,54.6072455,1.7,,
3676.4,24.4637586,54.6072907,1.5,,
3681.4,24.4637403,54.6073359,1.3,,
3686.4,24.4637221,54.6073810,1.1,,
3691.4,24.4637038,54.6074262,0.9,,
3696.4,24.4636856,54.6074714,0.7,,
3701.4,24.4636674,54.6075165,0.6,,
3706.4,24.4636491,54.6075617,0.5,,
3711.4,24.4636309,54.6076069,0.4,,
3716.4,24.4636126,54.6076521,0.3,,
3721.4,24.4635944,54.6076972,0.3,,
3726.4,24.4635761,54.6077424,0.3,,
3731.4,24.4635579,54.6077876,0.3,,
3736.4,24.4635396,54.6078328,0.3,,
3741.4,24.4635214,54.6078779,0.3,,
3746.4,24.4635032,54.6079231,0.4,,
3751.4,24.4634849,54.6079683,0.5,,
3756.4,24.4634667,54.6080135,0.5,,
3761.4,24.4634484,54.6080586,0.6,,
3766.4,24.4634302,54.6081038,0.7,,
3771.4,24.4634119,54.6081490,0.7,,
3776.4,24.4633937,54.6081942,0.7,,
3781.4,24.4633755,54.6082393,0.7,,
3786.4,24.4633572,54.6082845,0.7,,
3791.4,24.4633390,54.6083297,0.6,,
3796.4,24.4633207,54.6083748,0.6,,
3801.4,24.4633025,54.6084200,0.4,,
3806.4,24.4632842,54.6084652,0.3,,
3811.4,24.4632660,54.6085104,0.1,,
3816.4,24.4632477,54.6085555,-0.0,,
3821.4,24.4632295,54.6086007,-0.2,,
3826.4,24.4632113,54.6086459,-0.4,,
3831.4,24.4631948,54.6086918,-0.6,,
3836.4,24.4631812,54.6087389,-0.8,,
3841.4,24.4631698,54.6087867,-1.0,,
3846.4,24.4631629,54.6088355,-1.2,,
3851.4,24.4631587,54.6088847,-1.3,,
3856.4,24.4631598,54.6089340,-1.5,,
3861.4,24.4631636,54.6089832,-1.6,,
3866.4,24.4631692,54.6090322,-1.7,,
3871.4,24.4631797,54.6090803,-1.8,,
3876.4,24.4631938,54.6091270,-1.9,,
3881.4,24.4632120,54.6091722,-1.9,,
3886.4,24.4632347,54.6092148,-2.0,,
3891.4,24.4632583,54.6092569,-2.0,,
3896.4,24.4632863,54.6092955,-2.1,,
3901.4,24.4633166,54.6093320,-2.1,,
3906.4,24.4633481,54.6093672,-2.2,,
3911.4,24.4633832,54.6093982,-2.2,,
3916.5,24.4634215,54.6094240,-2.3,,
3921.5,24.4634599,54.6094498,-2.4,,
3926.5,24.4635002,54.6094718,-2.4,,
3931.5,24.4635416,54.6094908,-2.5,,
3936.5,24.4635841,54.6095070,-2.6,,
3941.5,24.4636275,54.6095197,-2.6,,
3946.5,24.4636714,54.6095303,-2.7,,
3951.5,24.4637160,54.6095369,-2.7,,
3956.5,24.4637606,54.6095434,-2.8,,
3961.5,24.4638054,54.6095471,-2.8,,
3966.5,24.4638504,54.6095480,-2.9,,
3971.5,24.4638952,54.6095446,-2.9,,
3976.5,24.4639399,54.6095396,-2.9,,
3981.5,24.4639842,54.6095311,-3.0,,
3986.5,24.4640282,54.6095211,-3.0,,
3991.5,24.4640716,54.6095082,-3.0,,
3996.5,24.4641141,54.6094923,-3.0,,
4001.5,24.4641550,54.6094718,-3.0,,
4006.5,24.4641948,54.6094489,-3.0,,
4011.5,24.4642330,54.6094231,-3.0,,
4016.5,24.4642694,54.6093940,-3.0,,
4021.5,24.4643044,54.6093630,-3.0,,
4026.5,24.4643388,54.6093312,-3.0,,
4031.5,24.4643711,54.6092969,-2.9,,
4036.5,24.4644004,54.6092593,-2.9,,
4041.5,24.4644272,54.6092196,-2.9,,
4046.5,24.4644535,54.6091796,-2.9,,
4051.5,24.4644776,54.6091379,-2.8,,
4056.5,24.4644998,54.6090950,-2.8,,
4061.5,24.4645187,54.6090501,-2.7,,
4066.5,24.4645340,54.6090037,-2.6,,
4071.5,24.4645477,54.6089567,-2.6,,
4076.5,24.4645588,54.6089088,-2.5,,
4081.5,24.4645669,54.6088602,-2.4,,
4086.5,24.4645740,54.6088115,-2.4,,
4091.5,24.4645789,54.6087623,-2.3,,
4096.5,24.4645835,54.6087132,-2.3,,
4101.5,24.4645868,54.6086639,-2.3,,
4106.5,24.4645900,54.6086146,-2.2,,
4111.5,24.4645933,54.6085653,-2.3,,
4116.5,24.4645965,54.6085160,-2.3,,
4121.5,24.4645998,54.6084667,-2.3,,
4126.5,24.4646030,54.6084174,-2.4,,
4131.5,24.4646061,54.6083681,-2.4,,
4136.5,24.4646092,54.6083188,-2.5,,
4141.5,24.4646123,54.6082695,-2.5,,
4146.5,24.4646154,54.6082202,-2.6,,
4151.5,24.4646185,54.6081709,-2.6,,
4156.5,24.4646217,54.6081216,-2.6,,
4161.5,24.4646248,54.6080723,-2.5,,
4166.5,24.4646279,54.6080230,-2.4,,
4171.5,24.4646310,54.6079737,-2.3,,
4176.5,24.4646341,54.6079244,-2.1,,
4181.6,24.4646372,54.6078751,-1.8,,
4186.6,24.4646403,54.6078258,-1.5,,
4191.6,24.4646434,54.6077765,-1.2,,
4196.6,24.4646465,54.6077272,-0.8,,
4201.6,24.4646496,54.6076779,-0.4,,
4206.6,24.4646527,54.6076286,-0.1,,
4211.6,24.4646559,54.6075793,0.3,,
4216.6,24.4646590,54.6075300,0.7,,
4221.6,24.4646621,54.6074807,1.0,,
4226.6,24.4646652,54.6074314,1.3,,
4231.6,24.4646683,54.6073821,1.5,,
4236.6,24.4646714,54.6073328,1.8,,
4241.6,24.4646745,54.6072835,1.9,,
4246.6,24.4646776,54.6072342,2.0,,
4251.6,24.4646807,54.6071849,1.9,,
4256.6,24.4646838,54.6071356,1.9,,
4261.6,24.4646882,54.6070864,1.7,,
4266.6,24.4646935,54.6070373,1.6,,
4271.6,24.4646988,54.6069882,1.3,,
4276.6,24.4647027,54.6069390,1.0,,
4281.6,24.4647071,54.6068898,0.7,,
4286.6,24.4647136,54.6068409,0.4,,
4291.6,24.4647245,54.6067930,-0.0,,
4296.6,24.4647362,54.6067453,-0.4,,
4301.6,24.4647509,54.6066987,-0.8,,
4306.6,24.4647705,54.6066543,-1.2,,
4311.6,24.4647948,54.6066127,-1.6,,
4316.6,24.4648191,54.6065711,-2.1,,
4321.6,24.4648434,54.6065295,-2.4,,
4326.6,24.4648677,54.6064879,-2.8,,
4331.6,24.4648920,54.6064463,-3.2,,
4336.6,24.4649162,54.6064047,-3.5,,
4341.6,24.4649405,54.6063631,-3.8,,
4346.6,24.4649648,54.6063215,-4.0,,
4351.6,24.4649891,54.6062799,-4.2,,
4356.6,24.4650134,54.6062383,-4.3,,
4361.6,24.4650377,54.6061967,-4.3,,
4366.6,24.4650620,54.6061551,-4.3,,
4371.6,24.4650862,54.6061135,-4.2,,
4376.6,24.4651105,54.6060719,-4.1,,
4381.6,24.4651348,54.6060303,-3.8,,
4386.6,24.4651591,54.6059887,-3.6,,
4391.6,24.4651834,54.6059471,-3.2,,
4396.6,24.4652077,54.6059055,-2.8,,
4401.6,24.4652319,54.6058639,-2.4,,
4406.6,24.4652562,54.6058223,-2.0,,
4411.6,24.4652805,54.6057807,-1.5,,
4416.6,24.4653052,54.6057394,-1.1,,
4421.6,24.4653336,54.6057012,-0.7,,
4426.6,24.4653661,54.6056670,-0.2,,
4431.6,24.4654017,54.6056368,0.1,,
4436.6,24.4654386,54.6056087,0.4,,
4441.6,24.4654776,54.6055840,0.7,,
4446.6,24.4655189,54.6055649,0.9,,
4451.7,24.4655612,54.6055483,1.1,,
4456.7,24.4656041,54.6055338,1.3,,
4461.7,24.4656480,54.6055229,1.4,,
4466.7,24.4656919,54.6055121,1.5,,
4471.7,24.4657358,54.6055013,1.5,,
4476.7,24.4657797,54.6054905,1.6,,
4481.7,24.4658236,54.6054796,1.6,,
4486.7,24.4658675,54.6054688,1.6,,
4491.7,24.4659114,54.6054580,1.6,,
4496.7,24.4659553,54.6054472,1.6,,
4501.7,24.4659992,54.6054363,1.5,,
4506.7,24.4660431,54.6054255,1.5,,
4511.7,24.4660869,54.6054147,1.4,,
4516.7,24.4661308,54.6054039,1.3,,
4521.7,24.4661747,54.6053930,1.2,,
4526.7,24.4662186,54.6053822,1.0,,
4531.7,24.4662625,54.6053714,0.9,,
4536.7,24.4663064,54.6053606,0.7,,
4541.7,24.4663503,54.6053497,0.5,,
4546.7,24.4663942,54.6053389,0.3,,
4551.7,24.4664381,54.6053281,0.1,,
4556.7,24.4664820,54.6053173,-0.1,,
4561.7,24.4665261,54.6053079,-0.3,,
4566.7,24.4665694,54.6053175,-0.5,,
4571.7,24.4666006,54.6053510,-0.7,,
4576.7,24.4666126,54.6053984,-0.8,,
4581.7,24.4666191,54.6054473,-0.9,,
4586.7,24.4666252,54.6054963,-0.9,,
4591.7,24.4666314,54.6055452,-0.9,,
4596.7,24.4666376,54.6055942,-0.9,,
4601.7,24.4666437,54.6056431,-0.9,,
4606.7,24.4666499,54.6056921,-0.8,,
4611.7,24.4666560,54.6057410,-0.7,,
4616.7,24.4666622,54.6057900,-0.6,,
4621.7,24.4666684,54.6058390,-0.5,,
4626.7,24.4666745,54.6058879,-0.4,,
4631.7,24.4666807,54.6059369,-0.3,,
4636.7,24.4666868,54.6059858,-0.2,,
4641.7,24.4666930,54.6060348,-0.0,,
4646.7,24.4666992,54.6060837,0.1,,
4651.7,24.4667053,54.6061327,0.2,,
4656.7,24.4667115,54.6061816,0.3,,
4661.7,24.4667201,54.6062300,0.5,,
4666.7,24.4667339,54.6062770,0.6,,
4671.7,24.4667519,54.6063220,0.7,,
4676.7,24.4667773,54.6063626,0.8,,
4681.7,24.4668085,54.6063979,1.0,,
4686.7,24.4668448,54.6064271,1.1,,
4691.7,24.4668830,54.6064532,1.2,,
4696.7,24.4669232,54.6064753,1.3,,
4701.7,24.4669666,54.6064874,1.4,,
4706.7,24.4670113,54.6064934,1.5,,
4711.7,24.4670562,54.6064934,1.6,,
4716.7,24.4671012,54.6064935,1.6,,
4721.8,24.4671462,54.6064935,1.6,,
4726.8,24.4671912,54.6064936,1.6,,
4731.8,24.4672362,54.6064936,1.6,,
4736.8,24.4672811,54.6064937,1.6,,
4741.8,24.4673261,54.6064937,1.6,,
4746.8,24.4673711,54.6064917,1.5,,
4751.8,24.4674160,54.6064894,1.5,,
4756.8,24.4674609,54.6064870,1.4,,
4761.8,24.4675059,54.6064847,1.4,,
4766.8,24.4675508,54.6064823,1.4,,
4771.8,24.4675957,54.6064799,1.3,,
4776.8,24.4676406,54.6064769,1.3,,
4781.8,24.4676849,54.6064689,1.3,,
4786.8,24.4677277,54.6064536,1.3,,
4791.8,24.4677686,54.6064332,1.3,,
4796.8,24.4678076,54.6064087,1.3,,
4801.8,24.4678425,54.6063779,1.4,,
4806.8,24.4678660,54.6063360,1.4,,
4811.8,24.4678844,54.6062909,1.4,,
4816.8,24.4678992,54.6062443,1.5,,
4821.8,24.4679106,54.6061965,1.5,,
4826.8,24.4679178,54.6061477,1.5,,
4831.8,24.4679237,54.6060988,1.5,,
4836.8,24.4679285,54.6060496,1.5,,
4841.8,24.4679314,54.6060003,1.5,,
4846.8,24.4679338,54.6059510,1.5,,
4851.8,24.4679347,54.6059016,1.4,,
4856.8,24.4679351,54.6058522,1.4,,
4861.8,24.4679348,54.6058027,1.4,,
4866.8,24.4679339,54.6057533,1.3,,
4871.8,24.4679302,54.6057041,1.3,,
4876.8,24.4679265,54.6056548,1.3,,
4881.8,24.4679228,54.6056056,1.2,,
4886.8,24.4679166,54.6055566,1.2,,
4891.8,24.4679101,54.6055077,1.2,,
4896.8,24.4679036,54.6054588,1.1,,
4901.8,24.4678971,54.6054099,1.1,,
4906.8,24.4678906,54.6053610,1.0,,
4911.8,24.4678841,54.6053121,0.9,,
4916.8,24.4678777,54.6052632,0.8,,
4921.8,24.4678712,54.6052143,0.7,,
4926.8,24.4678647,54.6051654,0.6,,
4931.8,24.4678582,54.6051165,0.5,,
4936.8,24.4678517,54.6050676,0.4,,
4941.8,24.4678452,54.6050187,0.3,,
4946.8,24.4678388,54.6049698,0.1,,
4951.8,24.4678323,54.6049209,-0.0,,
4956.8,24.4678258,54.6048720,-0.2,,
4961.8,24.4678193,54.6048231,-0.3,,
4966.8,24.4678128,54.6047742,-0.5,,
4971.8,24.4678063,54.6047253,-0.6,,
4976.8,24.4677999,54.6046764,-0.7,,
4981.8,24.4677934,54.6046275,-0.8,,
4986.8,24.4677869,54.6045785,-0.9,,
4991.9,24.4677804,54.6045296,-1.0,,
4996.9,24.4677739,54.6044807,-1.0,,
5001.9,24.4677674,54.6044318,-1.0,,
5006.9,24.4677610,54.6043829,-1.0,,
5011.9,24.4677545,54.6043340,-1.0,,
5016.9,24.4677480,54.6042851,-0.9,,
5021.9,24.4677415,54.6042362,-0.8,,
5026.9,24.4677350,54.6041873,-0.7,,
5031.9,24.4677285,54.6041384,-0.6,,
5036.9,24.4677221,54.6040895,-0.4,,
5041.9,24.4677180,54.6040403,-0.3,,
5046.9,24.4677144,54.6039910,-0.1,,
5051.9,24.4677142,54.6039416,0.0,,
5056.9,24.4677140,54.6038922,0.2,,
5061.9,24.4677158,54.6038429,0.3,,
5066.9,24.4677195,54.6037936,0.5,,
5071.9,24.4677292,54.6037454,0.6,,
5076.9,24.4677392,54.6036972,0.7,,
5081.9,24.4677511,54.6036496,0.7,,
5086.9,24.4677650,54.6036026,0.8,,
5091.9,24.4677804,54.6035562,0.8,,
5096.9,24.4677962,54.6035099,0.8,,
5101.9,24.4678167,54.6034660,0.7,,
5106.9,24.4678434,54.6034267,0.6,,
5111.9,24.4678750,54.6033916,0.5,,
5116.9,24.4679124,54.6033647,0.4,,
5121.9,24.4679514,54.6033402,0.3,,
5126.9,24.4679905,54.6033156,0.2,,
5131.9,24.4680295,54.6032911,0.0,,
5136.9,24.4680686,54.6032665,-0.1,,
5141.9,24.4681076,54.6032420,-0.2,,
5146.9,24.4681467,54.6032175,-0.3,,
5151.9,24.4681857,54.6031929,-0.4,,
5156.9,24.4682247,54.6031684,-0.5,,
5161.9,24.4682638,54.6031438,-0.5,,
5166.9,24.4683028,54.6031193,-0.5,,
5171.9,24.4683419,54.6030947,-0.5,,
5176.9,24.4683809,54.6030702,-0.5,,
5181.9,24.4684200,54.6030456,-0.5,,
5186.9,24.4684590,54.6030211,-0.5,,
5191.9,24.4684980,54.6029966,-0.6,,
5196.9,24.4685371,54.6029720,-0.6,,
5201.9,24.4685761,54.6029475,-0.6,,
5206.9,24.4686148,54.6029222,-0.7,,
5211.9,24.4686533,54.6028967,-0.7,,
5216.9,24.4686919,54.6028712,-0.8,,
5221.9,24.4687304,54.6028458,-0.9,,
5226.9,24.4687690,54.6028203,-1.0,,
5231.9,24.4688075,54.6027948,-1.2,,
5236.9,24.4688460,54.6027693,-1.3,,
5241.9,24.4688846,54.6027438,-1.5,,
5246.9,24.4689231,54.6027183,-1.6,,
5251.9,24.4689617,54.6026929,-1.7,,
5256.9,24.4690018,54.6026708,-1.9,,
5262.0,24.4690443,54.6026545,-1.9,,
5267.0,24.4690875,54.6026411,-2.0,,
5272.0,24.4691313,54.6026297,-2.0,,
5277.0,24.4691756,54.6026212,-2.1,,
5282.0,24.4692200,54.6026129,-2.0,,
5287.0,24.4692646,54.6026073,-2.0,,
5292.0,24.4693095,54.6026040,-1.9,,
