# zandvoort: centreline in race direction, 5 m spacing. Source: OpenStreetMap contributors (ODbL); elevation eudem25m via OpenTopoData
# widths are metres from the centreline to the track edge (TUMFTM only, blank for OSM)
s_m,lat,lon,elev_m,w_right_m,w_left_m
0.0,52.3904457,4.5431441,5.7,,
5.0,52.3904032,4.5431201,5.7,,
10.0,52.3903607,4.5430961,5.7,,
15.0,52.3903182,4.5430723,5.8,,
20.0,52.3902756,4.5430485,5.8,,
25.0,52.3902329,4.5430256,5.8,,
30.0,52.3901898,4.5430047,5.9,,
35.0,52.3901466,4.5429848,5.9,,
40.0,52.3901029,4.5429674,6.0,,
45.0,52.3900591,4.5429512,6.0,,
50.0,52.3900150,4.5429368,6.1,,
55.0,52.3899707,4.5429246,6.1,,
60.0,52.3899262,4.5429141,6.2,,
65.0,52.3898816,4.5429048,6.2,,
70.0,52.3898369,4.5428978,6.2,,
75.0,52.3897921,4.5428917,6.3,,
80.0,52.3897472,4.5428879,6.3,,
85.0,52.3897023,4.5428858,6.3,,
90.0,52.3896573,4.5428852,6.4,,
95.0,52.3896124,4.5428851,6.4,,
100.0,52.3895674,4.5428851,6.4,,
105.0,52.3895225,4.5428850,6.4,,
110.0,52.3894775,4.5428849,6.5,,
114.9,52.3894326,4.5428848,6.5,,
119.9,52.3893877,4.5428848,6.5,,
124.9,52.3893427,4.5428847,6.5,,
129.9,52.3892978,4.5428846,6.5,,
134.9,52.3892529,4.5428809,6.5,,
139.9,52.3892091,4.5428654,6.6,,
144.9,52.3891676,4.5428372,6.6,,
149.9,52.3891281,4.5428023,6.6,,
154.9,52.3890905,4.5427620,6.6,,
159.9,52.3890556,4.5427156,6.6,,
164.9,52.3890233,4.5426645,6.6,,
169.9,52.3889947,4.5426077,6.6,,
174.9,52.3889695,4.5425468,6.6,,
179.9,52.3889474,4.5424828,6.6,,
184.9,52.3889283,4.5424161,6.6,,
189.9,52.3889111,4.5423481,6.6,,
194.9,52.3888950,4.5422794,6.5,,
199.9,52.3888788,4.5422107,6.5,,
204.9,52.3888626,4.5421420,6.5,,
209.9,52.3888464,4.5420732,6.5,,
214.9,52.3888303,4.5420045,6.5,,
219.9,52.3888141,4.5419358,6.4,,
224.9,52.3887979,4.5418671,6.4,,
229.9,52.3887817,4.5417984,6.4,,
234.9,52.3887656,4.5417297,6.4,,
239.9,52.3887494,4.5416610,6.4,,
244.9,52.3887330,4.5415924,6.3,,
249.9,52.3887173,4.5415234,6.3,,
254.9,52.3886982,4.5414569,6.3,,
259.9,52.3886721,4.5413969,6.2,,
264.9,52.3886406,4.5413448,6.2,,
269.9,52.3886044,4.5413013,6.1,,
274.9,52.3885649,4.5412664,6.1,,
279.9,52.3885229,4.5412409,6.0,,
284.9,52.3884789,4.5412270,6.0,,
289.9,52.3884340,4.5412231,5.9,,
294.9,52.3883895,4.5412322,5.9,,
299.9,52.3883456,4.5412478,5.8,,
304.9,52.3883036,4.5412732,5.7,,
309.9,52.3882645,4.5413093,5.7,,
314.9,52.3882286,4.5413535,5.6,,
319.9,52.3881974,4.5414061,5.5,,
324.9,52.3881702,4.5414647,5.5,,
329.9,52.3881485,4.5415289,5.4,,
334.9,52.3881323,4.5415973,5.4,,
339.9,52.3881232,4.5416691,5.3,,
344.8,52.3881203,4.5417426,5.3,,
349.8,52.3881233,4.5418160,5.2,,
354.8,52.3881326,4.5418880,5.2,,
359.8,52.3881434,4.5419595,5.2,,
364.8,52.3881565,4.5420300,5.2,,
369.8,52.3881702,4.5421001,5.2,,
374.8,52.3881840,4.5421702,5.2,,
379.8,52.3881981,4.5422401,5.2,,
384.8,52.3882122,4.5423100,5.2,,
389.8,52.3882263,4.5423800,5.2,,
394.8,52.3882404,4.5424499,5.3,,
399.8,52.3882546,4.5425198,5.3,,
404.8,52.3882687,4.5425897,5.3,,
409.8,52.3882828,4.5426597,5.4,,
414.8,52.3882969,4.5427296,5.4,,
419.8,52.3883110,4.5427995,5.5,,
424.8,52.3883251,4.5428694,5.5,,
429.8,52.3883389,4.5429395,5.6,,
434.8,52.3883512,4.5430103,5.6,,
439.8,52.3883636,4.5430811,5.7,,
444.8,52.3883759,4.5431520,5.7,,
449.8,52.3883882,4.5432228,5.8,,
454.8,52.3884001,4.5432938,5.8,,
459.8,52.3884110,4.5433653,5.8,,
464.8,52.3884220,4.5434367,5.9,,
469.8,52.3884322,4.5435084,5.9,,
474.8,52.3884420,4.5435803,6.0,,
479.8,52.3884516,4.5436522,6.0,,
484.8,52.3884584,4.5437250,6.0,,
489.8,52.3884652,4.5437978,6.1,,
494.8,52.3884705,4.5438709,6.1,,
499.8,52.3884754,4.5439441,6.1,,
504.8,52.3884794,4.5440175,6.2,,
509.8,52.3884830,4.5440909,6.2,,
514.8,52.3884851,4.5441644,6.2,,
519.8,52.3884869,4.5442380,6.3,,
524.8,52.3884864,4.5443117,6.3,,
529.8,52.3884858,4.5443853,6.3,,
534.8,52.3884848,4.5444589,6.3,,
539.8,52.3884835,4.5445325,6.3,,
544.8,52.3884815,4.5446061,6.3,,
549.8,52.3884788,4.5446796,6.4,,
554.8,52.3884744,4.5447529,6.4,,
559.8,52.3884692,4.5448260,6.3,,
564.8,52.3884637,4.5448991,6.3,,
569.7,52.3884573,4.5449720,6.3,,
574.7,52.3884506,4.5450448,6.3,,
579.7,52.3884422,4.5451172,6.2,,
584.7,52.3884337,4.5451895,6.2,,
589.7,52.3884246,4.5452616,6.2,,
594.7,52.3884153,4.5453337,6.1,,
599.7,52.3884054,4.5454055,6.0,,
604.7,52.3883953,4.5454773,5.9,,
609.7,52.3883851,4.5455490,5.9,,
614.7,52.3883749,4.5456207,5.8,,
619.7,52.3883646,4.5456924,5.7,,
624.7,52.3883544,4.5457642,5.6,,
629.7,52.3883442,4.5458359,5.5,,
634.7,52.3883340,4.5459076,5.4,,
639.7,52.3883238,4.5459793,5.3,,
644.7,52.3883135,4.5460510,5.2,,
649.7,52.3883046,4.5461232,5.1,,
654.7,52.3882963,4.5461956,5.0,,
659.7,52.3882890,4.5462682,4.9,,
664.7,52.3882829,4.5463412,4.9,,
669.7,52.3882779,4.5464144,4.8,,
674.7,52.3882736,4.5464877,4.7,,
679.7,52.3882704,4.5465611,4.6,,
684.7,52.3882682,4.5466347,4.5,,
689.7,52.3882674,4.5467083,4.5,,
694.7,52.3882684,4.5467819,4.4,,
699.7,52.3882715,4.5468553,4.4,,
704.7,52.3882764,4.5469285,4.3,,
709.7,52.3882829,4.5470014,4.3,,
714.7,52.3882906,4.5470739,4.3,,
719.7,52.3882997,4.5471461,4.3,,
724.7,52.3883104,4.5472176,4.2,,
729.7,52.3883217,4.5472888,4.2,,
734.7,52.3883364,4.5473584,4.2,,
739.7,52.3883519,4.5474275,4.2,,
744.7,52.3883694,4.5474954,4.2,,
749.7,52.3883869,4.5475632,4.2,,
754.7,52.3884044,4.5476310,4.2,,
759.7,52.3884226,4.5476984,4.2,,
764.7,52.3884419,4.5477648,4.2,,
769.7,52.3884630,4.5478299,4.2,,
774.7,52.3884846,4.5478944,4.2,,
779.7,52.3885070,4.5479583,4.2,,
784.7,52.3885308,4.5480207,4.2,,
789.7,52.3885549,4.5480829,4.2,,
794.7,52.3885792,4.5481449,4.2,,
799.6,52.3886036,4.5482068,4.2,,
804.6,52.3886280,4.5482686,4.2,,
809.6,52.3886523,4.5483305,4.2,,
814.6,52.3886767,4.5483924,4.3,,
819.6,52.3886997,4.5484557,4.3,,
824.6,52.3887227,4.5485189,4.3,,
829.6,52.3887456,4.5485823,4.3,,
834.6,52.3887680,4.5486461,4.4,,
839.6,52.3887899,4.5487105,4.4,,
844.6,52.3888107,4.5487758,4.5,,
849.6,52.3888310,4.5488414,4.5,,
854.6,52.3888506,4.5489077,4.6,,
859.6,52.3888683,4.5489753,4.7,,
864.6,52.3888845,4.5490441,4.7,,
869.6,52.3888989,4.5491138,4.8,,
874.6,52.3889127,4.5491839,4.9,,
879.6,52.3889246,4.5492549,5.0,,
884.6,52.3889360,4.5493261,5.0,,
889.6,52.3889440,4.5493986,5.1,,
894.6,52.3889519,4.5494711,5.2,,
899.6,52.3889573,4.5495442,5.3,,
904.6,52.3889626,4.5496173,5.4,,
909.6,52.3889665,4.5496907,5.5,,
914.6,52.3889689,4.5497642,5.6,,
919.6,52.3889699,4.5498378,5.7,,
924.6,52.3889703,4.5499115,5.8,,
929.6,52.3889704,4.5499851,5.9,,
934.6,52.3889691,4.5500587,6.0,,
939.6,52.3889674,4.5501323,6.0,,
944.6,52.3889652,4.5502059,6.1,,
949.6,52.3889630,4.5502794,6.2,,
954.6,52.3889604,4.5503529,6.3,,
959.6,52.3889578,4.5504265,6.4,,
964.6,52.3889552,4.5505000,6.5,,
969.6,52.3889526,4.5505735,6.6,,
974.6,52.3889500,4.5506470,6.7,,
979.6,52.3889473,4.5507206,6.8,,
984.6,52.3889447,4.5507941,6.9,,
989.6,52.3889421,4.5508676,7.0,,
994.6,52.3889395,4.5509411,7.1,,
999.6,52.3889368,4.5510146,7.2,,
1004.6,52.3889342,4.5510882,7.2,,
1009.6,52.3889316,4.5511617,7.3,,
1014.6,52.3889290,4.5512352,7.4,,
1019.6,52.3889263,4.5513087,7.5,,
1024.5,52.3889237,4.5513822,7.6,,
1029.5,52.3889211,4.5514558,7.6,,
1034.5,52.3889174,4.5515292,7.7,,
1039.5,52.3889130,4.5516024,7.7,,
1044.5,52.3889080,4.5516756,7.8,,
1049.5,52.3889022,4.5517486,7.8,,
1054.5,52.3888946,4.5518212,7.8,,
1059.5,52.3888855,4.5518934,7.8,,
1064.5,52.3888745,4.5519648,7.8,,
1069.5,52.3888614,4.5520352,7.7,,
1074.5,52.3888465,4.5521046,7.7,,
1079.5,52.3888296,4.5521729,7.6,,
1084.5,52.3888106,4.5522396,7.6,,
1089.5,52.3887897,4.5523048,7.5,,
1094.5,52.3887666,4.5523679,7.4,,
1099.5,52.3887415,4.5524289,7.4,,
1104.5,52.3887148,4.5524882,7.3,,
1109.5,52.3886859,4.5525446,7.2,,
1114.5,52.3886559,4.5525994,7.2,,
1119.5,52.3886245,4.5526520,7.1,,
1124.5,52.3885916,4.5527021,7.1,,
1129.5,52.3885561,4.5527474,7.0,,
1134.5,52.3885201,4.5527913,7.0,,
1139.5,52.3884827,4.5528321,7.0,,
1144.5,52.3884441,4.5528697,7.0,,
1149.5,52.3884043,4.5529041,6.9,,
1154.5,52.3883636,4.5529352,6.9,,
1159.5,52.3883220,4.5529630,6.9,,
1164.5,52.3882793,4.5529860,6.9,,
1169.5,52.3882362,4.5530068,7.0,,
1174.5,52.3881925,4.5530239,7.0,,
1179.5,52.3881483,4.5530378,7.0,,
1184.5,52.3881037,4.5530465,7.0,,
1189.5,52.3880589,4.5530521,7.0,,
1194.5,52.3880140,4.5530555,7.0,,
1199.5,52.3879691,4.5530556,7.1,,
1204.5,52.3879243,4.5530508,7.1,,
1209.5,52.3878796,4.5530420,7.1,,
1214.5,52.3878353,4.5530300,7.1,,
1219.5,52.3877914,4.5530146,7.1,,
1224.5,52.3877480,4.5529953,7.1,,
1229.5,52.3877052,4.5529732,7.1,,
1234.5,52.3876633,4.5529462,7.1,,
1239.5,52.3876226,4.5529153,7.1,,
1244.5,52.3875825,4.5528820,7.1,,
1249.5,52.3875434,4.5528458,7.1,,
1254.4,52.3875045,4.5528087,7.1,,
1259.4,52.3874667,4.5527689,7.0,,
1264.4,52.3874294,4.5527279,7.0,,
1269.4,52.3873924,4.5526860,7.0,,
1274.4,52.3873555,4.5526439,7.0,,
1279.4,52.3873186,4.5526019,6.9,,
1284.4,52.3872817,4.5525598,6.9,,
1289.4,52.3872448,4.5525178,6.9,,
1294.4,52.3872079,4.5524758,6.9,,
1299.4,52.3871710,4.5524337,6.8,,
1304.4,52.3871341,4.5523917,6.8,,
1309.4,52.3870972,4.5523496,6.8,,
1314.4,52.3870603,4.5523076,6.8,,
1319.4,52.3870234,4.5522655,6.8,,
1324.4,52.3869865,4.5522235,6.7,,
1329.4,52.3869496,4.5521814,6.7,,
1334.4,52.3869127,4.5521394,6.7,,
1339.4,52.3868757,4.5520977,6.7,,
1344.4,52.3868384,4.5520564,6.7,,
1349.4,52.3868008,4.5520161,6.7,,
1354.4,52.3867631,4.5519760,6.7,,
1359.4,52.3867251,4.5519368,6.7,,
1364.4,52.3866862,4.5518998,6.7,,
1369.4,52.3866468,4.5518645,6.6,,
1374.4,52.3866071,4.5518299,6.6,,
1379.4,52.3865668,4.5517972,6.6,,
1384.4,52.3865263,4.5517653,6.6,,
1389.4,52.3864856,4.5517339,6.6,,
1394.4,52.3864448,4.5517030,6.6,,
1399.4,52.3864040,4.5516724,6.5,,
1404.4,52.3863630,4.5516420,6.5,,
1409.4,52.3863224,4.5516106,6.5,,
1414.4,52.3862820,4.5515783,6.4,,
1419.4,52.3862417,4.5515456,6.4,,
1424.4,52.3862014,4.5515129,6.3,,
1429.4,52.3861612,4.5514802,6.3,,
1434.4,52.3861209,4.5514475,6.2,,
1439.4,52.3860806,4.5514148,6.1,,
1444.4,52.3860404,4.5513821,6.0,,
1449.4,52.3860001,4.5513494,5.9,,
1454.4,52.3859598,4.5513167,5.8,,
1459.4,52.3859195,4.5512840,5.7,,
1464.4,52.3858795,4.5512505,5.6,,
1469.4,52.3858408,4.5512132,5.5,,
1474.4,52.3858067,4.5511656,5.4,,
1479.3,52.3857786,4.5511082,5.3,,
1484.3,52.3857572,4.5510437,5.1,,
1489.3,52.3857421,4.5509745,5.0,,
1494.3,52.3857326,4.5509026,4.9,,
1499.3,52.3857264,4.5508297,4.8,,
1504.3,52.3857220,4.5507564,4.6,,
1509.3,52.3857191,4.5506829,4.5,,
1514.3,52.3857175,4.5506093,4.4,,
1519.3,52.3857176,4.5505357,4.3,,
1524.3,52.3857184,4.5504621,4.2,,
1529.3,52.3857205,4.5503885,4.1,,
1534.3,52.3857235,4.5503150,4.0,,
1539.3,52.3857272,4.5502416,4.0,,
1544.3,52.3857323,4.5501685,3.9,,
1549.3,52.3857383,4.5500955,3.9,,
1554.3,52.3857459,4.5500229,3.8,,
1559.3,52.3857543,4.5499506,3.8,,
1564.3,52.3857639,4.5498786,3.8,,
1569.3,52.3857746,4.5498071,3.8,,
1574.3,52.3857858,4.5497358,3.8,,
1579.3,52.3857988,4.5496653,3.8,,
1584.3,52.3858122,4.5495950,3.8,,
1589.3,52.3858263,4.5495251,3.8,,
1594.3,52.3858413,4.5494557,3.8,,
1599.3,52.3858577,4.5493871,3.8,,
1604.3,52.3858752,4.5493192,3.8,,
1609.3,52.3858933,4.5492518,3.9,,
1614.3,52.3859130,4.5491857,3.9,,
1619.3,52.3859335,4.5491201,3.9,,
1624.3,52.3859547,4.5490552,3.9,,
1629.3,52.3859773,4.5489916,3.9,,
1634.3,52.3860004,4.5489284,4.0,,
1639.3,52.3860247,4.5488664,4.0,,
1644.3,52.3860493,4.5488048,4.0,,
1649.3,52.3860751,4.5487446,4.0,,
1654.3,52.3861018,4.5486853,4.0,,
1659.3,52.3861293,4.5486270,4.1,,
1664.3,52.3861579,4.5485703,4.1,,
1669.3,52.3861874,4.5485148,4.1,,
1674.3,52.3862177,4.5484603,4.1,,
1679.3,52.3862481,4.5484060,4.1,,
1684.3,52.3862792,4.5483529,4.2,,
1689.3,52.3863130,4.5483043,4.2,,
1694.3,52.3863491,4.5482606,4.2,,
1699.3,52.3863897,4.5482296,4.2,,
1704.3,52.3864328,4.5482090,4.2,,
1709.2,52.3864775,4.5482015,4.2,,
1714.2,52.3865223,4.5482053,4.2,,
1719.2,52.3865651,4.5482275,4.2,,
1724.2,52.3866048,4.5482615,4.2,,
1729.2,52.3866412,4.5483048,4.3,,
1734.2,52.3866748,4.5483536,4.2,,
1739.2,52.3867054,4.5484076,4.2,,
1744.2,52.3867345,4.5484636,4.2,,
1749.2,52.3867607,4.5485234,4.2,,
1754.2,52.3867864,4.5485839,4.2,,
1759.2,52.3868102,4.5486463,4.2,,
1764.2,52.3868316,4.5487111,4.2,,
1769.2,52.3868524,4.5487763,4.2,,
1774.2,52.3868709,4.5488435,4.1,,
1779.2,52.3868877,4.5489117,4.1,,
1784.2,52.3869008,4.5489821,4.1,,
1789.2,52.3869108,4.5490539,4.1,,
1794.2,52.3869186,4.5491264,4.0,,
1799.2,52.3869256,4.5491992,4.0,,
1804.2,52.3869316,4.5492721,4.0,,
1809.2,52.3869374,4.5493452,3.9,,
1814.2,52.3869432,4.5494182,3.9,,
1819.2,52.3869492,4.5494912,3.9,,
1824.2,52.3869558,4.5495640,3.8,,
1829.2,52.3869628,4.5496368,3.8,,
1834.2,52.3869699,4.5497095,3.8,,
1839.2,52.3869784,4.5497818,3.8,,
1844.2,52.3869871,4.5498541,3.7,,
1849.2,52.3869974,4.5499258,3.7,,
1854.2,52.3870083,4.5499972,3.7,,
1859.2,52.3870201,4.5500683,3.7,,
1864.2,52.3870330,4.5501388,3.7,,
1869.2,52.3870466,4.5502090,3.8,,
1874.2,52.3870610,4.5502787,3.8,,
1879.2,52.3870761,4.5503481,3.8,,
1884.2,52.3870918,4.5504171,3.9,,
1889.2,52.3871079,4.5504859,3.9,,
1894.2,52.3871254,4.5505537,3.9,,
1899.2,52.3871435,4.5506211,4.0,,
1904.2,52.3871619,4.5506883,4.1,,
1909.2,52.3871820,4.5507542,4.1,,
1914.2,52.3872041,4.5508183,4.2,,
1919.2,52.3872296,4.5508789,4.3,,
1924.2,52.3872594,4.5509338,4.4,,
1929.2,52.3872934,4.5509821,4.5,,
1934.1,52.3873305,4.5510236,4.5,,
1939.1,52.3873696,4.5510596,4.6,,
1944.1,52.3874103,4.5510907,4.7,,
1949.1,52.3874531,4.5511134,4.8,,
1954.1,52.3874971,4.5511277,4.9,,
1959.1,52.3875418,4.5511360,5.0,,
1964.1,52.3875867,4.5511364,5.1,,
1969.1,52.3876314,4.5511289,5.1,,
1974.1,52.3876753,4.5511132,5.2,,
1979.1,52.3877177,4.5510891,5.3,,
1984.1,52.3877581,4.5510569,5.4,,
1989.1,52.3877971,4.5510204,5.4,,
1994.1,52.3878338,4.5509778,5.5,,
1999.1,52.3878669,4.5509281,5.6,,
2004.1,52.3878975,4.5508742,5.6,,
2009.1,52.3879241,4.5508149,5.7,,
2014.1,52.3879471,4.5507517,5.7,,
2019.1,52.3879663,4.5506852,5.7,,
2024.1,52.3879796,4.5506149,5.7,,
2029.1,52.3879888,4.5505428,5.7,,
2034.1,52.3879949,4.5504699,5.7,,
2039.1,52.3879995,4.5503966,5.7,,
2044.1,52.3880041,4.5503234,5.7,,
2049.1,52.3880088,4.5502501,5.7,,
2054.1,52.3880134,4.5501769,5.6,,
2059.1,52.3880180,4.5501036,5.6,,
2064.1,52.3880226,4.5500303,5.6,,
2069.1,52.3880273,4.5499571,5.5,,
2074.1,52.3880319,4.5498838,5.5,,
2079.1,52.3880365,4.5498106,5.4,,
2084.1,52.3880410,4.5497373,5.3,,
2089.1,52.3880452,4.5496640,5.3,,
2094.1,52.3880490,4.5495906,5.2,,
2099.1,52.3880522,4.5495171,5.1,,
2104.1,52.3880549,4.5494436,5.0,,
2109.1,52.3880568,4.5493700,5.0,,
2114.1,52.3880588,4.5492965,4.9,,
2119.1,52.3880601,4.5492229,4.8,,
2124.1,52.3880612,4.5491492,4.8,,
2129.1,52.3880617,4.5490756,4.7,,
2134.1,52.3880618,4.5490020,4.6,,
2139.1,52.3880619,4.5489283,4.6,,
2144.1,52.3880612,4.5488547,4.5,,
2149.1,52.3880603,4.5487810,4.5,,
2154.1,52.3880594,4.5487074,4.4,,
2159.1,52.3880577,4.5486338,4.4,,
2164.0,52.3880560,4.5485602,4.3,,
2169.0,52.3880538,4.5484867,4.3,,
2174.0,52.3880516,4.5484131,4.3,,
2179.0,52.3880489,4.5483396,4.2,,
2184.0,52.3880460,4.5482661,4.2,,
2189.0,52.3880428,4.5481926,4.2,,
2194.0,52.3880392,4.5481192,4.2,,
2199.0,52.3880348,4.5480459,4.1,,
2204.0,52.3880302,4.5479727,4.1,,
2209.0,52.3880253,4.5478995,4.1,,
2214.0,52.3880199,4.5478264,4.1,,
2219.0,52.3880144,4.5477533,4.1,,
2224.0,52.3880088,4.5476802,4.1,,
2229.0,52.3880029,4.5476072,4.1,,
2234.0,52.3879969,4.5475342,4.0,,
2239.0,52.3879908,4.5474612,4.0,,
2244.0,52.3879847,4.5473883,4.0,,
2249.0,52.3879784,4.5473154,4.1,,
2254.0,52.3879711,4.5472427,4.1,,
2259.0,52.3879635,4.5471701,4.1,,
2264.0,52.3879557,4.5470976,4.1,,
2269.0,52.3879480,4.5470250,4.1,,
2274.0,52.3879400,4.5469525,4.1,,
2279.0,52.3879313,4.5468803,4.2,,
2284.0,52.3879223,4.5468082,4.2,,
2289.0,52.3879128,4.5467362,4.3,,
2294.0,52.3879034,4.5466641,4.3,,
2299.0,52.3878939,4.5465921,4.4,,
2304.0,52.3878841,4.5465203,4.4,,
2309.0,52.3878742,4.5464485,4.5,,
2314.0,52.3878638,4.5463768,4.5,,
2319.0,52.3878531,4.5463053,4.6,,
2324.0,52.3878417,4.5462340,4.7,,
2329.0,52.3878302,4.5461628,4.8,,
2334.0,52.3878182,4.5460919,4.8,,
2339.0,52.3878061,4.5460210,4.9,,
2344.0,52.3877937,4.5459502,5.0,,
2349.0,52.3877811,4.5458795,5.1,,
2354.0,52.3877680,4.5458090,5.1,,
2359.0,52.3877547,4.5457387,5.2,,
2364.0,52.3877408,4.5456686,5.3,,
2369.0,52.3877268,4.5455986,5.3,,
2374.0,52.3877126,4.5455288,5.4,,
2379.0,52.3876982,4.5454590,5.4,,
2384.0,52.3876836,4.5453894,5.5,,
2388.9,52.3876688,4.5453198,5.5,,
2393.9,52.3876539,4.5452503,5.6,,
2398.9,52.3876385,4.5451812,5.6,,
2403.9,52.3876228,4.5451121,5.6,,
2408.9,52.3876069,4.5450432,5.6,,
2413.9,52.3875908,4.5449745,5.6,,
2418.9,52.3875742,4.5449060,5.6,,
2423.9,52.3875577,4.5448375,5.6,,
2428.9,52.3875413,4.5447690,5.6,,
2433.9,52.3875240,4.5447010,5.5,,
2438.9,52.3875066,4.5446331,5.5,,
2443.9,52.3874895,4.5445650,5.5,,
2448.9,52.3874725,4.5444968,5.4,,
2453.9,52.3874552,4.5444289,5.4,,
2458.9,52.3874378,4.5443610,5.4,,
2463.9,52.3874203,4.5442931,5.3,,
2468.9,52.3874023,4.5442256,5.3,,
2473.9,52.3873842,4.5441582,5.2,,
2478.9,52.3873654,4.5440914,5.2,,
2483.9,52.3873464,4.5440246,5.2,,
2488.9,52.3873267,4.5439584,5.1,,
2493.9,52.3873067,4.5438925,5.1,,
2498.9,52.3872862,4.5438269,5.1,,
2503.9,52.3872652,4.5437618,5.0,,
2508.9,52.3872436,4.5436972,5.0,,
2513.9,52.3872212,4.5436334,4.9,,
2518.9,52.3871987,4.5435696,4.9,,
2523.9,52.3871763,4.5435058,4.9,,
2528.9,52.3871539,4.5434420,4.8,,
2533.9,52.3871316,4.5433780,4.8,,
2538.9,52.3871128,4.5433112,4.7,,
2543.9,52.3871044,4.5432395,4.7,,
2548.9,52.3871100,4.5431667,4.6,,
2553.9,52.3871322,4.5431034,4.6,,
2558.9,52.3871660,4.5430554,4.6,,
2563.9,52.3872047,4.5430181,4.5,,
2568.9,52.3872443,4.5429833,4.5,,
2573.9,52.3872838,4.5429481,4.4,,
2578.9,52.3873219,4.5429090,4.4,,
2583.9,52.3873589,4.5428673,4.4,,
2588.9,52.3873919,4.5428174,4.3,,
2593.9,52.3874204,4.5427606,4.3,,
2598.9,52.3874434,4.5426973,4.3,,
2603.9,52.3874600,4.5426290,4.2,,
2608.9,52.3874700,4.5425573,4.2,,
2613.9,52.3874746,4.5424841,4.2,,
2618.8,52.3874729,4.5424106,4.2,,
2623.8,52.3874651,4.5423381,4.1,,
2628.8,52.3874502,4.5422687,4.1,,
2633.8,52.3874295,4.5422034,4.1,,
2638.8,52.3874048,4.5421419,4.0,,
2643.8,52.3873755,4.5420861,4.0,,
2648.8,52.3873420,4.5420372,4.0,,
2653.8,52.3873041,4.5419977,3.9,,
2658.8,52.3872631,4.5419679,3.9,,
2663.8,52.3872198,4.5419480,3.9,,
2668.8,52.3871752,4.5419410,3.8,,
2673.8,52.3871304,4.5419459,3.8,,
2678.8,52.3870860,4.5419571,3.8,,
2683.8,52.3870417,4.5419697,3.7,,
2688.8,52.3869974,4.5419821,3.7,,
2693.8,52.3869531,4.5419944,3.7,,
2698.8,52.3869087,4.5420068,3.6,,
2703.8,52.3868644,4.5420191,3.6,,
2708.8,52.3868201,4.5420315,3.6,,
2713.8,52.3867758,4.5420438,3.6,,
2718.8,52.3867315,4.5420562,3.5,,
2723.8,52.3866872,4.5420685,3.5,,
2728.8,52.3866429,4.5420809,3.5,,
2733.8,52.3865986,4.5420932,3.5,,
2738.8,52.3865543,4.5421056,3.5,,
2743.8,52.3865099,4.5421179,3.5,,
2748.8,52.3864656,4.5421302,3.5,,
2753.8,52.3864213,4.5421426,3.5,,
2758.8,52.3863770,4.5421549,3.5,,
2763.8,52.3863327,4.5421673,3.5,,
2768.8,52.3862884,4.5421796,3.5,,
2773.8,52.3862441,4.5421920,3.5,,
2778.8,52.3861998,4.5422043,3.5,,
2783.8,52.3861555,4.5422167,3.5,,
2788.8,52.3861112,4.5422290,3.5,,
2793.8,52.3860668,4.5422414,3.5,,
2798.8,52.3860225,4.5422537,3.5,,
2803.8,52.3859782,4.5422660,3.6,,
2808.8,52.3859339,4.5422784,3.6,,
2813.8,52.3858896,4.5422907,3.6,,
2818.8,52.3858453,4.5423031,3.6,,
2823.8,52.3858010,4.5423154,3.7,,
2828.8,52.3857567,4.5423278,3.7,,
2833.8,52.3857124,4.5423401,3.7,,
2838.8,52.3856681,4.5423525,3.8,,
2843.7,52.3856237,4.5423648,3.8,,
2848.7,52.3855794,4.5423772,3.8,,
2853.7,52.3855351,4.5423895,3.9,,
2858.7,52.3854908,4.5424018,3.9,,
2863.7,52.3854465,4.5424142,4.0,,
2868.7,52.3854022,4.5424265,4.0,,
2873.7,52.3853579,4.5424389,4.1,,
2878.7,52.3853136,4.5424512,4.1,,
2883.7,52.3852693,4.5424636,4.2,,
2888.7,52.3852250,4.5424759,4.3,,
2893.7,52.3851806,4.5424883,4.3,,
2898.7,52.3851363,4.5425006,4.4,,
2903.7,52.3850920,4.5425129,4.4,,
2908.7,52.3850477,4.5425253,4.5,,
2913.7,52.3850034,4.5425376,4.5,,
2918.7,52.3849591,4.5425498,4.6,,
2923.7,52.3849145,4.5425592,4.6,,
2928.7,52.3848696,4.5425622,4.7,,
2933.7,52.3848248,4.5425572,4.7,,
2938.7,52.3847804,4.5425460,4.8,,
2943.7,52.3847365,4.5425301,4.8,,
2948.7,52.3846939,4.5425067,4.8,,
2953.7,52.3846529,4.5424769,4.8,,
2958.7,52.3846137,4.5424408,4.8,,
2963.7,52.3845768,4.5423988,4.9,,
2968.7,52.3845426,4.5423511,4.9,,
2973.7,52.3845105,4.5422995,4.9,,
2978.7,52.3844816,4.5422432,4.9,,
2983.7,52.3844563,4.5421823,4.9,,
2988.7,52.3844346,4.5421180,4.9,,
2993.7,52.3844170,4.5420502,4.9,,
2998.7,52.3844034,4.5419800,4.9,,
3003.7,52.3843926,4.5419086,4.9,,
3008.7,52.3843861,4.5418358,5.0,,
3013.7,52.3843838,4.5417622,5.0,,
3018.7,52.3843828,4.5416886,5.0,,
3023.7,52.3843819,4.5416150,5.0,,
3028.7,52.3843809,4.5415413,5.1,,
3033.7,52.3843800,4.5414677,5.1,,
3038.7,52.3843790,4.5413941,5.2,,
3043.7,52.3843781,4.5413205,5.2,,
3048.7,52.3843771,4.5412468,5.3,,
3053.7,52.3843762,4.5411732,5.3,,
3058.7,52.3843752,4.5410996,5.4,,
3063.7,52.3843743,4.5410259,5.4,,
3068.7,52.3843734,4.5409523,5.4,,
3073.6,52.3843724,4.5408787,5.5,,
3078.6,52.3843715,4.5408050,5.5,,
3083.6,52.3843705,4.5407314,5.6,,
3088.6,52.3843704,4.5406578,5.6,,
3093.6,52.3843716,4.5405842,5.6,,
3098.6,52.3843742,4.5405106,5.7,,
3103.6,52.3843792,4.5404375,5.7,,
3108.6,52.3843855,4.5403645,5.7,,
3113.6,52.3843936,4.5402921,5.7,,
3118.6,52.3844030,4.5402201,5.8,,
3123.6,52.3844142,4.5401488,5.8,,
3128.6,52.3844275,4.5400785,5.8,,
3133.6,52.3844425,4.5400090,5.9,,
3138.6,52.3844591,4.5399406,5.9,,
3143.6,52.3844773,4.5398733,5.9,,
3148.6,52.3844966,4.5398067,6.0,,
3153.6,52.3845176,4.5397416,6.0,,
3158.6,52.3845396,4.5396774,6.0,,
3163.6,52.3845634,4.5396150,6.1,,
3168.6,52.3845889,4.5395543,6.1,,
3173.6,52.3846152,4.5394946,6.2,,
3178.6,52.3846432,4.5394371,6.2,,
3183.6,52.3846720,4.5393805,6.2,,
3188.6,52.3847023,4.5393261,6.3,,
3193.6,52.3847335,4.5392731,6.3,,
3198.6,52.3847658,4.5392220,6.3,,
3203.6,52.3847995,4.5391731,6.4,,
3208.6,52.3848345,4.5391270,6.4,,
3213.6,52.3848708,4.5390836,6.4,,
3218.6,52.3849076,4.5390413,6.5,,
3223.6,52.3849457,4.5390023,6.5,,
3228.6,52.3849850,4.5389667,6.5,,
3233.6,52.3850253,4.5389339,6.6,,
3238.6,52.3850661,4.5389030,6.6,,
3243.6,52.3851075,4.5388744,6.6,,
3248.6,52.3851493,4.5388476,6.7,,
3253.6,52.3851918,4.5388234,6.7,,
3258.6,52.3852346,4.5388011,6.7,,
3263.6,52.3852780,4.5387818,6.7,,
3268.6,52.3853217,4.5387649,6.8,,
3273.6,52.3853658,4.5387508,6.8,,
3278.6,52.3854103,4.5387401,6.8,,
3283.6,52.3854550,4.5387322,6.8,,
3288.6,52.3854998,4.5387259,6.8,,
3293.6,52.3855447,4.5387240,6.8,,
3298.5,52.3855896,4.5387251,6.8,,
3303.5,52.3856346,4.5387274,6.8,,
3308.5,52.3856793,4.5387338,6.8,,
3313.5,52.3857239,4.5387433,6.8,,
3318.5,52.3857684,4.5387533,6.8,,
3323.5,52.3858127,4.5387657,6.8,,
3328.5,52.3858564,4.5387826,6.8,,
3333.5,52.3858999,4.5388014,6.8,,
3338.5,52.3859427,4.5388241,6.8,,
3343.5,52.3859849,4.5388493,6.7,,
3348.5,52.3860267,4.5388763,6.7,,
3353.5,52.3860683,4.5389040,6.7,,
3358.5,52.3861099,4.5389319,6.6,,
3363.5,52.3861515,4.5389597,6.6,,
3368.5,52.3861931,4.5389876,6.6,,
3373.5,52.3862347,4.5390155,6.5,,
3378.5,52.3862763,4.5390435,6.5,,
3383.5,52.3863178,4.5390718,6.4,,
3388.5,52.3863593,4.5391001,6.4,,
3393.5,52.3864008,4.5391284,6.3,,
3398.5,52.3864423,4.5391567,6.3,,
3403.5,52.3864838,4.5391850,6.2,,
3408.5,52.3865253,4.5392131,6.2,,
3413.5,52.3865669,4.5392412,6.1,,
3418.5,52.3866084,4.5392694,6.1,,
3423.5,52.3866500,4.5392975,6.0,,
3428.5,52.3866915,4.5393257,6.0,,
3433.5,52.3867330,4.5393538,6.0,,
3438.5,52.3867746,4.5393819,5.9,,
3443.5,52.3868161,4.5394101,5.9,,
3448.5,52.3868576,4.5394382,5.8,,
3453.5,52.3868992,4.5394663,5.8,,
3458.5,52.3869407,4.5394945,5.8,,
3463.5,52.3869823,4.5395226,5.7,,
3468.5,52.3870238,4.5395505,5.7,,
3473.5,52.3870654,4.5395785,5.7,,
3478.5,52.3871070,4.5396064,5.7,,
3483.5,52.3871486,4.5396344,5.6,,
3488.5,52.3871902,4.5396623,5.6,,
3493.5,52.3872318,4.5396903,5.6,,
3498.5,52.3872733,4.5397182,5.6,,
3503.5,52.3873149,4.5397462,5.6,,
3508.5,52.3873565,4.5397742,5.6,,
3513.5,52.3873981,4.5398021,5.6,,
3518.5,52.3874397,4.5398301,5.6,,
3523.4,52.3874812,4.5398580,5.6,,
3528.4,52.3875228,4.5398860,5.6,,
3533.4,52.3875644,4.5399139,5.6,,
3538.4,52.3876060,4.5399419,5.6,,
3543.4,52.3876476,4.5399698,5.6,,
3548.4,52.3876892,4.5399978,5.6,,
3553.4,52.3877307,4.5400258,5.6,,
3558.4,52.3877723,4.5400537,5.7,,
3563.4,52.3878139,4.5400817,5.7,,
3568.4,52.3878555,4.5401097,5.7,,
3573.4,52.3878971,4.5401376,5.8,,
3578.4,52.3879386,4.5401656,5.8,,
3583.4,52.3879802,4.5401936,5.8,,
3588.4,52.3880218,4.5402216,5.9,,
3593.4,52.3880634,4.5402495,5.9,,
3598.4,52.3881049,4.5402775,5.9,,
3603.4,52.3881465,4.5403055,6.0,,
3608.4,52.3881881,4.5403334,6.0,,
3613.4,52.3882297,4.5403614,6.1,,
3618.4,52.3882713,4.5403894,6.1,,
3623.4,52.3883128,4.5404174,6.1,,
3628.4,52.3883544,4.5404453,6.2,,
3633.4,52.3883960,4.5404733,6.2,,
3638.4,52.3884376,4.5405013,6.3,,
3643.4,52.3884791,4.5405293,6.3,,
3648.4,52.3885207,4.5405572,6.4,,
3653.4,52.3885623,4.5405852,6.4,,
3658.4,52.3886039,4.5406132,6.4,,
3663.4,52.3886455,4.5406412,6.5,,
3668.4,52.3886870,4.5406691,6.5,,
3673.4,52.3887286,4.5406971,6.6,,
3678.4,52.3887702,4.5407251,6.6,,
3683.4,52.3888118,4.5407531,6.7,,
3688.4,52.3888533,4.5407810,6.7,,
3693.4,52.3888949,4.5408090,6.7,,
3698.4,52.3889365,4.5408370,6.8,,
3703.4,52.3889781,4.5408649,6.8,,
3708.4,52.3890197,4.5408929,6.8,,
3713.4,52.3890612,4.5409209,6.9,,
3718.4,52.3891028,4.5409489,6.9,,
3723.4,52.3891444,4.5409769,6.9,,
3728.4,52.3891860,4.5410048,7.0,,
3733.4,52.3892275,4.5410328,7.0,,
3738.4,52.3892691,4.5410608,7.0,,
3743.4,52.3893107,4.5410888,7.0,,
3748.4,52.3893523,4.5411167,7.1,,
3753.3,52.3893938,4.5411447,7.1,,
3758.3,52.3894354,4.5411727,7.1,,
3763.3,52.3894770,4.5412007,7.1,,
3768.3,52.3895186,4.5412287,7.2,,
3773.3,52.3895601,4.5412566,7.2,,
3778.3,52.3896017,4.5412846,7.2,,
3783.3,52.3896433,4.5413126,7.2,,
3788.3,52.3896849,4.5413406,7.2,,
3793.3,52.3897265,4.5413685,7.2,,
3798.3,52.3897680,4.5413965,7.2,,
3803.3,52.3898096,4.5414245,7.2,,
3808.3,52.3898512,4.5414525,7.2,,
3813.3,52.3898928,4.5414804,7.2,,
3818.3,52.3899343,4.5415084,7.2,,
3823.3,52.3899759,4.5415364,7.2,,
3828.3,52.3900175,4.5415644,7.2,,
3833.3,52.3900591,4.5415923,7.1,,
3838.3,52.3901007,4.5416203,7.1,,
3843.3,52.3901422,4.5416483,7.1,,
3848.3,52.3901838,4.5416763,7.0,,
3853.3,52.3902254,4.5417042,7.0,,
3858.3,52.3902670,4.5417322,6.9,,
3863.3,52.3903085,4.5417602,6.9,,
3868.3,52.3903501,4.5417882,6.8,,
3873.3,52.3903917,4.5418161,6.8,,
3878.3,52.3904333,4.5418441,6.7,,
3883.3,52.3904748,4.5418721,6.7,,
3888.3,52.3905164,4.5419001,6.6,,
3893.3,52.3905580,4.5419280,6.6,,
3898.3,52.3905996,4.5419560,6.6,,
3903.3,52.3906412,4.5419840,6.6,,
3908.3,52.3906827,4.5420120,6.6,,
3913.3,52.3907243,4.5420399,6.6,,
3918.3,52.3907659,4.5420679,6.6,,
3923.3,52.3908075,4.5420959,6.6,,
3928.3,52.3908490,4.5421239,6.7,,
3933.3,52.3908906,4.5421518,6.7,,
3938.3,52.3909322,4.5421798,6.8,,
3943.3,52.3909738,4.5422078,6.8,,
3948.3,52.3910154,4.5422357,6.9,,
3953.3,52.3910569,4.5422637,7.0,,
3958.3,52.3910985,4.5422917,7.0,,
3963.3,52.3911401,4.5423197,7.1,,
3968.3,52.3911817,4.5423476,7.2,,
3973.3,52.3912232,4.5423756,7.3,,
3978.2,52.3912648,4.5424036,7.4,,
3983.2,52.3913064,4.5424316,7.5,,
3988.2,52.3913480,4.5424595,7.6,,
3993.2,52.3913896,4.5424875,7.7,,
3998.2,52.3914311,4.5425155,7.8,,
4003.2,52.3914727,4.5425435,7.8,,
4008.2,52.3915143,4.5425714,7.9,,
4013.2,52.3915559,4.5425994,8.0,,
4018.2,52.3915974,4.5426274,8.1,,
4023.2,52.3916381,4.5426584,8.2,,
4028.2,52.3916768,4.5426958,8.2,,
4033.2,52.3917123,4.5427408,8.3,,
4038.2,52.3917434,4.5427938,8.3,,
4043.2,52.3917702,4.5428527,8.4,,
4048.2,52.3917932,4.5429159,8.4,,
4053.2,52.3918115,4.5429829,8.4,,
4058.2,52.3918240,4.5430535,8.4,,
4063.2,52.3918312,4.5431261,8.4,,
4068.2,52.3918346,4.5431994,8.4,,
4073.2,52.3918305,4.5432728,8.4,,
4078.2,52.3918203,4.5433445,8.4,,
4083.2,52.3918055,4.5434137,8.3,,
4088.2,52.3917856,4.5434795,8.3,,
4093.2,52.3917603,4.5435402,8.2,,
4098.2,52.3917300,4.5435945,8.1,,
4103.2,52.3916964,4.5436433,8.1,,
4108.2,52.3916604,4.5436876,8.0,,
4113.2,52.3916212,4.5437234,7.9,,
4118.2,52.3915798,4.5437518,7.8,,
4123.2,52.3915365,4.5437706,7.7,,
4128.2,52.3914921,4.5437809,7.6,,
4133.2,52.3914473,4.5437848,7.5,,
4138.2,52.3914025,4.5437802,7.4,,
4143.2,52.3913585,4.5437654,7.2,,
4148.2,52.3913157,4.5437430,7.1,,
4153.2,52.3912740,4.5437156,7.0,,
4158.2,52.3912323,4.5436882,6.9,,
4163.2,52.3911906,4.5436608,6.8,,
4168.2,52.3911489,4.5436334,6.7,,
4173.2,52.3911071,4.5436060,6.6,,
4178.2,52.3910654,4.5435786,6.5,,
4183.2,52.3910237,4.5435512,6.4,,
4188.2,52.3909820,4.5435238,6.3,,
4193.2,52.3909402,4.5434964,6.2,,
4198.2,52.3908985,4.5434690,6.1,,
4203.2,52.3908568,4.5434416,6.0,,
4208.1,52.3908151,4.5434142,5.9,,
4213.1,52.3907738,4.5433851,5.9,,
4218.1,52.3907328,4.5433550,5.8,,
4223.1,52.3906918,4.5433249,5.8,,
4228.1,52.3906508,4.5432948,5.7,,
4233.1,52.3906098,4.5432646,5.7,,
4238.1,52.3905687,4.5432345,5.7,,
4243.1,52.3905277,4.5432044,5.7,,
4248.1,52.3904867,4.5431742,5.7,,
